ID,deaths_r,deaths_nr,deaths,pestfield,dis_pestf,dis_sewers,dis_bspump,death_dum,COORD_X,COORD_Y
1,100,0,100,1,10.080000000000000,10.080000000000000,125.000000000000000,1,531286.397348988,181084.117356811000000
2,1,0,1,1,14.640000000000000,14.640000000000000,119.940000000000000,1,529289.814975724000000,181079.748105530000000
3,0,0,0,1,18.470000000000000,18.470000000000000,116.270000000000000,0,529291.730636904000000,181075.340644469000000
4,0,0,0,1,22.980000000000000,22.980000000000000,112.560000000000000,0,529293.511414537000000,181070.327563573000000
5,0,0,0,1,27.470000000000000,27.470000000000000,109.100000000000000,0,529295.355045436000000,181065.797833358000000
6,5,0,5,1,32.210000000000000,32.210000000000000,105.540000000000000,1,529297.423975696000000,181061.273835793000000
7,1,0,1,1,42.770000000000000,42.770000000000000,101.430000000000000,1,529300.171861234000000,181056.646675531000000
8,0,0,0,1,36.430000000000000,36.430000000000000,97.560000000000000,0,529302.427744644000000,181050.682183083000000
9,0,0,0,1,31.480000000000000,31.480000000000000,94.080000000000000,0,529304.872181553000000,181046.167742170000000
10,0,0,0,1,32.310000000000000,32.310000000000000,112.860000000000000,0,529286.446605292000000,181000.330925070000000
11,0,0,0,1,24.910000000000000,24.910000000000000,111.190000000000000,0,529289.868293883000000,180993.759381020000000
12,0,0,0,1,20.730000000000000,20.730000000000000,110.200000000000000,0,529292.037407034000000,180990.152338743000000
13,0,0,0,1,15.970000000000000,15.970000000000000,108.990000000000000,0,529294.771411273000000,180986.115762552000000
14,0,0,0,1,8.720000000000000,8.720000000000000,107.900000000000000,0,529298.674700051000000,180979.667452641000000
15,0,0,0,1,36.060000000000000,40.170000000000000,120.910000000000000,0,529275.729623602000000,181020.816683935000000
16,0,0,0,1,32.430000000000000,32.430000000000000,116.530000000000000,0,529280.044654354000000,181023.740364360000000
17,2,0,2,1,29.430000000000000,29.430000000000000,112.610000000000000,1,529283.959171745000000,181026.061456743000000
18,2,0,2,1,26.940000000000000,26.940000000000000,108.830000000000000,1,529287.781336995000000,181028.380202862000000
19,1,0,1,1,25.420000000000000,25.420000000000000,105.570000000000000,1,529291.139873238000000,181030.761207388000000
20,1,0,1,1,25.790000000000000,25.790000000000000,103.480000000000000,1,529293.461862699000000,181033.930397737000000
21,0,0,0,1,48.880000000000000,48.880000000000000,65.820000000000000,0,529338.478354224000000,181056.036497690000000
22,0,0,0,1,46.770000000000000,46.770000000000000,61.820000000000000,0,529340.785094145000000,181051.726345339000000
23,1,0,1,1,58.180000000000000,44.460000000000000,124.830000000000000,1,529271.760778704000000,181027.731725489000000
24,0,0,0,1,54.640000000000000,40.640000000000000,127.800000000000000,0,529268.928333169000000,181031.602287159000000
25,0,0,0,1,51.640000000000000,42.510000000000000,129.960000000000000,0,529266.980488145000000,181034.963864254000000
26,0,0,0,1,37.300000000000000,37.300000000000000,133.370000000000000,0,529264.018025314000000,181039.863065929000000
27,0,0,0,1,32.940000000000000,32.940000000000000,136.370000000000000,0,529261.442583664000000,181043.492942021000000
28,1,0,1,1,28.750000000000000,28.750000000000000,139.070000000000000,1,529259.303046532000000,181047.418166479000000
29,0,0,0,1,24.740000000000000,24.740000000000000,142.150000000000000,0,529256.738449611000000,181050.621930234000000
30,6,0,6,1,19.830000000000000,19.830000000000000,145.930000000000000,1,529253.705442492000000,181054.808692551000000
31,0,0,0,1,15.770000000000000,15.770000000000000,149.170000000000000,0,529251.215027877000000,181058.582865930000000
32,0,0,0,1,12.430000000000000,12.430000000000000,152.100000000000000,0,529249.082729183000000,181062.224018110000000
33,0,0,0,1,9.880000000000000,9.880000000000000,154.720000000000000,0,529246.982944500000000,181064.586827149000000
34,0,0,0,1,9.990000000000000,9.990000000000000,170.850000000000000,0,529233.152429267000000,181074.894861469000000
35,0,0,0,1,11.830000000000000,11.830000000000000,167.330000000000000,0,529237.695899388000000,181077.568743454000000
36,0,0,0,1,14.860000000000000,14.860000000000000,163.230000000000000,0,529242.700549398000000,181079.543707717000000
37,0,0,0,1,18.610000000000000,18.610000000000000,159.790000000000000,0,529247.084823081000000,181081.502899405000000
38,0,0,0,1,23.950000000000000,23.950000000000000,155.580000000000000,0,529252.606763498000000,181084.059550109000000
39,0,0,0,1,18.740000000000000,18.740000000000000,151.490000000000000,0,529257.710864355000000,181085.610668726000000
40,0,0,0,1,13.190000000000000,13.190000000000000,147.170000000000000,0,529263.420882890000000,181087.745724922000000
41,0,0,0,1,8.950000000000000,8.950000000000000,143.160000000000000,0,529269.966559750000000,181091.891866005000000
42,1,0,1,1,34.020000000000000,34.020000000000000,116.110000000000000,1,529283.745033823000000,181052.495190588000000
43,2,0,2,1,37.760000000000000,37.760000000000000,113.230000000000000,1,529285.933536879000000,181049.178608033000000
44,0,0,0,1,42.870000000000000,42.870000000000000,109.920000000000000,0,529288.381021426000000,181044.543799554000000
45,0,0,0,1,33.470000000000000,33.470000000000000,107.410000000000000,0,529290.413208482000000,181041.464117518000000
46,2,0,2,1,17.610000000000000,17.610000000000000,103.340000000000000,1,529293.836759739000000,181013.750041849000000
47,0,0,0,1,12.330000000000000,12.330000000000000,97.730000000000000,0,529299.160767631000000,181017.059538302000000
48,2,0,2,1,10.930000000000000,10.930000000000000,95.190000000000000,1,529302.805257034000000,181008.588061844000000
49,0,0,0,1,12.850000000000000,12.850000000000000,93.690000000000000,0,529305.250022095000000,181004.074664165000000
50,0,0,0,1,16.210000000000000,16.210000000000000,92.150000000000000,0,529308.024076001000000,180999.517052727000000
51,2,0,2,1,20.160000000000000,20.160000000000000,90.750000000000000,1,529310.857037594000000,180995.223907002000000
52,5,0,5,1,26.480000000000000,26.480000000000000,91.130000000000000,1,529312.894840423000000,180988.943960828000000
53,3,0,3,1,20.490000000000000,20.490000000000000,90.350000000000000,1,529316.167960600000000,180983.832560642000000
54,0,0,0,1,23.070000000000000,23.070000000000000,90.530000000000000,0,529323.858000087000000,180971.120236640000000
55,1,0,1,1,25.690000000000000,25.690000000000000,91.600000000000000,1,529325.528596678000000,180967.227380768000000
56,0,0,0,1,29.240000000000000,29.240000000000000,92.650000000000000,0,529328.302948057000000,180962.418124795000000
57,1,0,1,1,33.950000000000000,33.950000000000000,95.680000000000000,1,529328.921838735000000,180957.396604035000000
58,1,0,1,1,43.160000000000000,31.660000000000000,97.510000000000000,1,529337.623624738000000,180947.386094615000000
59,2,0,2,1,34.540000000000000,37.330000000000000,39.850000000000000,1,529370.597222017000000,180994.820113204000000
60,1,1,2,1,29.470000000000000,29.470000000000000,45.170000000000000,1,529365.757448198000000,180992.020863800000000
61,0,0,0,1,24.460000000000000,24.460000000000000,49.750000000000000,0,529360.787478151000000,180990.477623099000000
62,3,0,3,1,21.060000000000000,21.060000000000000,54.630000000000000,1,529357.137592642000000,180987.236425652000000
63,2,0,2,1,15.960000000000000,15.960000000000000,59.960000000000000,1,529351.484519512000000,180985.518392501000000
64,3,0,3,1,12.180000000000000,12.180000000000000,64.320000000000000,1,529346.801003147000000,180984.297286221000000
65,1,0,1,1,10.490000000000000,10.490000000000000,70.410000000000000,1,529341.376267080000000,180981.325758388000000
66,3,0,3,1,12.950000000000000,12.950000000000000,76.360000000000000,1,529336.756800416000000,180977.587656490000000
67,0,0,0,1,19.700000000000000,19.700000000000000,77.220000000000000,0,529341.039550911000000,180971.400062488000000
68,2,0,2,1,24.290000000000000,24.290000000000000,78.770000000000000,1,529343.110798095000000,180967.202578978000000
69,3,0,3,1,56.310000000000000,56.310000000000000,58.650000000000000,1,529341.974925542000000,181046.540078415000000
70,1,0,1,1,50.890000000000000,50.890000000000000,53.990000000000000,1,529344.871995219000000,181040.685218040000000
71,0,0,0,1,46.140000000000000,46.140000000000000,50.000000000000000,0,529347.599882769000000,181035.261104214000000
72,0,0,0,1,42.520000000000000,42.520000000000000,45.630000000000000,0,529351.228824430000000,181030.348240527000000
73,1,0,1,1,37.580000000000000,37.580000000000000,42.810000000000000,1,529353.756303335000000,181023.820320134000000
74,0,0,0,1,35.930000000000000,35.930000000000000,36.750000000000000,0,529360.711322808000000,181016.916783427000000
75,0,0,0,1,11.560000000000000,11.560000000000000,72.880000000000000,0,529328.489353542000000,180999.005683031000000
76,0,0,0,1,11.790000000000000,11.790000000000000,67.290000000000000,0,529333.365933529000000,181001.937593387000000
77,2,0,2,1,15.200000000000000,15.200000000000000,61.490000000000000,1,529338.223878858000000,181005.601506692000000
78,0,0,0,1,17.610000000000000,17.610000000000000,56.580000000000000,0,529342.991671071000000,181006.821556153000000
79,1,0,1,1,25.200000000000000,25.200000000000000,48.230000000000000,1,529350.260691369000000,181011.523475284000000
80,1,0,1,1,31.370000000000000,31.370000000000000,41.460000000000000,1,529356.428227444000000,181014.610345306000000
81,0,0,0,1,25.790000000000000,25.790000000000000,90.700000000000000,0,529307.239648198000000,181040.826274679000000
82,4,0,4,1,19.720000000000000,19.720000000000000,87.150000000000000,1,529309.976807317000000,181035.036142166000000
83,0,0,0,1,14.920000000000000,14.920000000000000,83.950000000000000,0,529312.765260609000000,181030.223945633000000
84,3,0,3,1,11.070000000000000,11.070000000000000,80.550000000000000,1,529316.010453972000000,181025.423372395000000
85,2,0,2,1,8.320000000000000,8.320000000000000,78.580000000000000,1,529318.123127713000000,181020.227746887000000
86,2,0,2,1,8.110000000000000,8.110000000000000,77.720000000000000,1,529319.471474409000000,181015.134751652000000
87,1,0,1,1,12.390000000000000,12.390000000000000,75.490000000000000,1,529322.570646446000000,181010.086309012000000
88,4,0,4,1,16.480000000000000,16.480000000000000,74.860000000000000,1,529324.369527497000000,181005.248936849000000
89,0,0,0,1,12.470000000000000,12.470000000000000,74.290000000000000,0,529327.046122918000000,180998.846877627000000
90,4,0,4,1,39.890000000000000,39.890000000000000,114.300000000000000,1,529283.639252975000000,181007.386684352000000
91,3,0,3,1,23.430000000000000,23.430000000000000,109.060000000000000,1,529288.518952332000000,181010.196551688000000
92,0,0,0,0,283.230000000000000,51.720000000000000,442.990000000000000,0,528996.140463365000000,181214.414173717000000
93,0,0,0,0,277.550000000000000,46.510000000000000,437.450000000000000,0,529000.488296311000000,181210.630540467000000
94,0,0,0,0,266.860000000000000,34.830000000000000,427.400000000000000,0,529006.918860110000000,181200.572031408000000
95,0,0,0,0,270.700000000000000,41.830000000000000,430.530000000000000,0,529006.834797495000000,181207.871148837000000
96,0,0,0,0,262.700000000000000,28.740000000000000,423.730000000000000,0,529008.285179150000000,181194.603465829000000
97,0,0,0,0,257.430000000000000,20.300000000000000,419.150000000000000,0,529009.616193419000000,181186.038003786000000
98,0,0,0,0,252.480000000000000,13.220000000000000,414.680000000000000,0,529011.614227528000000,181179.111975784000000
99,0,0,0,0,248.260000000000000,6.960000000000000,410.910000000000000,0,529013.001138156000000,181172.332683828000000
100,0,0,0,0,255.880000000000000,14.280000000000000,418.610000000000000,0,529005.558200313000000,181174.415235691000000
101,0,0,0,0,242.240000000000000,16.590000000000000,406.340000000000000,0,529008.959387145000000,181146.878630988000000
102,0,0,0,0,233.480000000000000,10.320000000000000,397.360000000000000,0,529019.068504955000000,181148.986158577000000
103,0,0,0,0,229.820000000000000,18.210000000000000,393.990000000000000,0,529020.078303986000000,181141.052979442000000
104,0,0,0,0,211.580000000000000,19.020000000000000,376.070000000000000,0,529031.058960194000000,181113.383367716000000
105,0,0,0,0,208.890000000000000,15.170000000000000,373.270000000000000,0,529032.382139157000000,181106.753768437000000
106,0,0,0,0,203.930000000000000,11.510000000000000,368.140000000000000,0,529036.138346136000000,181099.815768294000000
107,0,0,0,0,188.670000000000000,27.230000000000000,351.500000000000000,0,529048.814977361000000,181076.041121623000000
108,0,0,0,0,185.170000000000000,15.550000000000000,347.100000000000000,0,529052.032932722000000,181066.883429552000000
109,0,0,0,0,181.410000000000000,11.570000000000000,343.080000000000000,0,529055.799379871000000,181064.504234119000000
110,0,0,0,0,179.010000000000000,9.980000000000000,340.130000000000000,0,529058.278650166000000,181060.112480195000000
111,0,0,0,0,170.820000000000000,22.890000000000000,328.880000000000000,0,529068.122205239000000,181041.388681800000000
112,0,0,0,0,167.540000000000000,25.480000000000000,325.120000000000000,0,529071.781611409000000,181039.171768166000000
113,0,0,0,0,166.140000000000000,30.730000000000000,322.660000000000000,0,529074.067710661000000,181034.280146691000000
114,0,0,0,0,164.230000000000000,36.850000000000000,319.420000000000000,0,529077.193602441000000,181028.749897720000000
115,0,0,0,0,162.540000000000000,30.410000000000000,316.280000000000000,0,529080.319500696000000,181023.219650608000000
116,0,0,0,0,161.630000000000000,24.690000000000000,313.750000000000000,0,529082.935193871000000,181017.511456760000000
117,0,0,0,0,160.830000000000000,18.540000000000000,310.930000000000000,0,529085.983352824000000,181010.989301473000000
118,0,0,0,0,158.870000000000000,13.220000000000000,307.350000000000000,0,529089.804302592000000,181006.466650592000000
119,0,0,0,0,158.840000000000000,9.870000000000000,304.810000000000000,0,529092.865040936000000,180999.449850081000000
120,0,0,0,0,163.150000000000000,13.460000000000000,294.840000000000000,0,529107.595804276000000,180966.661169059000000
121,0,0,0,0,164.540000000000000,20.710000000000000,289.460000000000000,0,529115.827617992000000,180954.661075299000000
122,0,0,0,0,168.870000000000000,33.780000000000000,286.430000000000000,0,529122.537193351000000,180941.797370856000000
123,0,0,0,0,169.960000000000000,39.820000000000000,283.880000000000000,0,529126.893578676000000,180936.463401149000000
124,0,0,0,0,172.440000000000000,47.530000000000000,282.850000000000000,0,529129.920889915000000,180930.765686520000000
125,0,0,0,0,174.360000000000000,53.520000000000000,280.670000000000000,0,529134.392742190000000,180924.939687954000000
126,0,0,0,0,178.210000000000000,61.970000000000000,279.240000000000000,0,529139.124833544000000,180916.975442168000000
127,0,0,0,0,181.520000000000000,67.250000000000000,279.610000000000000,0,529140.900825257000000,180911.905895687000000
128,0,0,0,0,184.580000000000000,44.600000000000000,278.080000000000000,0,529145.488157309000000,180905.587871719000000
129,0,0,0,0,188.060000000000000,38.820000000000000,277.990000000000000,0,529148.305551367000000,180900.049822050000000
130,0,0,0,0,191.820000000000000,33.450000000000000,278.310000000000000,0,529150.814303963000000,180894.503930574000000
131,0,0,0,0,242.960000000000000,34.560000000000000,400.070000000000000,0,529042.205078583000000,181210.669641002000000
132,0,0,0,0,240.170000000000000,31.060000000000000,397.690000000000000,0,529043.017322460000000,181207.060498593000000
133,0,0,0,0,237.030000000000000,28.100000000000000,394.850000000000000,0,529044.541326277000000,181203.799409187000000
134,0,0,0,0,234.880000000000000,22.670000000000000,393.460000000000000,0,529043.440794110000000,181198.491800717000000
135,0,0,0,0,230.160000000000000,18.650000000000000,389.170000000000000,0,529045.829680561000000,181193.602779361000000
136,0,0,0,0,220.630000000000000,9.580000000000000,381.170000000000000,0,529048.045726818000000,181179.304971400000000
137,0,0,0,0,216.440000000000000,11.020000000000000,377.470000000000000,0,529049.727049812000000,181173.903015383000000
138,0,0,0,0,212.590000000000000,17.710000000000000,374.130000000000000,0,529051.001055797000000,181168.325726769000000
139,0,0,0,0,208.760000000000000,13.140000000000000,370.810000000000000,0,529052.180561521000000,181162.416059721000000
140,0,0,0,0,204.220000000000000,11.220000000000000,366.730000000000000,0,529054.187273365000000,181156.362410266000000
141,0,0,0,0,189.060000000000000,8.820000000000000,353.000000000000000,0,529060.542998542000000,181133.095315573000000
142,0,0,0,0,184.300000000000000,15.970000000000000,348.520000000000000,0,529062.990552558000000,181125.897938507000000
143,0,0,0,0,180.240000000000000,21.310000000000000,344.590000000000000,0,529065.589430733000000,181120.849268464000000
144,0,0,0,0,176.760000000000000,26.680000000000000,341.210000000000000,0,529067.673924247000000,181115.787535567000000
145,0,0,0,0,171.870000000000000,33.500000000000000,336.380000000000000,0,529071.022271551000000,181109.602976313000000
146,0,0,0,0,167.930000000000000,29.860000000000000,332.430000000000000,0,529073.732418785000000,181104.227156985000000
147,0,0,0,0,163.830000000000000,24.250000000000000,328.250000000000000,0,529076.751206187000000,181098.859178044000000
148,0,0,0,0,159.660000000000000,17.990000000000000,323.900000000000000,0,529079.795127351000000,181092.501902290000000
149,0,0,0,0,156.590000000000000,13.380000000000000,320.600000000000000,0,529082.089589963000000,181087.280518133000000
150,0,0,0,0,154.040000000000000,10.720000000000000,317.810000000000000,0,529084.148983235000000,181083.208090295000000
151,0,0,0,0,150.720000000000000,9.000000000000000,314.100000000000000,0,529086.962035512000000,181077.834890925000000
152,0,0,0,0,141.040000000000000,10.220000000000000,302.340000000000000,0,529096.270331048000000,181059.922494971000000
153,0,0,0,0,137.810000000000000,15.880000000000000,298.010000000000000,0,529099.935760759000000,181053.416028122000000
154,0,0,0,0,134.750000000000000,22.960000000000000,293.570000000000000,0,529103.815335363000000,181046.585024741000000
155,0,0,0,0,132.010000000000000,31.780000000000000,288.860000000000000,0,529108.037068622000000,181038.442800492000000
156,0,0,0,0,129.370000000000000,31.350000000000000,284.350000000000000,0,529112.319805103000000,181031.952024006000000
157,0,0,0,0,128.450000000000000,26.130000000000000,281.890000000000000,0,529114.708826605000000,181027.063033900000000
158,0,0,0,0,126.720000000000000,18.610000000000000,277.520000000000000,0,529119.115405931000000,181019.750461372000000
159,0,0,0,0,126.490000000000000,12.810000000000000,274.780000000000000,0,529122.056541818000000,181013.390596230000000
160,0,0,0,0,126.330000000000000,9.370000000000000,272.070000000000000,0,529125.087996818000000,181007.527995854000000
161,0,0,0,0,125.990000000000000,17.540000000000000,265.730000000000000,0,529132.492560852000000,180995.671900366000000
162,0,0,0,0,126.390000000000000,13.890000000000000,263.690000000000000,0,529135.074808950000000,180991.282796865000000
163,0,0,0,0,127.040000000000000,11.190000000000000,261.050000000000000,0,529138.509433616000000,180985.760426935000000
164,0,0,0,0,128.330000000000000,12.530000000000000,258.040000000000000,0,529142.697748882000000,180978.937294909000000
165,0,0,0,0,130.090000000000000,15.150000000000000,256.900000000000000,0,529144.773989349000000,180974.205358619000000
166,0,0,0,0,131.510000000000000,19.750000000000000,254.970000000000000,0,529147.780351493000000,180969.332069594000000
167,0,0,0,0,134.110000000000000,24.890000000000000,253.840000000000000,0,529150.293264466000000,180963.621294830000000
168,0,0,0,0,135.910000000000000,30.870000000000000,251.740000000000000,0,529153.822423540000000,180958.431315441000000
169,0,0,0,0,138.750000000000000,37.130000000000000,250.350000000000000,0,529156.956825696000000,180952.571347955000000
170,0,0,0,0,141.260000000000000,34.980000000000000,248.700000000000000,0,529160.387307690000000,180947.213875362000000
171,0,0,0,0,143.920000000000000,33.880000000000000,247.240000000000000,0,529163.710724697000000,180942.018673335000000
172,0,0,0,0,147.720000000000000,34.710000000000000,246.590000000000000,0,529166.643574740000000,180935.988599172000000
173,0,0,0,0,152.170000000000000,36.740000000000000,245.170000000000000,0,529171.153182466000000,180928.678685055000000
174,0,0,0,0,198.500000000000000,22.340000000000000,277.570000000000000,0,529157.568258902000000,180883.951247630000000
175,0,0,0,0,203.570000000000000,17.070000000000000,278.170000000000000,0,529161.143568712000000,180876.947559672000000
176,0,0,0,0,157.570000000000000,45.240000000000000,243.790000000000000,0,529176.408120905000000,180920.397781347000000
177,0,0,0,0,162.420000000000000,38.720000000000000,243.760000000000000,0,529179.662215977000000,180913.880910265000000
178,0,0,0,0,165.830000000000000,31.790000000000000,243.010000000000000,0,529183.080172729000000,180909.018101564000000
179,0,0,0,0,169.390000000000000,27.090000000000000,243.430000000000000,0,529185.045211178000000,180904.613332096000000
180,0,0,0,0,177.190000000000000,16.840000000000000,243.380000000000000,0,529191.062284758000000,180894.701918850000000
181,0,0,0,0,216.910000000000000,9.930000000000000,278.490000000000000,0,529173.452825212000000,180858.451593380000000
182,0,0,0,0,223.900000000000000,18.150000000000000,286.820000000000000,0,529166.998207281000000,180853.172871855000000
183,0,0,0,0,219.650000000000000,13.180000000000000,281.810000000000000,0,529170.828150138000000,180856.405011030000000
184,0,0,0,0,135.910000000000000,9.310000000000000,245.000000000000000,0,529198.517451388000000,180880.867320269000000
185,0,0,0,0,171.180000000000000,13.900000000000000,279.540000000000000,0,529176.480230332000000,180852.753905559000000
186,0,0,0,0,173.580000000000000,19.930000000000000,281.230000000000000,0,529179.421521889000000,180846.394072456000000
187,0,0,0,0,175.040000000000000,25.890000000000000,281.870000000000000,0,529183.374891790000000,180840.719923674000000
188,0,0,0,0,178.030000000000000,33.240000000000000,283.890000000000000,0,529186.740305889000000,180833.875905972000000
189,0,0,0,0,180.460000000000000,28.200000000000000,285.290000000000000,0,529190.603382769000000,180827.704498488000000
190,0,0,0,0,182.750000000000000,29.580000000000000,286.510000000000000,0,529194.453894731000000,180822.027742831000000
191,0,0,0,0,136.890000000000000,13.460000000000000,245.190000000000000,0,529202.787850770000000,180874.871266585000000
192,0,0,0,0,137.810000000000000,17.240000000000000,245.510000000000000,0,529205.460523093000000,180870.979462174000000
193,0,0,0,0,138.780000000000000,21.870000000000000,245.780000000000000,0,529208.446040164000000,180866.930622890000000
194,0,0,0,0,140.660000000000000,15.810000000000000,246.580000000000000,0,529212.296545847000000,180861.253880605000000
195,0,0,0,0,142.880000000000000,11.200000000000000,247.860000000000000,0,529214.994384215000000,180856.372783055000000
196,0,0,0,0,145.450000000000000,7.930000000000000,249.260000000000000,0,529218.326295852000000,180850.847849600000000
197,0,0,0,0,148.470000000000000,9.800000000000000,250.840000000000000,0,529222.292284000000000,180844.679081451000000
198,0,0,0,0,186.570000000000000,34.120000000000000,288.690000000000000,0,529199.914738787000000,180813.752092924000000
199,0,0,0,0,189.190000000000000,37.520000000000000,290.560000000000000,0,529201.772747666000000,180809.509597295000000
200,0,0,0,0,155.830000000000000,20.620000000000000,255.400000000000000,0,529228.672647610000000,180832.632080001000000
201,0,0,0,0,158.440000000000000,26.750000000000000,256.550000000000000,0,529232.605120966000000,180827.782383546000000
202,0,0,0,0,162.150000000000000,34.370000000000000,258.390000000000000,0,529237.291330471000000,180821.631939275000000
203,0,0,0,0,194.250000000000000,45.840000000000000,293.430000000000000,0,529208.608837887000000,180799.784010403000000
204,0,0,0,0,197.140000000000000,50.550000000000000,295.230000000000000,0,529211.718239106000000,180794.913373382000000
205,0,0,0,0,200.990000000000000,38.780000000000000,297.900000000000000,0,529214.642836507000000,180789.213091900000000
206,0,0,0,0,202.220000000000000,33.680000000000000,297.910000000000000,0,529219.052021713000000,180785.860410269000000
207,0,0,0,0,207.820000000000000,26.100000000000000,302.170000000000000,0,529221.705706927000000,180778.668338552000000
208,0,0,0,0,209.560000000000000,21.670000000000000,302.880000000000000,0,529225.081864894000000,180775.454386747000000
209,0,0,0,0,215.270000000000000,12.600000000000000,306.740000000000000,0,529229.810032759000000,180767.655105630000000
210,0,0,0,0,165.290000000000000,45.570000000000000,260.370000000000000,0,529239.770865490000000,180817.240271072000000
211,0,0,0,0,167.330000000000000,41.000000000000000,261.080000000000000,0,529243.361165324000000,180813.701797931000000
212,0,0,0,0,171.790000000000000,34.970000000000000,264.210000000000000,0,529245.767175592000000,180808.153335420000000
213,0,0,0,0,174.610000000000000,30.410000000000000,265.800000000000000,0,529248.645681933000000,180804.266785679000000
214,0,0,0,0,178.840000000000000,24.700000000000000,268.670000000000000,0,529251.351968781000000,180799.055940844000000
215,0,0,0,0,181.850000000000000,20.170000000000000,270.280000000000000,0,529254.749099754000000,180795.017593710000000
216,0,0,0,0,185.020000000000000,15.980000000000000,271.900000000000000,0,529258.561967551000000,180790.824832134000000
217,0,0,0,0,189.360000000000000,11.510000000000000,274.470000000000000,0,529262.712849735000000,180785.485742565000000
218,0,0,0,0,192.650000000000000,7.300000000000000,276.540000000000000,0,529265.488496344000000,180781.596585416000000
219,0,0,0,0,227.330000000000000,6.270000000000000,314.040000000000000,0,529243.308287710000000,180751.004408028000000
220,0,0,0,0,223.260000000000000,7.810000000000000,314.310000000000000,0,529227.949370971000000,180759.853286432000000
221,0,0,0,0,232.610000000000000,11.440000000000000,318.180000000000000,0,529245.726901575000000,180744.961296622000000
222,0,0,0,0,236.940000000000000,18.000000000000000,321.070000000000000,0,529249.672032865000000,180739.616963750000000
223,0,0,0,0,241.370000000000000,24.020000000000000,324.260000000000000,0,529252.892779218000000,180734.419201600000000
224,0,0,0,0,246.520000000000000,30.610000000000000,328.120000000000000,0,529256.130304599000000,180728.561909598000000
225,0,0,0,0,257.560000000000000,31.190000000000000,336.410000000000000,0,529263.342352603000000,180716.206116314000000
226,0,0,0,0,262.400000000000000,24.870000000000000,340.010000000000000,0,529266.773092353000000,180710.848713040000000
227,0,0,0,0,266.620000000000000,18.880000000000000,342.970000000000000,0,529270.495723454000000,180706.158694184000000
228,0,0,0,0,204.720000000000000,6.960000000000000,284.870000000000000,0,529273.655822675000000,180768.110176464000000
229,0,0,0,0,207.820000000000000,11.710000000000000,286.600000000000000,0,529277.143294370000000,180764.569109638000000
230,0,0,0,0,213.170000000000000,17.690000000000000,290.520000000000000,0,529280.273752246000000,180758.874098646000000
231,0,0,0,0,217.660000000000000,23.960000000000000,293.400000000000000,0,529284.309214078000000,180754.027058046000000
232,0,0,0,0,223.190000000000000,31.320000000000000,297.100000000000000,0,529288.884276081000000,180748.203808752000000
233,0,0,0,0,229.840000000000000,42.420000000000000,301.970000000000000,0,529293.175858033000000,180741.383413957000000
234,0,0,0,0,237.030000000000000,32.120000000000000,307.130000000000000,0,529298.406006076000000,180734.091930105000000
235,0,0,0,0,243.530000000000000,24.950000000000000,311.900000000000000,0,529302.894994089000000,180727.606543898000000
236,0,0,0,0,249.770000000000000,18.620000000000000,316.770000000000000,0,529306.449629703000000,180721.427369544000000
237,0,0,0,0,255.070000000000000,13.940000000000000,320.900000000000000,0,529309.567559762000000,180716.227024826000000
238,0,0,0,0,260.420000000000000,13.070000000000000,324.780000000000000,0,529313.817244004000000,180711.055476289000000
239,0,0,0,0,265.640000000000000,7.900000000000000,328.830000000000000,0,529317.136764892000000,180706.025254363000000
240,0,0,0,0,279.030000000000000,7.620000000000000,338.870000000000000,0,529327.238207113000000,180693.413080976000000
241,0,0,0,0,279.830000000000000,13.110000000000000,337.920000000000000,0,529333.008245214000000,180693.229923260000000
242,0,0,0,0,279.400000000000000,21.860000000000000,334.960000000000000,0,529341.205602562000000,180694.758438182000000
243,0,0,0,0,261.130000000000000,15.200000000000000,321.980000000000000,0,529325.036033940000000,180711.175932626000000
244,0,0,0,0,261.490000000000000,16.440000000000000,318.770000000000000,0,529336.130959417000000,180712.118210258000000
245,0,0,0,0,254.720000000000000,14.300000000000000,310.920000000000000,0,529339.547357174000000,180719.464694932000000
246,0,0,0,0,282.880000000000000,21.190000000000000,329.230000000000000,0,529369.873171873000000,180696.972951045000000
247,0,0,0,0,285.250000000000000,21.180000000000000,328.960000000000000,0,529377.910909548000000,180696.682575761000000
248,0,0,0,0,276.430000000000000,5.900000000000000,307.820000000000000,0,529380.567347052000000,180717.703894907000000
249,0,0,0,0,251.900000000000000,10.570000000000000,300.660000000000000,0,529360.676901756000000,180726.602024341000000
250,0,0,0,0,250.220000000000000,19.210000000000000,307.600000000000000,0,529336.150110082000000,180723.502986799000000
251,0,0,0,0,245.010000000000000,25.330000000000000,303.890000000000000,0,529331.912998819000000,180728.179868142000000
252,0,0,0,0,239.290000000000000,37.790000000000000,299.340000000000000,0,529328.790856306000000,180733.545082413000000
253,0,0,0,0,234.890000000000000,41.170000000000000,296.230000000000000,0,529325.290741051000000,180737.580763347000000
254,0,0,0,0,228.680000000000000,45.540000000000000,291.560000000000000,0,529321.332940482000000,180743.419687585000000
255,0,0,0,0,224.480000000000000,45.890000000000000,288.970000000000000,0,529317.116834637000000,180747.272166226000000
256,0,0,0,0,220.560000000000000,48.880000000000000,286.270000000000000,0,529314.036669367000000,180750.988559861000000
257,0,0,0,0,215.350000000000000,41.450000000000000,282.450000000000000,0,529310.717177985000000,180756.018783615000000
258,0,0,0,0,212.670000000000000,37.950000000000000,280.820000000000000,0,529308.077927565000000,180758.591470677000000
259,0,0,0,0,207.720000000000000,31.570000000000000,277.800000000000000,0,529303.322249752000000,180763.420170301000000
260,0,0,0,0,201.800000000000000,25.490000000000000,272.840000000000000,0,529301.627963341000000,180769.316694539000000
261,0,0,0,0,246.870000000000000,15.410000000000000,296.170000000000000,0,529358.909028522000000,180731.341731318000000
262,0,0,0,0,241.820000000000000,20.400000000000000,292.600000000000000,0,529354.684490749000000,180735.523945171000000
263,0,0,0,0,238.060000000000000,25.490000000000000,289.500000000000000,0,529352.744425138000000,180738.939353762000000
264,0,0,0,0,236.250000000000000,26.860000000000000,288.690000000000000,0,529350.035828628000000,180740.190337541000000
265,0,0,0,0,230.230000000000000,32.730000000000000,283.720000000000000,0,529347.115247902000000,180745.725660608000000
266,0,0,0,0,226.280000000000000,36.750000000000000,281.350000000000000,0,529342.915907527000000,180748.918586401000000
267,0,0,0,0,217.990000000000000,39.020000000000000,274.700000000000000,0,529338.706168616000000,180756.565973092000000
268,0,0,0,0,214.120000000000000,29.900000000000000,267.470000000000000,0,529347.210057775000000,180762.227045864000000
269,0,0,0,0,218.490000000000000,32.560000000000000,270.840000000000000,0,529349.780011927000000,180758.332696940000000
270,0,0,0,0,223.380000000000000,36.100000000000000,274.720000000000000,0,529352.465444210000000,180753.946318946000000
271,0,0,0,0,211.980000000000000,39.590000000000000,271.440000000000000,0,529331.785674387000000,180761.504547776000000
272,0,0,0,0,203.270000000000000,38.370000000000000,264.760000000000000,0,529327.048950047000000,180769.633502372000000
273,0,0,0,0,198.580000000000000,36.710000000000000,261.940000000000000,0,529322.618699420000000,180773.810506266000000
274,0,0,0,0,197.620000000000000,20.130000000000000,270.320000000000000,0,529297.712158848000000,180773.506807106000000
275,0,0,0,0,179.540000000000000,17.870000000000000,249.260000000000000,0,529308.880902610000000,180791.774825234000000
276,0,0,0,0,174.050000000000000,15.160000000000000,245.500000000000000,0,529305.450166181000000,180797.132200519000000
277,0,0,0,0,168.130000000000000,15.120000000000000,241.450000000000000,0,529301.903968067000000,180802.981609452000000
278,0,0,0,0,168.130000000000000,15.120000000000000,241.450000000000000,0,529301.903968067000000,180802.981609452000000
279,0,0,0,0,162.490000000000000,17.300000000000000,238.160000000000000,0,529297.230246147000000,180808.637346582000000
280,0,0,0,0,156.480000000000000,22.380000000000000,234.480000000000000,0,529292.852603186000000,180814.795588640000000
281,0,0,0,0,150.760000000000000,28.420000000000000,231.130000000000000,0,529288.479164835000000,180820.788951385000000
282,0,0,0,0,144.390000000000000,35.800000000000000,227.270000000000000,0,529284.084765373000000,180827.606732634000000
283,0,0,0,0,139.440000000000000,40.750000000000000,224.580000000000000,0,529280.032581045000000,180833.113304867000000
284,0,0,0,0,136.600000000000000,36.270000000000000,223.700000000000000,0,529276.030732887000000,180836.641284544000000
285,0,0,0,0,131.950000000000000,30.940000000000000,220.430000000000000,0,529274.254583272000000,180841.710785799000000
286,0,0,0,0,128.430000000000000,26.040000000000000,218.810000000000000,0,529270.746193894000000,180846.076269012000000
287,0,0,0,0,125.070000000000000,21.640000000000000,217.130000000000000,0,529267.756420859000000,180850.289955517000000
288,0,0,0,0,199.580000000000000,21.100000000000000,276.230000000000000,0,529285.806867548000000,180772.049025307000000
289,0,0,0,0,177.820000000000000,11.730000000000000,258.630000000000000,0,529279.470729906000000,180794.491435008000000
290,0,0,0,0,174.340000000000000,14.680000000000000,256.200000000000000,0,529277.522347892000000,180798.236637377000000
291,0,0,0,0,170.950000000000000,20.150000000000000,254.610000000000000,0,529273.405009884000000,180802.256651280000000
292,0,0,0,0,164.440000000000000,35.490000000000000,250.290000000000000,0,529269.306688245000000,180809.576944649000000
293,0,0,0,0,158.150000000000000,42.930000000000000,246.700000000000000,0,529263.759614332000000,180817.190373182000000
294,0,0,0,0,152.790000000000000,49.230000000000000,243.900000000000000,0,529258.332213900000000,180824.146892270000000
295,0,0,0,0,149.740000000000000,45.400000000000000,242.420000000000000,0,529254.930904609000000,180828.350119888000000
296,0,0,0,0,146.150000000000000,41.850000000000000,240.280000000000000,0,529252.134323472000000,180833.063697431000000
297,0,0,0,0,139.770000000000000,35.910000000000000,235.570000000000000,0,529250.089532814000000,180840.601218538000000
298,0,0,0,0,146.330000000000000,31.230000000000000,243.460000000000000,0,529242.469703297000000,180836.612683594000000
299,0,0,0,0,143.400000000000000,39.780000000000000,239.580000000000000,0,529247.070115037000000,180837.884598873000000
300,0,0,0,0,109.140000000000000,6.630000000000000,206.310000000000000,0,529261.722655549000000,180868.945312050000000
301,0,0,0,0,112.900000000000000,11.430000000000000,210.860000000000000,0,529257.563161419000000,180866.529668365000000
302,0,0,0,0,117.200000000000000,16.960000000000000,216.040000000000000,0,529252.687675175000000,180863.930829700000000
303,0,0,0,0,122.590000000000000,22.940000000000000,222.000000000000000,0,529247.944418820000000,180860.180431272000000
304,0,0,0,0,128.230000000000000,30.050000000000000,228.630000000000000,0,529241.538252417000000,180857.047708924000000
305,0,0,0,0,133.330000000000000,25.660000000000000,234.250000000000000,0,529236.782403350000000,180853.791970149000000
306,0,0,0,0,137.560000000000000,19.110000000000000,239.610000000000000,0,529230.223028942000000,180852.635242013000000
307,0,0,0,0,114.960000000000000,15.490000000000000,205.570000000000000,0,529275.777389500000000,180858.743454299000000
308,0,0,0,0,106.910000000000000,12.090000000000000,195.290000000000000,0,529284.153117122000000,180865.391104879000000
309,0,0,0,0,106.820000000000000,9.030000000000000,205.560000000000000,0,529258.642599861000000,180872.661738094000000
310,0,0,0,0,104.520000000000000,13.630000000000000,205.020000000000000,0,529254.932671624000000,180876.857115654000000
311,0,0,0,0,102.710000000000000,18.530000000000000,204.780000000000000,0,529251.334018572000000,180880.725346333000000
312,0,0,0,0,101.110000000000000,27.170000000000000,204.550000000000000,0,529248.048211983000000,180884.436545698000000
313,0,0,0,0,99.720000000000000,21.180000000000000,204.770000000000000,0,529243.609736784000000,180888.943382538000000
314,0,0,0,0,98.840000000000000,16.250000000000000,205.120000000000000,0,529239.805335646000000,180892.806388551000000
315,0,0,0,0,97.520000000000000,11.480000000000000,204.830000000000000,0,529236.712731474000000,180897.017476525000000
316,0,0,0,0,96.440000000000000,7.460000000000000,204.610000000000000,0,529233.830089576000000,180901.068915559000000
317,0,0,0,0,87.810000000000000,19.330000000000000,188.410000000000000,0,529264.251388378000000,180890.953250522000000
318,0,0,0,0,85.240000000000000,25.500000000000000,188.140000000000000,0,529259.590364588000000,180896.114372069000000
319,0,0,0,0,84.620000000000000,30.890000000000000,189.210000000000000,0,529255.078359546000000,180899.464401384000000
320,0,0,0,0,81.870000000000000,25.840000000000000,187.940000000000000,0,529252.269233066000000,180904.672627689000000
321,1,0,1,0,80.340000000000000,14.260000000000000,187.540000000000000,1,529249.489464501000000,180908.726674504000000
322,0,0,0,0,80.970000000000000,10.270000000000000,189.260000000000000,0,529244.878788085000000,180911.909213217000000
323,0,0,0,0,81.720000000000000,8.640000000000000,190.860000000000000,0,529240.469688617000000,180915.261871555000000
324,0,0,0,0,80.990000000000000,11.120000000000000,190.690000000000000,0,529238.002773629000000,180919.158890259000000
325,0,0,0,0,80.510000000000000,16.470000000000000,190.770000000000000,0,529234.255159773000000,180924.838229416000000
326,0,0,0,0,81.930000000000000,20.770000000000000,192.400000000000000,0,529230.146338401000000,180928.528510915000000
327,0,0,0,0,82.260000000000000,26.320000000000000,192.740000000000000,0,529227.036992157000000,180933.399136552000000
328,0,0,0,0,83.330000000000000,30.290000000000000,193.670000000000000,0,529224.278220578000000,180936.628781707000000
329,0,0,0,0,126.570000000000000,18.520000000000000,195.520000000000000,0,529220.375178758000000,180940.324302785000000
330,0,0,0,0,122.190000000000000,14.860000000000000,196.200000000000000,0,529217.368729986000000,180945.197550019000000
331,0,0,0,0,119.450000000000000,10.670000000000000,197.870000000000000,0,529214.091371814000000,180948.579004600000000
332,0,0,0,0,116.800000000000000,6.080000000000000,200.580000000000000,0,529209.673939970000000,180952.261455048000000
333,0,0,0,0,107.300000000000000,7.120000000000000,206.770000000000000,0,529198.523501709000000,180965.672114778000000
334,0,0,0,0,103.250000000000000,12.210000000000000,207.340000000000000,0,529196.434632659000000,180970.898678976000000
335,0,0,0,0,102.410000000000000,15.680000000000000,209.880000000000000,0,529193.182453188000000,180973.290848520000000
336,1,0,1,0,98.650000000000000,21.660000000000000,211.400000000000000,1,529190.257972343000000,180978.991141775000000
337,0,0,0,0,97.980000000000000,21.310000000000000,214.390000000000000,0,529186.581704385000000,180981.867503505000000
338,0,0,0,0,95.720000000000000,18.180000000000000,216.190000000000000,0,529183.896525943000000,180986.253966409000000
339,0,0,0,0,94.900000000000000,17.550000000000000,220.040000000000000,0,529179.256622800000000,180990.590744508000000
340,0,0,0,0,94.110000000000000,17.820000000000000,222.100000000000000,0,529176.707863015000000,180993.660761838000000
341,0,0,0,0,93.220000000000000,17.740000000000000,224.920000000000000,0,529173.306727406000000,180997.864042238000000
342,0,0,0,0,92.480000000000000,14.570000000000000,226.510000000000000,0,529171.379447096000000,181000.784868705000000
343,0,0,0,0,92.050000000000000,10.010000000000000,229.290000000000000,0,529168.188271479000000,181004.828499170000000
344,0,0,0,0,91.350000000000000,6.760000000000000,231.920000000000000,0,529165.186098585000000,181009.536893287000000
345,0,0,0,0,89.770000000000000,8.350000000000000,233.510000000000000,0,529163.303039326000000,181014.768700136000000
346,0,0,0,0,119.260000000000000,13.180000000000000,225.060000000000000,0,529180.945320259000000,180960.605567724000000
347,0,0,0,0,115.650000000000000,15.990000000000000,224.860000000000000,0,529179.794969754000000,180965.361025084000000
348,0,0,0,0,113.140000000000000,21.330000000000000,226.730000000000000,0,529176.582812268000000,180970.229065687000000
349,0,0,0,0,111.870000000000000,26.190000000000000,229.060000000000000,0,529173.297115673000000,180973.940312089000000
350,0,0,0,0,110.030000000000000,31.560000000000000,231.130000000000000,0,529170.196231619000000,180978.481205453000000
351,0,0,0,0,109.600000000000000,24.360000000000000,236.080000000000000,0,529164.082480853000000,180984.100453809000000
352,0,0,0,0,107.550000000000000,16.800000000000000,239.220000000000000,0,529159.787069076000000,180991.085837036000000
353,0,0,0,0,107.690000000000000,13.430000000000000,242.290000000000000,0,529156.192756475000000,180994.789250261000000
354,0,0,0,0,106.910000000000000,8.600000000000000,244.630000000000000,0,529153.293469971000000,180999.500265840000000
355,0,0,0,0,106.200000000000000,5.090000000000000,247.430000000000000,0,529149.957527185000000,181005.190123489000000
356,0,0,0,0,111.100000000000000,7.920000000000000,251.420000000000000,0,529146.230570354000000,181001.960612174000000
357,0,0,0,0,116.010000000000000,9.430000000000000,255.440000000000000,0,529142.503608764000000,180998.731103683000000
358,0,0,0,0,121.640000000000000,11.900000000000000,267.680000000000000,0,529129.362877959000000,181009.451497235000000
359,0,0,0,0,113.980000000000000,5.920000000000000,260.210000000000000,0,529136.711588249000000,181011.948076105000000
360,1,0,1,0,96.650000000000000,7.830000000000000,249.730000000000000,1,529146.929257159000000,181031.181514140000000
361,0,0,0,0,96.230000000000000,10.780000000000000,247.390000000000000,0,529149.202862834000000,181026.784574503000000
362,0,0,0,0,95.970000000000000,3.300000000000000,243.860000000000000,0,529152.769693239000000,181020.110647133000000
363,0,0,0,0,98.900000000000000,4.730000000000000,253.670000000000000,0,529143.120841680000000,181035.209473539000000
364,0,0,0,0,113.280000000000000,9.670000000000000,261.270000000000000,0,529135.479356236000000,181015.876513535000000
365,0,0,0,0,115.680000000000000,13.720000000000000,265.380000000000000,0,529131.276178131000000,181019.234492901000000
366,0,0,0,0,116.540000000000000,12.340000000000000,269.210000000000000,0,529127.379789756000000,181026.725008207000000
367,0,0,0,0,118.580000000000000,15.710000000000000,273.500000000000000,0,529123.204098449000000,181033.053503178000000
368,0,0,0,0,120.490000000000000,17.730000000000000,277.020000000000000,0,529119.880777166000000,181038.248730771000000
369,0,0,0,0,122.150000000000000,20.700000000000000,279.980000000000000,0,529117.187306031000000,181042.964994034000000
370,0,0,0,0,126.070000000000000,24.790000000000000,285.050000000000000,0,529112.436253592000000,181047.628984126000000
371,0,0,0,0,128.020000000000000,20.190000000000000,287.840000000000000,0,529109.969496687000000,181051.526063157000000
372,0,0,0,0,130.340000000000000,14.270000000000000,291.160000000000000,0,529107.160595675000000,181056.734367127000000
373,0,0,0,0,109.990000000000000,20.490000000000000,270.980000000000000,0,529127.530660509000000,181057.251901374000000
374,0,0,0,0,104.040000000000000,4.340000000000000,261.610000000000000,0,529135.606907933000000,181043.268014860000000
375,0,0,0,0,106.260000000000000,8.310000000000000,264.680000000000000,0,529132.753751267000000,181046.165328054000000
376,0,0,0,0,108.430000000000000,14.170000000000000,268.120000000000000,0,529129.743254852000000,181051.203508616000000
377,0,0,0,0,122.090000000000000,14.810000000000000,284.710000000000000,0,529115.114447108000000,181067.825744883000000
378,0,0,0,0,115.730000000000000,21.130000000000000,278.490000000000000,0,529121.484560028000000,181068.317568631000000
379,0,0,0,0,107.350000000000000,21.640000000000000,270.820000000000000,0,529130.107768287000000,181073.321366455000000
380,0,0,0,0,98.410000000000000,15.560000000000000,262.330000000000000,0,529139.390130614000000,181076.692034067000000
381,0,0,0,0,91.350000000000000,15.370000000000000,255.470000000000000,0,529146.665189226000000,181078.031833430000000
382,0,0,0,0,81.970000000000000,19.580000000000000,246.420000000000000,0,529156.856678982000000,181082.085595378000000
383,0,0,0,0,76.430000000000000,18.550000000000000,240.940000000000000,0,529163.451594833000000,181085.882977361000000
384,0,0,0,0,71.370000000000000,12.340000000000000,235.720000000000000,0,529169.655941423000000,181088.845493236000000
385,0,0,0,0,64.680000000000000,8.730000000000000,228.720000000000000,0,529177.436986338000000,181090.528177666000000
386,0,0,0,0,113.810000000000000,14.160000000000000,278.320000000000000,0,529126.535427194000000,181092.369381839000000
387,0,0,0,0,98.160000000000000,11.090000000000000,261.750000000000000,0,529147.701799251000000,181106.106400604000000
388,0,0,0,0,102.670000000000000,17.950000000000000,265.440000000000000,0,529146.377393543000000,181113.662263305000000
389,0,0,0,0,94.350000000000000,9.400000000000000,258.210000000000000,0,529150.168562164000000,181102.209339558000000
390,0,0,0,0,89.400000000000000,17.260000000000000,252.580000000000000,0,529157.282036699000000,181105.854903379000000
391,0,0,0,0,82.780000000000000,9.290000000000000,244.610000000000000,0,529167.164827449000000,181109.900843295000000
392,0,0,0,0,118.290000000000000,18.380000000000000,282.750000000000000,0,529123.783323642000000,181099.394004678000000
393,0,0,0,0,123.210000000000000,24.340000000000000,287.470000000000000,0,529120.829660173000000,181106.248518081000000
394,0,0,0,0,131.740000000000000,34.930000000000000,295.470000000000000,0,529115.627594556000000,181116.510687778000000
395,0,0,0,0,136.020000000000000,50.870000000000000,299.400000000000000,0,529113.230230252000000,181121.729443589000000
396,0,0,0,0,143.640000000000000,41.060000000000000,306.490000000000000,0,529108.403849655000000,181129.361332293000000
397,0,0,0,0,109.260000000000000,22.050000000000000,271.750000000000000,0,529141.223243327000000,181117.986002506000000
398,0,0,0,0,116.100000000000000,29.830000000000000,277.780000000000000,0,529137.536851214000000,181125.316855654000000
399,0,0,0,0,122.830000000000000,37.440000000000000,283.690000000000000,0,529133.961726240000000,181132.320559385000000
400,0,0,0,0,127.590000000000000,42.670000000000000,287.890000000000000,0,529131.371163200000000,181137.039429342000000
401,0,0,0,0,149.960000000000000,33.890000000000000,312.280000000000000,0,529104.635579559000000,181135.865179450000000
402,0,0,0,0,157.310000000000000,24.320000000000000,318.720000000000000,0,529101.314686077000000,181145.020226382000000
403,0,0,0,0,165.090000000000000,18.320000000000000,326.090000000000000,0,529095.810088880000000,181150.985001158000000
404,0,0,0,0,152.180000000000000,18.030000000000000,309.640000000000000,0,529118.212662500000000,181160.628570541000000
405,0,0,0,0,170.220000000000000,29.300000000000000,332.720000000000000,0,529085.414770469000000,181142.801442790000000
406,0,0,0,0,175.000000000000000,17.110000000000000,337.980000000000000,0,529078.889250788000000,181140.325839456000000
407,0,0,0,0,178.680000000000000,12.530000000000000,342.010000000000000,0,529073.799821672000000,181138.051708863000000
408,0,0,0,0,182.950000000000000,8.580000000000000,346.540000000000000,0,529068.389192726000000,181136.264394222000000
409,0,0,0,0,193.280000000000000,15.370000000000000,354.910000000000000,0,529068.012864292000000,181159.188371760000000
410,0,0,0,0,190.930000000000000,20.320000000000000,352.010000000000000,0,529072.365383873000000,181162.103738775000000
411,0,0,0,0,185.920000000000000,19.780000000000000,346.370000000000000,0,529079.220448627000000,181163.762757866000000
412,0,0,0,0,177.960000000000000,8.650000000000000,337.290000000000000,0,529090.178020399000000,181166.020965706000000
413,0,0,0,0,165.510000000000000,8.290000000000000,321.210000000000000,0,529112.005166311000000,181173.999997870000000
414,0,0,0,0,159.130000000000000,11.490000000000000,315.820000000000000,0,529114.547276924000000,181167.135024323000000
415,0,0,0,0,174.590000000000000,11.630000000000000,329.190000000000000,0,529107.663892047000000,181182.799137444000000
416,0,0,0,0,184.690000000000000,12.220000000000000,343.370000000000000,0,529086.512674955000000,181172.527439142000000
417,0,0,0,0,190.270000000000000,17.100000000000000,348.270000000000000,0,529083.991545985000000,181178.568010582000000
418,0,0,0,0,196.890000000000000,23.800000000000000,354.170000000000000,0,529080.733534534000000,181185.249823857000000
419,0,0,0,0,202.190000000000000,29.340000000000000,358.970000000000000,0,529077.928916822000000,181190.293260215000000
420,0,0,0,0,208.520000000000000,38.460000000000000,364.740000000000000,0,529074.486107030000000,181196.145435689000000
421,0,0,0,0,181.700000000000000,16.730000000000000,335.840000000000000,0,529103.196467113000000,181188.460274460000000
422,0,0,0,0,187.270000000000000,23.090000000000000,340.480000000000000,0,529101.391270086000000,181194.684015717000000
423,0,0,0,0,194.250000000000000,29.170000000000000,347.100000000000000,0,529096.829363006000000,181200.012778411000000
424,0,0,0,0,200.650000000000000,37.030000000000000,352.860000000000000,0,529093.592288944000000,181205.870168144000000
425,0,0,0,0,208.210000000000000,33.300000000000000,359.550000000000000,0,529090.214649951000000,181213.208894588000000
426,0,0,0,0,215.590000000000000,30.690000000000000,371.030000000000000,0,529071.215554572000000,181203.321904206000000
427,0,0,0,0,220.620000000000000,24.840000000000000,375.380000000000000,0,529069.324276269000000,181208.883510886000000
428,0,0,0,0,229.160000000000000,17.470000000000000,383.450000000000000,0,529063.901720036000000,181215.675347566000000
429,0,0,0,0,214.720000000000000,29.160000000000000,365.010000000000000,0,529088.281469559000000,181220.419325707000000
430,0,0,0,0,244.980000000000000,27.200000000000000,401.350000000000000,0,529043.318169334000000,181215.482599935000000
431,0,0,0,0,244.830000000000000,22.000000000000000,400.310000000000000,0,529046.715460124000000,181219.528616501000000
432,0,0,0,0,244.110000000000000,16.980000000000000,398.740000000000000,0,529050.438121228000000,181222.922940442000000
433,0,0,0,0,240.380000000000000,14.560000000000000,394.700000000000000,0,529054.578274287000000,181222.038143648000000
434,0,0,0,0,237.420000000000000,12.700000000000000,391.370000000000000,0,529058.290176136000000,181221.802432028000000
435,0,0,0,0,236.660000000000000,9.730000000000000,389.970000000000000,0,529061.120447067000000,181223.854185009000000
436,0,0,0,0,233.200000000000000,9.500000000000000,385.970000000000000,0,529065.754041920000000,181223.806876590000000
437,0,0,0,0,221.480000000000000,21.200000000000000,371.540000000000000,0,529083.727974494000000,181225.418333544000000
438,0,0,0,0,218.540000000000000,25.100000000000000,367.660000000000000,0,529088.855005340000000,181226.208527772000000
439,0,0,0,0,215.680000000000000,20.530000000000000,363.820000000000000,0,529093.982034798000000,181226.998727199000000
440,0,0,0,0,212.070000000000000,15.460000000000000,358.930000000000000,0,529100.446446295000000,181227.822907448000000
441,0,0,0,0,205.420000000000000,10.920000000000000,349.060000000000000,0,529114.280198296000000,181230.319232434000000
442,0,0,0,0,202.170000000000000,13.200000000000000,343.980000000000000,0,529121.456353450000000,181231.491502456000000
443,0,0,0,0,199.270000000000000,10.840000000000000,339.800000000000000,0,529126.805883610000000,181231.627430650000000
444,0,0,0,0,197.330000000000000,9.690000000000000,335.970000000000000,0,529132.940709570000000,181233.268225833000000
445,0,0,0,0,189.710000000000000,8.720000000000000,330.140000000000000,0,529133.672961002000000,181224.707375336000000
446,0,0,0,0,184.040000000000000,13.130000000000000,325.840000000000000,0,529134.247869525000000,181218.287391124000000
447,0,0,0,0,179.150000000000000,17.050000000000000,321.760000000000000,0,529135.710953458000000,181213.374882927000000
448,0,0,0,0,174.400000000000000,21.530000000000000,317.880000000000000,0,529136.968287812000000,181208.457146623000000
449,0,0,0,0,168.280000000000000,28.050000000000000,313.130000000000000,0,529138.065961859000000,181201.720468000000000
450,0,0,0,0,164.110000000000000,24.670000000000000,309.720000000000000,0,529139.306540551000000,181197.462264660000000
451,0,0,0,0,189.250000000000000,7.040000000000000,324.150000000000000,0,529147.376808788000000,181232.315167056000000
452,0,0,0,0,188.120000000000000,14.790000000000000,320.160000000000000,0,529154.725181922000000,181234.811778053000000
453,0,0,0,0,185.650000000000000,22.900000000000000,314.220000000000000,0,529164.053327507000000,181236.368782318000000
454,0,0,0,0,186.190000000000000,21.010000000000000,312.580000000000000,0,529168.521174929000000,181238.792199508000000
455,0,0,0,0,186.250000000000000,19.800000000000000,310.790000000000000,0,529172.495596966000000,181240.378130267000000
456,0,0,0,0,184.330000000000000,17.400000000000000,306.960000000000000,0,529177.647750445000000,181240.179116024000000
457,0,0,0,0,184.210000000000000,18.150000000000000,304.270000000000000,0,529183.062424304000000,181241.801666607000000
458,0,0,0,0,183.250000000000000,18.910000000000000,301.450000000000000,0,529187.378999093000000,181242.076389992000000
459,0,0,0,0,184.190000000000000,11.750000000000000,299.040000000000000,0,529193.694395315000000,181244.711788250000000
460,0,0,0,0,182.640000000000000,10.990000000000000,295.570000000000000,0,529198.237678081000000,181244.167336297000000
461,0,0,0,0,184.790000000000000,8.590000000000000,294.980000000000000,0,529202.585859483000000,181247.247700704000000
462,0,0,0,0,181.430000000000000,10.470000000000000,317.270000000000000,0,529150.240142401000000,181224.963404641000000
463,0,0,0,0,176.260000000000000,14.370000000000000,313.200000000000000,0,529151.098556859000000,181219.540564182000000
464,0,0,0,0,171.460000000000000,18.700000000000000,309.610000000000000,0,529151.541278553000000,181214.272148746000000
465,0,0,0,0,166.340000000000000,23.770000000000000,305.360000000000000,0,529153.008570777000000,181209.194762181000000
466,0,0,0,0,161.390000000000000,26.060000000000000,301.670000000000000,0,529153.558361280000000,181203.764078439000000
467,0,0,0,0,152.970000000000000,16.670000000000000,295.510000000000000,0,529154.414477328000000,181194.381429803000000
468,0,0,0,0,157.610000000000000,18.290000000000000,304.340000000000000,0,529141.428793156000000,181190.916612959000000
469,0,0,0,0,151.880000000000000,12.900000000000000,299.410000000000000,0,529143.830349254000000,181185.532986917000000
470,0,0,0,0,145.770000000000000,7.930000000000000,294.160000000000000,0,529146.446043820000000,181179.824824662000000
471,0,0,0,0,121.090000000000000,27.510000000000000,261.370000000000000,0,529181.205394471000000,181173.118772314000000
472,0,0,0,0,121.550000000000000,40.380000000000000,258.610000000000000,0,529186.886855073000000,181176.398001945000000
473,0,0,0,0,122.350000000000000,38.260000000000000,257.180000000000000,0,529190.428857020000000,181178.797900294000000
474,0,0,0,0,120.860000000000000,20.100000000000000,252.390000000000000,0,529197.197757866000000,181179.794931989000000
475,0,0,0,0,147.280000000000000,13.760000000000000,265.690000000000000,0,529205.397627063000000,181209.536555942000000
476,0,0,0,0,152.430000000000000,9.360000000000000,270.760000000000000,0,529202.909906703000000,181214.258005998000000
477,0,0,0,0,171.100000000000000,13.370000000000000,301.060000000000000,0,529169.746519230000000,181222.984341805000000
478,0,0,0,0,179.560000000000000,13.990000000000000,289.800000000000000,0,529204.872006898000000,181242.356136155000000
479,0,0,0,0,175.410000000000000,18.240000000000000,285.770000000000000,0,529206.515751958000000,181238.438177011000000
480,0,0,0,0,168.180000000000000,25.620000000000000,278.830000000000000,0,529209.263716965000000,181231.578480081000000
481,0,0,0,0,164.530000000000000,20.060000000000000,275.140000000000000,0,529210.997766909000000,181228.157787314000000
482,1,0,1,0,143.830000000000000,15.790000000000000,271.840000000000000,1,529189.850407600000000,181201.551765137000000
483,0,0,0,0,159.520000000000000,20.710000000000000,270.180000000000000,0,529213.176861689000000,181223.428493690000000
484,0,0,0,0,150.960000000000000,13.640000000000000,262.810000000000000,0,529215.036691898000000,181215.061309902000000
485,0,0,0,0,146.780000000000000,9.790000000000000,258.420000000000000,0,529217.297708480000000,181211.159049207000000
486,0,0,0,0,146.550000000000000,15.020000000000000,261.630000000000000,0,529211.561805426000000,181210.023264454000000
487,0,0,0,0,127.930000000000000,14.570000000000000,240.510000000000000,0,529224.450049099000000,181193.027065297000000
488,0,0,0,0,130.660000000000000,11.570000000000000,239.820000000000000,0,529228.489632366000000,181196.099603150000000
489,0,0,0,0,125.340000000000000,16.960000000000000,235.210000000000000,0,529229.755446444000000,181190.852122305000000
490,0,0,0,0,155.030000000000000,25.450000000000000,267.760000000000000,0,529227.760361271000000,181232.873760463000000
491,0,0,0,0,150.660000000000000,21.530000000000000,263.620000000000000,0,529229.305444167000000,181228.788309238000000
492,0,0,0,0,147.490000000000000,18.850000000000000,260.580000000000000,0,529230.512550937000000,181225.849191505000000
493,0,0,0,0,143.170000000000000,15.710000000000000,256.330000000000000,0,529232.464948009000000,181221.939088928000000
494,0,0,0,0,173.010000000000000,14.050000000000000,269.780000000000000,0,529260.475527957000000,181257.959298843000000
495,0,0,0,0,173.310000000000000,17.740000000000000,273.040000000000000,0,529253.282659252000000,181257.446363530000000
496,0,0,0,0,171.860000000000000,22.030000000000000,273.490000000000000,0,529249.115104224000000,181255.360486574000000
497,0,0,0,0,172.540000000000000,25.470000000000000,275.920000000000000,0,529244.485722975000000,181255.242744192000000
498,0,0,0,0,171.860000000000000,30.760000000000000,277.410000000000000,0,529239.178149107000000,181253.457860813000000
499,0,0,0,0,172.480000000000000,44.880000000000000,280.980000000000000,0,529231.080361849000000,181252.096994723000000
500,0,0,0,0,171.100000000000000,41.370000000000000,282.110000000000000,0,529224.781763968000000,181248.802017169000000
501,0,0,0,0,180.810000000000000,22.800000000000000,282.680000000000000,0,529219.919219993000000,181245.708553742000000
502,0,0,0,0,75.710000000000000,20.830000000000000,199.340000000000000,0,529245.089084235000000,181154.614362205000000
503,0,0,0,0,68.020000000000000,14.210000000000000,192.400000000000000,0,529248.252842605000000,181147.600268309000000
504,0,0,0,0,79.590000000000000,20.680000000000000,196.930000000000000,0,529240.591555524000000,181145.260557606000000
505,0,0,0,0,76.110000000000000,25.000000000000000,198.680000000000000,0,529235.840180886000000,181141.839931048000000
506,0,0,0,0,40.240000000000000,11.990000000000000,160.890000000000000,0,529270.946072274000000,181125.573885465000000
507,0,0,0,0,40.870000000000000,11.130000000000000,166.560000000000000,0,529262.745207669000000,181124.210355297000000
508,0,0,0,0,40.090000000000000,17.800000000000000,170.110000000000000,0,529255.241286081000000,181119.729760328000000
509,0,0,0,0,52.320000000000000,24.600000000000000,175.280000000000000,0,529247.382589904000000,181117.055040771000000
510,0,0,0,0,47.870000000000000,33.760000000000000,178.670000000000000,0,529241.297971050000000,181113.435512709000000
511,0,0,0,0,44.270000000000000,24.960000000000000,182.080000000000000,0,529235.517784888000000,181109.988723795000000
512,0,0,0,0,73.550000000000000,26.960000000000000,202.390000000000000,0,529229.224426257000000,181138.866868024000000
513,0,0,0,0,70.000000000000000,12.800000000000000,211.310000000000000,0,529214.269129362000000,181131.887001024000000
514,0,0,0,0,41.680000000000000,18.670000000000000,186.020000000000000,0,529229.424763739000000,181106.698976349000000
515,0,0,0,0,69.240000000000000,9.290000000000000,214.530000000000000,0,529208.887882195000000,181128.945354653000000
516,0,0,0,0,40.280000000000000,12.980000000000000,190.210000000000000,0,529223.327542244000000,181103.574119405000000
517,0,0,0,0,69.950000000000000,10.260000000000000,219.010000000000000,0,529202.465275545000000,181126.472207602000000
518,0,0,0,0,72.480000000000000,16.770000000000000,225.440000000000000,0,529193.985107239000000,181123.946760680000000
519,0,0,0,0,40.410000000000000,8.600000000000000,195.080000000000000,0,529216.711729691000000,181100.601073750000000
520,0,0,0,0,41.090000000000000,7.960000000000000,197.530000000000000,0,529213.551849594000000,181099.365802441000000
521,1,0,1,0,36.940000000000000,12.900000000000000,195.550000000000000,1,529213.681810834000000,181094.254427865000000
522,0,0,0,0,32.750000000000000,12.790000000000000,194.470000000000000,0,529212.220215181000000,181086.957721558000000
523,0,0,0,0,31.140000000000000,16.480000000000000,194.450000000000000,0,529210.695731908000000,181082.134261537000000
524,0,0,0,0,29.570000000000000,19.760000000000000,193.570000000000000,0,529210.578010326000000,181078.666486112000000
525,0,0,0,0,27.650000000000000,18.430000000000000,192.160000000000000,0,529210.420292083000000,181072.722849307000000
526,0,0,0,0,28.190000000000000,13.770000000000000,192.390000000000000,0,529209.093175574000000,181068.234387449000000
527,0,0,0,0,27.470000000000000,8.910000000000000,190.540000000000000,0,529209.844597276000000,181062.973824077000000
528,0,0,0,0,26.030000000000000,7.330000000000000,187.880000000000000,0,529211.887334774000000,181059.560978567000000
529,0,0,0,0,48.910000000000000,7.150000000000000,213.180000000000000,0,529188.708667713000000,181072.335865966000000
530,0,0,0,0,50.550000000000000,10.170000000000000,215.010000000000000,0,529187.596050957000000,181075.607374542000000
531,0,0,0,0,52.290000000000000,17.300000000000000,216.720000000000000,0,529187.436776752000000,181081.872930628000000
532,0,0,0,0,60.760000000000000,7.680000000000000,224.190000000000000,0,529183.028240556000000,181093.310136854000000
533,2,0,2,0,17.330000000000000,20.910000000000000,181.820000000000000,1,529220.655605758000000,181071.003217366000000
534,0,0,0,0,13.360000000000000,13.360000000000000,177.060000000000000,0,529226.255245846000000,181073.455458009000000
535,0,0,0,0,19.690000000000000,15.160000000000000,183.740000000000000,0,529217.485061181000000,181066.137901136000000
536,0,0,0,0,7.560000000000000,7.560000000000000,167.630000000000000,0,529232.574418026000000,181059.757015554000000
537,0,0,0,0,12.710000000000000,12.710000000000000,171.420000000000000,0,529228.119013905000000,181056.838895534000000
538,0,0,0,0,18.080000000000000,12.720000000000000,174.770000000000000,0,529224.091891886000000,181053.271711238000000
539,1,0,1,0,22.190000000000000,8.620000000000000,178.550000000000000,1,529220.014454853000000,181051.683126701000000
540,1,0,1,0,51.140000000000000,11.360000000000000,213.160000000000000,1,529186.339787931000000,181060.231407068000000
541,0,0,0,0,93.110000000000000,14.080000000000000,252.390000000000000,0,529145.422798822000000,181049.952039008000000
542,0,0,0,0,87.700000000000000,18.900000000000000,247.590000000000000,0,529150.508099510000000,181052.391123258000000
543,0,0,0,0,85.100000000000000,26.360000000000000,246.830000000000000,0,529152.265862683000000,181060.190302607000000
544,0,0,0,0,79.100000000000000,29.030000000000000,240.620000000000000,0,529158.369250935000000,181059.025498323000000
545,0,0,0,0,73.890000000000000,40.810000000000000,235.780000000000000,0,529163.479680317000000,181060.475297461000000
546,0,0,0,0,69.910000000000000,37.110000000000000,232.410000000000000,0,529167.322032587000000,181063.212788207000000
547,0,0,0,0,63.490000000000000,30.490000000000000,227.070000000000000,0,529173.767987048000000,181068.821282079000000
548,0,0,0,0,60.640000000000000,22.430000000000000,220.490000000000000,0,529177.873971182000000,181053.086648682000000
549,0,0,0,0,64.630000000000000,26.440000000000000,223.890000000000000,0,529174.216419994000000,181051.178795204000000
550,0,0,0,0,71.020000000000000,33.390000000000000,229.450000000000000,0,529168.316475569000000,181048.389002166000000
551,0,0,0,0,76.000000000000000,29.400000000000000,233.650000000000000,0,529163.852645290000000,181045.800705424000000
552,0,0,0,0,83.280000000000000,24.370000000000000,239.820000000000000,0,529157.360555159000000,181042.005938571000000
553,0,0,0,0,87.710000000000000,21.750000000000000,243.490000000000000,0,529153.513990780000000,181039.433338842000000
554,0,0,0,0,88.510000000000000,9.730000000000000,239.060000000000000,0,529157.531931155000000,181027.161234443000000
555,0,0,0,0,81.800000000000000,15.950000000000000,233.000000000000000,0,529163.637665743000000,181029.956243854000000
556,1,0,1,0,76.660000000000000,21.120000000000000,229.190000000000000,1,529167.557777415000000,181033.685647361000000
557,0,0,0,0,70.890000000000000,26.560000000000000,224.480000000000000,0,529172.416371686000000,181036.943939038000000
558,0,0,0,0,66.930000000000000,30.140000000000000,221.020000000000000,0,529175.975245587000000,181038.684292966000000
559,0,0,0,0,62.720000000000000,30.930000000000000,217.650000000000000,0,529179.517352653000000,181041.084181628000000
560,0,0,0,0,57.950000000000000,26.310000000000000,214.100000000000000,0,529183.347138413000000,181044.316333482000000
561,0,0,0,0,53.630000000000000,23.490000000000000,210.170000000000000,0,529187.428783118000000,181045.740005237000000
562,2,0,2,0,51.290000000000000,13.320000000000000,199.550000000000000,1,529197.208060965000000,181033.614386592000000
563,2,0,2,0,57.520000000000000,19.340000000000000,205.810000000000000,1,529190.875630984000000,181031.638521074000000
564,0,0,0,0,62.060000000000000,27.140000000000000,209.480000000000000,0,529187.131954016000000,181029.068511065000000
565,0,0,0,0,65.970000000000000,24.660000000000000,211.940000000000000,0,529184.639595395000000,181025.870353512000000
566,0,0,0,0,69.010000000000000,24.180000000000000,214.580000000000000,0,529182.002441989000000,181024.318412579000000
567,0,0,0,0,73.710000000000000,23.970000000000000,218.550000000000000,0,529178.052995472000000,181021.743179235000000
568,0,0,0,0,78.910000000000000,18.700000000000000,223.380000000000000,0,529173.272124025000000,181019.476795617000000
569,0,0,0,0,84.470000000000000,13.130000000000000,227.430000000000000,0,529169.360386211000000,181015.417621790000000
570,0,0,0,0,47.960000000000000,13.310000000000000,208.490000000000000,0,529190.325882469000000,181055.505100745000000
571,0,0,0,0,46.110000000000000,9.220000000000000,204.200000000000000,0,529193.891134134000000,181049.879997821000000
572,0,0,0,0,43.810000000000000,5.630000000000000,195.450000000000000,0,529201.704367738000000,181040.039865068000000
573,0,0,0,0,44.860000000000000,9.210000000000000,191.630000000000000,0,529205.172064396000000,181034.319449516000000
574,0,0,0,0,45.130000000000000,12.670000000000000,188.290000000000000,0,529208.377055687000000,181031.012597101000000
575,1,0,1,0,47.860000000000000,12.800000000000000,186.370000000000000,1,529210.210409774000000,181026.218728866000000
576,0,0,0,0,49.690000000000000,8.750000000000000,180.440000000000000,0,529216.189274321000000,181020.723515580000000
577,0,0,0,0,56.650000000000000,7.670000000000000,191.010000000000000,0,529205.670320648000000,181018.681231263000000
578,0,0,0,0,64.480000000000000,13.280000000000000,198.140000000000000,0,529198.742397850000000,181013.987321531000000
579,0,0,0,0,68.180000000000000,10.020000000000000,192.470000000000000,0,529205.096882964000000,181005.597356389000000
580,0,0,0,0,62.950000000000000,4.640000000000000,187.520000000000000,0,529209.739474962000000,181009.103725392000000
581,0,0,0,0,54.760000000000000,9.300000000000000,176.350000000000000,0,529220.599389417000000,181013.574927099000000
582,0,0,0,0,57.800000000000000,11.570000000000000,174.930000000000000,0,529222.303450449000000,181009.907220649000000
583,1,0,1,0,62.210000000000000,16.680000000000000,172.330000000000000,1,529225.457058047000000,181004.662879218000000
584,0,0,0,0,26.220000000000000,10.350000000000000,178.050000000000000,0,529219.771205491000000,181046.146439525000000
585,2,0,2,0,28.380000000000000,14.770000000000000,175.480000000000000,1,529221.894094727000000,181041.843985166000000
586,0,0,0,0,30.090000000000000,18.900000000000000,172.700000000000000,0,529224.394825536000000,181038.519235337000000
587,0,0,0,0,32.470000000000000,23.030000000000000,170.170000000000000,0,529226.698440269000000,181035.028124991000000
588,0,0,0,0,36.500000000000000,25.490000000000000,165.780000000000000,0,529230.858136681000000,181029.809369979000000
589,0,0,0,0,40.060000000000000,32.210000000000000,162.790000000000000,0,529233.777719778000000,181025.849877737000000
590,2,0,2,0,43.870000000000000,27.650000000000000,159.900000000000000,1,529236.697307284000000,181021.890387125000000
591,0,0,0,0,22.790000000000000,22.790000000000000,165.590000000000000,0,529232.018757285000000,181043.553580156000000
592,0,0,0,0,19.170000000000000,19.170000000000000,160.740000000000000,0,529237.277253553000000,181046.591590513000000
593,0,0,0,0,65.040000000000000,13.770000000000000,167.910000000000000,0,529230.380657046000000,181001.077040881000000
594,0,0,0,0,69.260000000000000,9.730000000000000,165.910000000000000,0,529233.111334714000000,180996.628696136000000
595,0,0,0,0,73.390000000000000,6.090000000000000,162.740000000000000,0,529237.145853669000000,180992.374858149000000
596,0,0,0,0,52.840000000000000,16.040000000000000,154.970000000000000,0,529242.053947894000000,181013.152392270000000
597,0,0,0,0,57.150000000000000,11.530000000000000,152.020000000000000,0,529245.375989521000000,181009.203140893000000
598,0,0,0,0,62.260000000000000,6.830000000000000,150.180000000000000,0,529247.813047373000000,181004.424637695000000
599,0,0,0,0,67.100000000000000,5.350000000000000,147.440000000000000,0,529251.243910997000000,181000.155458554000000
600,0,0,0,0,77.180000000000000,13.170000000000000,169.500000000000000,0,529230.994104292000000,180988.830088351000000
601,0,0,0,0,80.990000000000000,16.270000000000000,173.620000000000000,0,529227.558834861000000,180985.354399544000000
602,0,0,0,0,84.340000000000000,12.130000000000000,178.030000000000000,0,529223.704717802000000,180982.513460645000000
603,1,0,1,0,91.920000000000000,14.110000000000000,164.690000000000000,1,529240.032062048000000,180973.893076613000000
604,2,0,2,0,95.510000000000000,18.890000000000000,168.810000000000000,1,529236.902721074000000,180970.263812171000000
605,0,0,0,0,98.610000000000000,11.510000000000000,175.490000000000000,0,529230.835154106000000,180967.366581945000000
606,8,0,8,0,102.210000000000000,9.580000000000000,180.590000000000000,1,529226.583377913000000,180964.115296698000000
607,0,0,0,0,106.940000000000000,11.470000000000000,185.850000000000000,0,529222.544180603000000,180959.833902755000000
608,2,0,2,0,110.880000000000000,14.550000000000000,191.780000000000000,1,529217.410062964000000,180956.664315857000000
609,0,0,0,0,113.010000000000000,10.790000000000000,195.800000000000000,0,529213.653779865000000,180955.239229016000000
610,2,0,2,0,87.750000000000000,8.770000000000000,182.470000000000000,1,529219.814562201000000,180979.756110413000000
611,0,0,0,0,93.390000000000000,6.990000000000000,188.920000000000000,0,529214.348200892000000,180975.213013512000000
612,0,0,0,0,97.040000000000000,9.650000000000000,193.470000000000000,0,529210.381123544000000,180972.497210980000000
613,0,0,0,0,99.880000000000000,15.390000000000000,197.410000000000000,0,529206.822159583000000,180970.617558198000000
614,0,0,0,0,82.140000000000000,16.150000000000000,185.110000000000000,0,529215.520379427000000,180986.528351754000000
615,0,0,0,0,79.080000000000000,21.010000000000000,187.290000000000000,0,529212.470319059000000,180990.639890334000000
616,0,0,0,0,76.630000000000000,19.220000000000000,189.650000000000000,0,529209.429619627000000,180994.340531081000000
617,1,0,1,0,84.590000000000000,17.120000000000000,197.560000000000000,1,529202.404140407000000,180988.652409947000000
618,0,0,0,0,86.820000000000000,20.110000000000000,195.290000000000000,0,529205.444837674000000,180984.951765051000000
619,1,0,1,0,46.610000000000000,6.440000000000000,142.110000000000000,1,529258.407794132000000,180991.808049156000000
620,0,0,0,0,40.970000000000000,8.270000000000000,139.220000000000000,0,529262.548265508000000,180987.348335315000000
621,0,0,0,0,37.130000000000000,11.390000000000000,138.430000000000000,0,529264.831760327000000,180982.526562749000000
622,0,0,0,0,32.580000000000000,16.620000000000000,136.680000000000000,0,529268.289145082000000,180977.892064235000000
623,0,0,0,0,28.600000000000000,21.950000000000000,135.180000000000000,0,529271.644377138000000,180973.412384076000000
624,0,0,0,0,25.610000000000000,26.780000000000000,134.080000000000000,0,529274.594980538000000,180969.394657283000000
625,0,0,0,0,23.380000000000000,23.380000000000000,132.950000000000000,0,529277.223104581000000,180966.470631358000000
626,0,0,0,0,22.430000000000000,22.430000000000000,132.910000000000000,0,529280.009414649000000,180961.189411243000000
627,1,0,1,0,21.860000000000000,21.860000000000000,132.240000000000000,1,529282.441230544000000,180958.260394103000000
628,0,0,0,0,87.280000000000000,6.730000000000000,157.990000000000000,0,529245.476652358000000,180978.886010086000000
629,0,0,0,0,52.720000000000000,7.700000000000000,156.610000000000000,0,529247.700123149000000,180976.423922715000000
630,0,0,0,0,49.710000000000000,11.480000000000000,155.370000000000000,0,529250.458391533000000,180972.243876780000000
631,0,0,0,0,46.340000000000000,16.090000000000000,153.630000000000000,0,529253.903766443000000,180968.081307159000000
632,1,0,1,0,44.460000000000000,24.100000000000000,153.790000000000000,1,529256.942379903000000,180960.602687882000000
633,0,0,0,0,41.560000000000000,28.090000000000000,151.540000000000000,0,529260.744388369000000,180957.865924182000000
634,0,0,0,0,41.430000000000000,22.250000000000000,151.940000000000000,0,529264.069488156000000,180950.709424321000000
635,0,0,0,0,39.970000000000000,20.870000000000000,150.010000000000000,0,529269.305737777000000,180945.647927083000000
636,0,0,0,0,40.780000000000000,21.320000000000000,149.190000000000000,0,529274.373692213000000,180939.480251725000000
637,0,0,0,0,44.320000000000000,16.550000000000000,149.920000000000000,0,529278.880721257000000,180932.196410165000000
638,0,0,0,0,45.960000000000000,11.520000000000000,149.210000000000000,0,529282.804931095000000,180928.518282507000000
639,0,0,0,0,48.750000000000000,7.540000000000000,149.380000000000000,0,529286.250360608000000,180924.355734190000000
640,0,0,0,0,50.840000000000000,5.790000000000000,149.240000000000000,0,529289.172988228000000,180921.439205246000000
641,0,0,0,0,23.130000000000000,23.130000000000000,131.970000000000000,0,529286.319291011000000,180952.534705575000000
642,0,0,0,0,26.340000000000000,20.530000000000000,132.070000000000000,0,529290.299519773000000,180946.654204202000000
643,0,0,0,0,28.520000000000000,16.870000000000000,132.080000000000000,0,529292.637192321000000,180943.565381868000000
644,0,0,0,0,30.560000000000000,13.780000000000000,131.830000000000000,0,529295.061019205000000,180940.950996238000000
645,0,0,0,0,36.680000000000000,7.210000000000000,133.420000000000000,0,529298.664643085000000,180934.431261139000000
646,0,0,0,0,39.910000000000000,5.920000000000000,133.390000000000000,0,529301.791593738000000,180931.205108299000000
647,1,0,1,0,55.830000000000000,9.350000000000000,151.680000000000000,1,529291.178066758000000,180915.980701593000000
648,0,0,0,0,58.320000000000000,12.160000000000000,150.900000000000000,0,529295.577081841000000,180912.944320429000000
649,1,0,1,0,62.800000000000000,17.360000000000000,152.400000000000000,1,529298.641904041000000,180908.299853037000000
650,0,0,0,0,44.490000000000000,7.960000000000000,134.090000000000000,0,529305.241040090000000,180926.885259813000000
651,0,0,0,0,49.790000000000000,12.030000000000000,135.950000000000000,0,529308.019393782000000,180921.918680178000000
652,1,0,1,0,55.110000000000000,13.560000000000000,136.270000000000000,1,529312.945230708000000,180917.478985890000000
653,1,0,1,0,58.350000000000000,10.480000000000000,137.680000000000000,1,529314.493658887000000,180914.527505855000000
654,4,0,4,0,62.880000000000000,6.780000000000000,139.520000000000000,1,529316.953535287000000,180910.497315098000000
655,1,0,1,0,61.490000000000000,9.940000000000000,136.120000000000000,1,529319.645935534000000,180912.769628401000000
656,0,0,0,0,63.160000000000000,12.000000000000000,134.300000000000000,0,529323.486127573000000,180912.395100537000000
657,0,0,0,0,60.540000000000000,12.690000000000000,129.850000000000000,0,529325.745859377000000,180916.230554256000000
658,1,0,1,0,59.470000000000000,11.610000000000000,124.990000000000000,1,529329.690293202000000,180919.479221277000000
659,3,0,3,0,69.180000000000000,10.920000000000000,120.290000000000000,1,529335.633919373000000,180921.362035461000000
660,2,0,2,0,64.620000000000000,11.100000000000000,113.830000000000000,1,529340.425736137000000,180926.049008180000000
661,2,0,2,0,61.360000000000000,12.780000000000000,108.370000000000000,1,529344.947091385000000,180929.784614274000000
662,0,0,0,0,53.260000000000000,20.880000000000000,102.070000000000000,0,529343.663165373000000,180937.780087591000000
663,0,0,0,0,90.530000000000000,11.930000000000000,184.920000000000000,0,529277.765403765000000,180883.369511781000000
664,0,0,0,0,87.020000000000000,7.900000000000000,179.920000000000000,0,529282.613333321000000,180885.854048860000000
665,0,0,0,0,81.420000000000000,8.050000000000000,171.790000000000000,0,529290.063528302000000,180890.293765138000000
666,0,0,0,0,78.680000000000000,11.010000000000000,168.030000000000000,0,529293.046426029000000,180892.730868010000000
667,0,0,0,0,75.800000000000000,12.080000000000000,163.470000000000000,0,529297.105066359000000,180895.352754891000000
668,0,0,0,0,72.180000000000000,15.470000000000000,158.310000000000000,0,529300.943371300000000,180898.913527336000000
669,0,0,0,0,68.860000000000000,4.860000000000000,152.120000000000000,0,529306.450369319000000,180902.516758501000000
670,1,0,1,0,92.110000000000000,8.520000000000000,171.240000000000000,1,529306.846411668000000,180879.229468399000000
671,0,0,0,0,100.670000000000000,5.480000000000000,187.360000000000000,0,529290.064967153000000,180870.931804234000000
672,0,0,0,0,104.400000000000000,8.610000000000000,188.880000000000000,0,529293.310117822000000,180866.921578975000000
673,1,0,1,0,108.100000000000000,11.760000000000000,190.510000000000000,1,529296.354952406000000,180863.063674120000000
674,0,0,0,0,112.340000000000000,16.410000000000000,192.280000000000000,0,529300.098915051000000,180858.751313510000000
675,0,0,0,0,118.600000000000000,14.370000000000000,195.950000000000000,0,529303.694592111000000,180852.546207311000000
676,0,0,0,0,121.470000000000000,10.990000000000000,197.170000000000000,0,529306.318787006000000,180849.779508493000000
677,0,0,0,0,126.220000000000000,6.400000000000000,199.190000000000000,0,529310.753888804000000,180845.327324513000000
678,0,0,0,0,96.450000000000000,10.750000000000000,173.880000000000000,0,529308.721343939000000,180875.026976445000000
679,0,0,0,0,100.520000000000000,15.710000000000000,175.200000000000000,0,529312.547458309000000,180871.346373573000000
680,0,0,0,0,106.210000000000000,17.250000000000000,178.240000000000000,0,529316.020967438000000,180866.082655177000000
681,1,0,1,0,114.630000000000000,8.680000000000000,182.620000000000000,1,529321.714036377000000,180858.514195922000000
682,0,0,0,0,86.010000000000000,16.570000000000000,160.970000000000000,0,529314.915665154000000,180886.361020947000000
683,0,0,0,0,85.610000000000000,16.990000000000000,158.470000000000000,0,529318.130897089000000,180887.387318594000000
684,0,0,0,0,82.420000000000000,14.010000000000000,153.960000000000000,0,529320.488804171000000,180891.225267233000000
685,1,0,1,0,81.710000000000000,14.540000000000000,150.470000000000000,1,529324.371129632000000,180893.055616723000000
686,0,0,0,0,80.400000000000000,17.070000000000000,146.110000000000000,0,529328.425751468000000,180895.834841700000000
687,0,0,0,0,78.440000000000000,10.090000000000000,138.860000000000000,0,529334.784137419000000,180900.719086852000000
688,0,0,0,0,85.670000000000000,5.190000000000000,133.010000000000000,0,529339.489827381000000,180904.931621861000000
689,0,0,0,0,112.380000000000000,6.140000000000000,150.000000000000000,0,529357.700875404000000,180880.208756722000000
690,0,0,0,0,114.670000000000000,11.430000000000000,154.240000000000000,0,529353.065307861000000,180877.099892942000000
691,0,0,0,0,118.180000000000000,16.700000000000000,159.240000000000000,0,529349.140872160000000,180873.064644301000000
692,0,0,0,0,110.340000000000000,25.670000000000000,165.150000000000000,0,529342.267644785000000,180869.111767954000000
693,0,0,0,0,112.430000000000000,18.640000000000000,171.920000000000000,0,529335.512582841000000,180864.374835100000000
694,0,0,0,0,115.160000000000000,13.090000000000000,178.650000000000000,0,529329.150146674000000,180859.647902793000000
695,0,0,0,0,135.260000000000000,10.620000000000000,205.530000000000000,0,529314.609949273000000,180836.610216026000000
696,0,0,0,0,141.190000000000000,7.460000000000000,209.400000000000000,0,529317.895167082000000,180831.026878083000000
697,0,0,0,0,146.680000000000000,9.410000000000000,212.420000000000000,0,529322.244142975000000,180826.100267848000000
698,0,0,0,0,153.830000000000000,16.010000000000000,217.000000000000000,0,529326.829477430000000,180819.605528940000000
699,0,0,0,0,159.920000000000000,22.320000000000000,220.820000000000000,0,529331.092320153000000,180814.204489931000000
700,0,0,0,0,167.060000000000000,31.380000000000000,225.600000000000000,0,529335.673672716000000,180807.867071549000000
701,0,0,0,0,174.580000000000000,23.030000000000000,230.830000000000000,0,529340.361203760000000,180801.217529653000000
702,0,0,0,0,180.580000000000000,16.710000000000000,234.740000000000000,0,529344.812390057000000,180796.136123453000000
703,0,0,0,0,185.550000000000000,12.430000000000000,238.320000000000000,0,529347.869314507000000,180791.806310240000000
704,0,0,0,0,193.450000000000000,8.240000000000000,244.020000000000000,0,529352.953523159000000,180785.009459570000000
705,0,0,0,0,200.940000000000000,10.740000000000000,249.410000000000000,0,529358.025733361000000,180778.684552137000000
706,0,0,0,0,215.410000000000000,25.770000000000000,264.390000000000000,0,529357.821136854000000,180763.567536434000000
707,0,0,0,0,228.740000000000000,30.020000000000000,275.600000000000000,0,529363.924976024000000,180751.444547670000000
708,0,0,0,0,212.430000000000000,21.540000000000000,259.720000000000000,0,529361.545329586000000,180767.755105811000000
709,0,0,0,0,235.850000000000000,34.650000000000000,269.660000000000000,0,529368.500594404000000,180756.913110480000000
710,0,0,0,0,208.160000000000000,16.830000000000000,254.650000000000000,0,529362.991786539000000,180772.671776687000000
711,0,0,0,0,224.220000000000000,23.440000000000000,258.190000000000000,0,529367.615317079000000,180768.539263439000000
712,0,0,0,0,230.290000000000000,28.810000000000000,263.030000000000000,0,529372.663535293000000,180763.158246799000000
713,0,0,0,0,235.020000000000000,20.870000000000000,267.120000000000000,0,529375.426017478000000,180758.820953745000000
714,0,0,0,0,240.300000000000000,15.490000000000000,271.670000000000000,0,529378.691325751000000,180754.024217664000000
715,0,0,0,0,245.290000000000000,11.650000000000000,276.200000000000000,0,529380.872856469000000,180749.357309426000000
716,0,0,0,0,250.550000000000000,7.550000000000000,280.630000000000000,0,529384.723141716000000,180744.732882701000000
717,0,0,0,0,197.010000000000000,16.270000000000000,220.810000000000000,0,529400.591820513000000,180804.324808755000000
718,0,0,0,0,199.370000000000000,21.260000000000000,224.660000000000000,0,529396.368873639000000,180800.439339501000000
719,0,0,0,0,202.500000000000000,27.960000000000000,229.590000000000000,0,529390.992020070000000,180795.580009032000000
720,0,0,0,0,203.520000000000000,15.560000000000000,232.280000000000000,0,529385.555084893000000,180793.080375882000000
721,0,0,0,0,207.600000000000000,12.160000000000000,237.630000000000000,0,529381.560476004000000,180787.941415074000000
722,0,0,0,0,210.620000000000000,11.010000000000000,241.760000000000000,0,529377.828306042000000,180784.068455931000000
723,0,0,0,0,219.930000000000000,21.290000000000000,249.530000000000000,0,529384.126539345000000,180775.885806068000000
724,0,0,0,0,225.740000000000000,21.740000000000000,254.670000000000000,0,529387.109376589000000,180770.609640439000000
725,0,0,0,0,231.720000000000000,15.660000000000000,259.810000000000000,0,529390.877511033000000,180765.353468447000000
726,0,0,0,0,239.220000000000000,9.000000000000000,266.240000000000000,0,529395.855631418000000,180758.868786146000000
727,0,0,0,0,271.380000000000000,16.360000000000000,300.620000000000000,0,529390.049690457000000,180724.561985288000000
728,0,0,0,0,266.560000000000000,8.860000000000000,294.610000000000000,0,529394.809617179000000,180730.507507850000000
729,0,0,0,0,278.940000000000000,13.420000000000000,307.560000000000000,0,529393.567425952000000,180717.567877918000000
730,0,0,0,0,279.160000000000000,8.100000000000000,306.460000000000000,0,529399.531298016000000,180718.664199209000000
731,0,0,0,0,252.430000000000000,6.870000000000000,298.800000000000000,0,529367.179960858000000,180727.757780966000000
732,0,0,0,0,256.510000000000000,7.750000000000000,304.000000000000000,0,529364.457383251000000,180722.808628990000000
733,0,0,0,0,248.990000000000000,9.910000000000000,294.030000000000000,0,529370.405355703000000,180732.247489208000000
734,0,0,0,0,259.740000000000000,11.540000000000000,292.360000000000000,0,529374.201640945000000,180733.603437863000000
735,0,0,0,0,255.790000000000000,17.370000000000000,287.400000000000000,0,529378.502802558000000,180738.277949680000000
736,0,0,0,0,252.910000000000000,11.980000000000000,283.880000000000000,0,529381.069079300000000,180741.648984502000000
737,0,0,0,0,261.590000000000000,7.690000000000000,286.760000000000000,0,529406.294644844000000,180738.513234575000000
738,0,0,0,0,258.240000000000000,12.690000000000000,282.270000000000000,0,529410.399449937000000,180743.182775392000000
739,0,0,0,0,256.160000000000000,17.180000000000000,279.230000000000000,0,529413.853165134000000,180746.419008861000000
740,0,0,0,0,252.970000000000000,24.000000000000000,274.590000000000000,0,529418.833400496000000,180751.425677291000000
741,0,0,0,0,250.210000000000000,30.200000000000000,270.360000000000000,0,529423.723476097000000,180756.115225677000000
742,0,0,0,0,247.450000000000000,25.460000000000000,266.670000000000000,0,529426.470013196000000,180760.120534397000000
743,0,0,0,0,243.640000000000000,19.240000000000000,261.670000000000000,0,529429.769459756000000,180765.556657868000000
744,0,0,0,0,242.570000000000000,15.320000000000000,259.210000000000000,0,529434.306928212000000,180768.663090445000000
745,0,0,0,0,337.290000000000000,8.840000000000000,349.710000000000000,0,529480.427267409000000,180685.620904258000000
746,0,0,0,0,353.060000000000000,9.130000000000000,355.430000000000000,0,529531.235477146000000,180696.202977833000000
747,0,0,0,0,351.310000000000000,7.650000000000000,354.390000000000000,0,529527.415146200000000,180695.790787862000000
748,0,0,0,0,346.850000000000000,10.770000000000000,350.560000000000000,0,529522.643198658000000,180698.030402873000000
749,0,0,0,0,343.460000000000000,16.170000000000000,347.640000000000000,0,529519.159396986000000,180699.830603021000000
750,0,0,0,0,337.890000000000000,9.670000000000000,342.710000000000000,0,529513.966746098000000,180703.161409162000000
751,0,0,0,0,333.160000000000000,7.180000000000000,338.390000000000000,0,529510.152386814000000,180706.369925657000000
752,0,0,0,0,327.420000000000000,9.660000000000000,332.750000000000000,0,529507.275565050000000,180711.333897006000000
753,0,0,0,0,320.390000000000000,15.270000000000000,325.860000000000000,0,529503.683553689000000,180717.381550694000000
754,0,0,0,0,315.070000000000000,18.690000000000000,320.890000000000000,0,529500.045494884000000,180721.381640462000000
755,0,0,0,0,290.300000000000000,7.190000000000000,297.230000000000000,0,529485.389113717000000,180741.472155659000000
756,0,0,0,0,283.840000000000000,8.680000000000000,291.170000000000000,0,529481.330384903000000,180746.563444240000000
757,0,0,0,0,279.050000000000000,11.810000000000000,286.870000000000000,0,529477.610232129000000,180749.931797989000000
758,0,0,0,0,238.330000000000000,13.180000000000000,263.940000000000000,0,529401.100281899000000,180761.206118548000000
759,0,0,0,0,235.480000000000000,18.540000000000000,260.000000000000000,0,529404.730286067000000,180765.233908165000000
760,0,0,0,0,233.060000000000000,23.750000000000000,256.430000000000000,0,529408.466456581000000,180768.949574329000000
761,0,0,0,0,230.580000000000000,23.960000000000000,252.770000000000000,0,529412.198616017000000,180772.822556097000000
762,0,0,0,0,229.300000000000000,19.620000000000000,250.410000000000000,0,529415.668331367000000,180775.429540266000000
763,0,0,0,0,225.860000000000000,13.530000000000000,245.610000000000000,0,529419.466595328000000,180780.563529078000000
764,0,0,0,0,225.440000000000000,8.450000000000000,243.770000000000000,0,529424.024085335000000,180782.883388889000000
765,0,0,0,0,237.620000000000000,5.150000000000000,249.350000000000000,0,529448.914932991000000,180781.313481965000000
766,0,0,0,0,236.120000000000000,10.620000000000000,246.430000000000000,0,529452.843375253000000,180785.191494566000000
767,0,0,0,0,235.920000000000000,22.800000000000000,244.580000000000000,0,529457.773456111000000,180788.307949535000000
768,0,0,0,0,233.920000000000000,17.930000000000000,240.710000000000000,0,529462.549270172000000,180793.624287357000000
769,0,0,0,0,233.260000000000000,16.150000000000000,238.150000000000000,0,529467.745768330000000,180797.849442665000000
770,0,0,0,0,232.420000000000000,17.020000000000000,235.150000000000000,0,529473.413024063000000,180802.873670165000000
771,0,0,0,0,214.640000000000000,5.450000000000000,221.820000000000000,0,529453.470355895000000,180810.708661772000000
772,0,0,0,0,214.910000000000000,10.200000000000000,223.560000000000000,0,529449.612048466000000,180807.934337599000000
773,0,0,0,0,216.550000000000000,16.120000000000000,227.280000000000000,0,529444.435579818000000,180802.922637122000000
774,0,0,0,0,217.650000000000000,10.740000000000000,229.950000000000000,0,529440.302811558000000,180799.354256367000000
775,0,0,0,0,217.760000000000000,7.240000000000000,231.260000000000000,0,529436.817099908000000,180797.376505812000000
776,0,0,0,0,213.070000000000000,11.030000000000000,226.650000000000000,0,529435.036189948000000,180801.738764777000000
777,0,0,0,0,208.550000000000000,14.740000000000000,222.560000000000000,0,529432.387861938000000,180805.449274922000000
778,0,0,0,0,203.130000000000000,19.620000000000000,217.750000000000000,0,529428.938228574000000,180809.769039353000000
779,0,0,0,0,197.320000000000000,25.100000000000000,212.760000000000000,0,529424.895632033000000,180814.231120736000000
780,0,0,0,0,208.800000000000000,17.890000000000000,228.440000000000000,0,529415.794663699000000,180797.470821948000000
781,0,0,0,0,203.690000000000000,20.240000000000000,224.170000000000000,0,529412.058568961000000,180801.468473675000000
782,0,0,0,0,197.750000000000000,14.300000000000000,218.720000000000000,0,529409.272042407000000,180806.749623743000000
783,0,0,0,0,192.830000000000000,9.560000000000000,214.550000000000000,0,529406.026762022000000,180810.759776643000000
784,0,0,0,0,191.860000000000000,16.090000000000000,207.660000000000000,0,529422.317436479000000,180819.045324935000000
785,0,0,0,0,186.990000000000000,11.290000000000000,203.580000000000000,0,529418.785683371000000,180822.733345408000000
786,0,0,0,0,180.250000000000000,8.820000000000000,196.850000000000000,0,529416.850555598000000,180829.295489583000000
787,0,0,0,0,174.330000000000000,9.260000000000000,191.470000000000000,0,529413.871722778000000,180834.414325366000000
788,0,0,0,0,167.220000000000000,13.360000000000000,185.270000000000000,0,529409.694948057000000,180840.289733869000000
789,0,0,0,0,158.450000000000000,20.900000000000000,177.720000000000000,0,529404.598695274000000,180847.558466905000000
790,0,0,0,0,151.210000000000000,26.890000000000000,171.540000000000000,0,529400.417936065000000,180853.591195570000000
791,0,0,0,0,143.960000000000000,32.460000000000000,165.800000000000000,0,529395.459919983000000,180859.289309013000000
792,0,0,0,0,137.010000000000000,19.420000000000000,159.990000000000000,0,529391.577664108000000,180865.172229324000000
793,0,0,0,0,129.260000000000000,13.030000000000000,153.710000000000000,0,529387.090441065000000,180871.669409821000000
794,0,0,0,0,121.310000000000000,9.250000000000000,147.450000000000000,0,529382.402905871000000,180878.318909193000000
795,0,0,0,0,114.490000000000000,10.890000000000000,142.220000000000000,0,529378.328364980000000,180884.039528791000000
796,0,0,0,0,101.070000000000000,9.610000000000000,134.320000000000000,0,529366.677624096000000,180894.132325334000000
797,1,0,1,0,93.100000000000000,17.240000000000000,128.340000000000000,1,529362.763392834000000,180901.273769308000000
798,1,0,1,0,85.520000000000000,10.380000000000000,124.330000000000000,1,529356.419230055000000,180907.408879370000000
799,1,0,1,0,77.890000000000000,6.990000000000000,118.560000000000000,1,529353.584766175000000,180914.577812466000000
800,0,0,0,0,104.390000000000000,13.570000000000000,144.900000000000000,0,529351.725307723000000,180887.297743111000000
801,0,0,0,0,99.050000000000000,19.450000000000000,141.200000000000000,0,529348.652416876000000,180892.256804900000000
802,0,0,0,0,92.750000000000000,11.380000000000000,137.300000000000000,0,529344.279445072000000,180898.127269267000000
803,1,0,1,0,89.030000000000000,7.640000000000000,134.900000000000000,1,529342.027869282000000,180901.690504961000000
804,1,0,1,0,51.890000000000000,10.820000000000000,90.120000000000000,1,529358.250735564000000,180943.503465433000000
805,2,0,2,0,45.730000000000000,17.090000000000000,87.230000000000000,1,529354.584917298000000,180948.604845860000000
806,2,0,2,0,40.910000000000000,21.910000000000000,84.850000000000000,1,529352.121022798000000,180952.792331595000000
807,1,0,1,0,11.310000000000000,11.310000000000000,118.810000000000000,1,529297.023260782000000,180960.204546774000000
808,1,0,1,0,9.260000000000000,9.260000000000000,119.590000000000000,1,529293.162282908000000,180964.989286961000000
809,0,0,0,0,8.630000000000000,8.630000000000000,118.710000000000000,0,529291.662592891000000,180969.501171404000000
810,1,0,1,0,11.490000000000000,11.490000000000000,118.980000000000000,1,529289.052877073000000,180974.095793839000000
811,3,0,3,0,15.930000000000000,15.930000000000000,119.950000000000000,1,529286.033606226000000,180978.458045675000000
812,0,0,0,0,21.500000000000000,21.500000000000000,122.110000000000000,0,529282.048357355000000,180982.684749559000000
813,2,0,2,0,26.170000000000000,26.170000000000000,122.050000000000000,1,529280.249310857000000,180988.076833778000000
814,1,0,1,0,31.610000000000000,23.620000000000000,123.700000000000000,1,529277.152391667000000,180992.770044623000000
815,2,0,2,0,39.150000000000000,22.520000000000000,126.180000000000000,1,529273.038718507000000,180999.323994655000000
816,1,0,1,0,40.820000000000000,14.600000000000000,133.390000000000000,1,529266.721589850000000,180994.502298256000000
817,0,0,0,0,40.430000000000000,18.410000000000000,130.130000000000000,0,529269.419071040000000,180997.345323246000000
818,0,0,0,0,60.800000000000000,24.630000000000000,135.420000000000000,0,529261.958602768000000,181010.250790025000000
819,0,0,0,0,53.230000000000000,27.180000000000000,131.660000000000000,0,529265.595168851000000,181011.564027772000000
820,0,0,0,0,61.300000000000000,14.970000000000000,140.170000000000000,0,529257.447822182000000,181007.916531879000000
821,0,0,0,0,50.880000000000000,18.010000000000000,150.410000000000000,0,529246.446732714000000,181015.738027504000000
822,1,0,1,0,49.570000000000000,20.770000000000000,146.050000000000000,1,529250.680711496000000,181018.065236221000000
823,2,0,2,0,48.140000000000000,24.420000000000000,142.210000000000000,1,529254.419005276000000,181020.823747666000000
824,0,0,0,0,46.060000000000000,29.130000000000000,138.780000000000000,0,529257.785909540000000,181024.571604553000000
825,0,0,0,0,36.000000000000000,35.260000000000000,145.470000000000000,0,529251.295518618000000,181032.651717800000000
826,0,0,0,0,31.950000000000000,31.950000000000000,147.850000000000000,0,529249.132961658000000,181036.135066629000000
827,1,0,1,0,27.560000000000000,27.560000000000000,150.800000000000000,1,529246.496945523000000,181039.820820636000000
828,1,0,1,0,19.900000000000000,19.900000000000000,156.000000000000000,1,529242.046304237000000,181046.462662452000000
829,1,0,1,0,14.610000000000000,14.610000000000000,159.300000000000000,1,529239.447182207000000,181051.328807349000000
830,1,0,1,0,9.780000000000000,9.780000000000000,163.690000000000000,1,529235.847910698000000,181056.062296908000000
831,0,0,0,0,48.640000000000000,14.890000000000000,160.670000000000000,0,529278.758396390000000,181134.295210373000000
832,0,0,0,0,53.810000000000000,19.970000000000000,160.560000000000000,0,529283.508463053000000,181139.058158119000000
833,0,0,0,0,55.400000000000000,20.660000000000000,157.730000000000000,0,529288.360449941000000,181139.814609785000000
834,0,0,0,0,60.340000000000000,14.870000000000000,157.520000000000000,0,529293.000392443000000,181143.730745563000000
835,0,0,0,0,65.100000000000000,10.000000000000000,156.140000000000000,0,529298.845914202000000,181146.833539570000000
836,0,0,0,0,70.170000000000000,8.160000000000000,155.040000000000000,0,529304.691428980000000,181149.936340432000000
837,0,0,0,0,76.160000000000000,9.710000000000000,155.780000000000000,0,529309.583757331000000,181154.280924068000000
838,0,0,0,0,78.520000000000000,12.460000000000000,155.080000000000000,0,529312.583024264000000,181155.412267000000000
839,0,0,0,0,75.960000000000000,20.770000000000000,188.240000000000000,0,529266.362109467000000,181160.988503970000000
840,0,0,0,0,79.310000000000000,27.610000000000000,185.760000000000000,0,529274.422843768000000,181164.991638299000000
841,0,0,0,0,85.620000000000000,15.760000000000000,185.290000000000000,0,529282.561489598000000,181171.106817445000000
842,0,0,0,0,90.060000000000000,9.360000000000000,183.490000000000000,0,529290.369787669000000,181174.681546408000000
843,0,0,0,0,95.090000000000000,9.150000000000000,183.270000000000000,0,529296.588519919000000,181178.637854377000000
844,0,0,0,0,102.310000000000000,15.610000000000000,184.870000000000000,0,529303.022091449000000,181184.498681622000000
845,0,0,0,0,83.400000000000000,16.390000000000000,155.990000000000000,0,529316.444250308000000,181158.886600579000000
846,0,0,0,0,89.780000000000000,24.570000000000000,155.810000000000000,0,529323.068423561000000,181162.431247998000000
847,3,0,3,0,108.390000000000000,15.750000000000000,184.580000000000000,1,529310.819623824000000,181188.495179593000000
848,0,0,0,0,113.000000000000000,9.950000000000000,183.830000000000000,0,529317.470590700000000,181190.985478073000000
849,3,0,3,0,119.160000000000000,9.590000000000000,185.850000000000000,1,529322.620637210000000,181195.547639869000000
850,0,0,0,0,96.100000000000000,20.990000000000000,156.150000000000000,0,529329.297880537000000,181165.965859204000000
851,0,0,0,0,100.920000000000000,19.640000000000000,156.620000000000000,0,529333.969967685000000,181168.616822731000000
852,0,0,0,0,107.590000000000000,18.440000000000000,158.020000000000000,0,529339.925538143000000,181172.566487248000000
853,0,0,0,0,124.330000000000000,12.330000000000000,187.200000000000000,0,529327.534370158000000,181199.048768164000000
854,0,0,0,0,128.640000000000000,15.910000000000000,187.740000000000000,0,529332.474929545000000,181201.495559053000000
855,0,0,0,0,134.340000000000000,9.680000000000000,189.840000000000000,0,529337.377916394000000,181205.418434027000000
856,0,0,0,0,114.820000000000000,12.370000000000000,159.500000000000000,0,529346.670512303000000,181176.536251579000000
857,0,0,0,0,121.110000000000000,9.060000000000000,161.460000000000000,0,529352.105156391000000,181180.261667155000000
858,0,1,1,0,140.070000000000000,10.030000000000000,192.440000000000000,1,529341.880824756000000,181209.542136289000000
859,0,0,0,0,181.720000000000000,21.780000000000000,266.470000000000000,0,529285.383280782000000,181267.185863557000000
860,0,0,0,0,183.880000000000000,28.300000000000000,265.950000000000000,0,529290.734584524000000,181269.010051045000000
861,0,0,0,0,187.250000000000000,22.170000000000000,266.490000000000000,0,529296.190624719000000,181271.891934209000000
862,0,0,0,0,189.680000000000000,16.950000000000000,266.270000000000000,0,529301.410353716000000,181273.712785578000000
863,1,0,1,0,193.250000000000000,9.880000000000000,265.590000000000000,1,529309.776937007000000,181276.035727300000000
864,0,0,0,0,194.650000000000000,8.320000000000000,264.600000000000000,0,529314.502588784000000,181276.577989875000000
865,0,0,0,0,188.910000000000000,14.780000000000000,258.010000000000000,0,529316.505498416000000,181270.298807624000000
866,0,0,0,0,184.890000000000000,19.690000000000000,253.000000000000000,0,529318.597049694000000,181265.709922080000000
867,0,0,0,0,181.300000000000000,24.220000000000000,248.430000000000000,0,529320.546305411000000,181261.539426178000000
868,0,0,0,0,175.450000000000000,30.220000000000000,242.530000000000000,0,529320.833493137000000,181255.427588473000000
869,0,0,0,0,171.460000000000000,34.740000000000000,238.020000000000000,0,529321.867152320000000,181251.022787611000000
870,0,0,0,0,167.460000000000000,39.580000000000000,233.160000000000000,0,529323.432447324000000,181246.420511318000000
871,0,0,0,0,164.230000000000000,43.900000000000000,228.790000000000000,0,529325.376347004000000,181242.460885675000000
872,0,0,0,0,157.390000000000000,36.570000000000000,218.710000000000000,0,529330.475093657000000,181233.517429581000000
873,0,0,0,0,152.000000000000000,29.480000000000000,211.600000000000000,0,529332.883472523000000,181226.826561836000000
874,0,0,0,0,148.010000000000000,24.220000000000000,206.300000000000000,0,529334.591084749000000,181221.805900382000000
875,0,0,0,0,145.080000000000000,19.150000000000000,201.360000000000000,0,529337.203573814000000,181217.441284688000000
876,0,0,0,0,222.540000000000000,19.100000000000000,265.750000000000000,0,529366.712987487000000,181289.090140027000000
877,0,0,0,0,221.100000000000000,21.700000000000000,266.580000000000000,0,529362.360576618000000,181289.401350170000000
878,0,0,0,0,214.770000000000000,23.390000000000000,265.030000000000000,0,529352.826045478000000,181286.415574557000000
879,0,0,0,0,211.120000000000000,21.970000000000000,264.510000000000000,0,529346.680016593000000,181284.782096373000000
880,0,0,0,0,208.800000000000000,21.070000000000000,265.380000000000000,0,529340.501781372000000,181284.413836555000000
881,0,0,0,0,204.670000000000000,12.380000000000000,264.310000000000000,0,529334.508780168000000,181281.940247989000000
882,0,0,0,0,203.350000000000000,8.630000000000000,265.640000000000000,0,529329.372336580000000,181282.020526960000000
883,0,0,0,0,199.650000000000000,13.370000000000000,260.900000000000000,0,529331.326962672000000,181277.639166579000000
884,0,0,0,0,194.990000000000000,19.080000000000000,255.140000000000000,0,529333.308425864000000,181272.203464537000000
885,0,0,0,0,192.060000000000000,22.940000000000000,251.330000000000000,0,529334.846891898000000,181268.655533944000000
886,0,0,0,0,188.440000000000000,27.220000000000000,246.980000000000000,0,529336.006761065000000,181264.464952721000000
887,0,0,0,0,183.750000000000000,33.180000000000000,241.020000000000000,0,529337.993600483000000,181258.818383975000000
888,0,0,0,0,181.280000000000000,36.600000000000000,237.640000000000000,0,529339.389772470000000,181255.688843058000000
889,0,0,0,0,176.770000000000000,42.620000000000000,231.650000000000000,0,529341.508185378000000,181250.045624270000000
890,0,0,0,0,173.340000000000000,45.530000000000000,226.990000000000000,0,529343.199698519000000,181245.657570934000000
891,0,0,0,0,168.580000000000000,39.610000000000000,220.910000000000000,0,529344.797217699000000,181239.790090135000000
892,0,0,0,0,165.330000000000000,35.050000000000000,215.930000000000000,0,529347.020372979000000,181235.204564652000000
893,0,0,0,0,161.570000000000000,30.160000000000000,210.660000000000000,0,529348.727997103000000,181230.183907712000000
894,0,0,0,0,158.630000000000000,26.160000000000000,205.920000000000000,0,529350.814224638000000,181225.805903428000000
895,0,0,0,0,156.150000000000000,23.060000000000000,201.600000000000000,0,529352.889720515000000,181221.849636880000000
896,1,0,1,0,150.860000000000000,13.650000000000000,191.610000000000000,1,529357.862334764000000,181212.691990028000000
897,0,0,0,0,152.620000000000000,17.620000000000000,196.080000000000000,0,529354.865857244000000,181216.624811419000000
898,0,0,0,0,148.050000000000000,9.610000000000000,186.990000000000000,0,529359.422304508000000,181208.300592816000000
899,0,0,0,0,144.970000000000000,6.490000000000000,180.950000000000000,0,529362.067028760000000,181202.670778853000000
900,0,0,0,0,142.200000000000000,9.390000000000000,174.160000000000000,0,529365.648840527000000,181196.431805813000000
901,0,0,0,0,138.060000000000000,11.180000000000000,166.790000000000000,0,529367.673311358000000,181189.309169176000000
902,0,0,0,0,232.420000000000000,9.960000000000000,270.260000000000000,0,529378.156569591000000,181294.656607915000000
903,2,0,2,0,136.420000000000000,14.220000000000000,161.370000000000000,1,529370.696654726000000,181184.322012891000000
904,0,0,0,0,134.220000000000000,23.250000000000000,154.950000000000000,0,529373.615276525000000,181178.277166689000000
905,0,0,0,0,131.310000000000000,15.770000000000000,147.320000000000000,0,529376.302977379000000,181170.960412405000000
906,4,0,4,0,130.190000000000000,10.320000000000000,140.890000000000000,1,529379.747889082000000,181164.928967835000000
907,0,0,0,0,118.050000000000000,13.880000000000000,153.670000000000000,0,529355.708439774000000,181173.179213469000000
908,0,0,0,0,114.030000000000000,16.140000000000000,144.340000000000000,0,529358.959966727000000,181164.399767447000000
909,3,0,3,0,110.760000000000000,10.200000000000000,135.960000000000000,1,529361.663755465000000,181156.450400471000000
910,0,0,0,0,110.330000000000000,7.570000000000000,131.260000000000000,0,529364.402499727000000,181152.300015865000000
911,0,0,0,0,108.870000000000000,9.460000000000000,124.770000000000000,0,529366.926420896000000,181146.245118233000000
912,5,0,5,0,72.710000000000000,46.990000000000000,108.640000000000000,1,529341.299457965000000,181118.584167092000000
913,1,0,1,0,155.480000000000000,8.440000000000000,111.650000000000000,1,529389.819468842000000,181136.488695646000000
914,3,0,3,0,140.550000000000000,6.170000000000000,102.110000000000000,1,529376.546925693000000,181125.178517430000000
915,0,0,0,0,135.630000000000000,9.120000000000000,95.640000000000000,0,529379.334013488000000,181119.130324830000000
916,0,0,0,0,151.340000000000000,13.650000000000000,106.540000000000000,0,529391.395592413000000,181131.464702665000000
917,0,0,0,0,146.110000000000000,12.200000000000000,99.770000000000000,0,529393.935662106000000,181124.777212714000000
918,0,0,0,0,130.360000000000000,15.170000000000000,88.830000000000000,0,529381.868703609000000,181112.653697529000000
919,0,0,0,0,124.930000000000000,22.190000000000000,81.600000000000000,0,529384.545707593000000,181105.758684365000000
920,2,2,4,0,139.730000000000000,18.680000000000000,91.370000000000000,1,529396.913402274000000,181116.412826898000000
921,0,0,0,0,134.740000000000000,26.060000000000000,84.150000000000000,0,529400.259016776000000,181109.112835221000000
922,0,0,0,0,131.470000000000000,31.270000000000000,79.280000000000000,0,529402.493011021000000,181104.105596349000000
923,0,0,0,0,127.860000000000000,34.890000000000000,73.720000000000000,0,529405.143199787000000,181098.264935619000000
924,0,0,0,0,122.700000000000000,40.390000000000000,66.050000000000000,0,529407.984030594000000,181090.108074202000000
925,0,0,0,0,107.210000000000000,49.240000000000000,55.250000000000000,0,529394.936957501000000,181080.280629320000000
926,1,0,1,0,110.330000000000000,43.020000000000000,61.030000000000000,1,529391.765856894000000,181085.897027090000000
927,1,0,1,0,113.670000000000000,37.130000000000000,66.700000000000000,1,529388.863273804000000,181091.309258053000000
928,1,0,1,0,118.930000000000000,29.700000000000000,74.080000000000000,1,529386.312459752000000,181098.418487201000000
929,2,0,2,0,103.080000000000000,39.470000000000000,48.540000000000000,1,529397.345481460000000,181073.589791078000000
930,0,0,0,0,99.090000000000000,33.290000000000000,42.310000000000000,0,529398.953842840000000,181067.300590093000000
931,1,0,1,0,118.000000000000000,43.280000000000000,58.970000000000000,1,529410.389221412000000,181082.373608875000000
932,0,0,0,0,111.250000000000000,24.790000000000000,46.400000000000000,0,529417.750046082000000,181066.320256101000000
933,0,0,0,0,95.570000000000000,26.510000000000000,35.870000000000000,0,529401.281180076000000,181060.613188619000000
934,0,0,0,0,88.360000000000000,10.750000000000000,20.190000000000000,0,529408.728503891000000,181041.162789422000000
935,0,0,0,0,106.820000000000000,8.130000000000000,37.810000000000000,0,529425.365649558000000,181049.518015040000000
936,0,0,0,0,107.510000000000000,12.950000000000000,39.500000000000000,0,529422.400147707000000,181054.919041033000000
937,3,0,3,0,62.810000000000000,62.810000000000000,72.010000000000000,1,529340.928404056000000,181070.785287181000000
938,0,0,0,0,68.630000000000000,64.280000000000000,70.240000000000000,0,529346.494163850000000,181074.326177748000000
939,1,0,1,0,74.070000000000000,58.810000000000000,68.980000000000000,1,529351.716259830000000,181077.480634714000000
940,1,0,1,0,80.980000000000000,11.510000000000000,13.650000000000000,1,529402.343264417000000,181037.412118070000000
941,5,1,6,0,74.580000000000000,14.280000000000000,8.650000000000000,1,529397.135570460000000,181033.691437097000000
942,2,0,2,0,69.000000000000000,13.080000000000000,7.260000000000000,1,529392.257110542000000,181030.923376426000000
943,3,0,3,0,63.180000000000000,15.090000000000000,10.540000000000000,1,529386.657697378000000,181028.703504856000000
944,2,0,2,0,57.380000000000000,18.710000000000000,15.410000000000000,1,529381.180839752000000,181026.297913304000000
945,0,0,0,0,52.130000000000000,23.070000000000000,20.510000000000000,0,529376.047635405000000,181024.278769153000000
946,0,0,0,0,47.190000000000000,27.890000000000000,25.760000000000000,0,529370.904818728000000,181022.637078464000000
947,5,0,5,0,43.550000000000000,30.070000000000000,33.460000000000000,1,529379.494908931000000,180996.280582491000000
948,0,18,18,0,49.440000000000000,25.260000000000000,29.270000000000000,1,529385.184712581000000,180998.096883179000000
949,3,0,3,0,54.720000000000000,18.530000000000000,22.830000000000000,1,529389.520842229000000,181003.341011421000000
950,5,0,5,0,60.060000000000000,15.650000000000000,20.830000000000000,1,529394.785224867000000,181004.310768152000000
951,1,0,1,0,66.000000000000000,13.610000000000000,19.460000000000000,1,529400.478052500000000,181006.007774411000000
952,0,0,0,0,69.650000000000000,19.400000000000000,25.340000000000000,0,529405.143798643000000,181001.231619678000000
953,0,0,0,0,70.390000000000000,24.310000000000000,30.250000000000000,0,529406.456452603000000,180996.489477054000000
954,0,0,0,0,83.540000000000000,20.400000000000000,24.920000000000000,0,529417.255693151000000,181011.210560543000000
955,6,0,6,0,72.880000000000000,23.160000000000000,36.170000000000000,1,529409.198771478000000,180991.186792992000000
956,1,1,2,0,76.340000000000000,17.660000000000000,41.900000000000000,1,529412.548599110000000,180986.344366667000000
957,2,0,2,0,87.910000000000000,24.760000000000000,34.250000000000000,1,529423.249528553000000,181003.628729275000000
958,0,0,0,0,90.190000000000000,20.750000000000000,40.200000000000000,0,529426.201611203000000,180997.939559188000000
959,0,0,0,0,92.320000000000000,16.010000000000000,45.190000000000000,0,529428.602642994000000,180993.220514054000000
960,1,0,1,0,95.640000000000000,12.730000000000000,50.380000000000000,1,529431.950138762000000,180989.228543871000000
961,4,0,4,0,97.960000000000000,9.680000000000000,55.280000000000000,1,529434.088174435000000,180984.502803042000000
962,0,0,0,0,101.760000000000000,9.680000000000000,62.190000000000000,0,529437.321176864000000,180978.117823672000000
963,0,0,0,0,98.580000000000000,17.600000000000000,73.350000000000000,0,529429.980274186000000,180959.794251265000000
964,0,0,0,0,96.400000000000000,20.230000000000000,74.430000000000000,0,529426.716844357000000,180957.039857452000000
965,0,0,0,0,93.330000000000000,14.020000000000000,75.360000000000000,0,529422.313715321000000,180954.256442401000000
966,0,0,0,0,79.100000000000000,13.400000000000000,47.600000000000000,0,529414.863534160000000,180981.141426316000000
967,1,0,1,0,82.400000000000000,10.150000000000000,52.780000000000000,1,529417.547293326000000,180976.646882876000000
968,2,0,2,0,86.380000000000000,8.870000000000000,58.450000000000000,1,529420.655928567000000,180971.829290776000000
969,0,0,0,0,83.650000000000000,12.500000000000000,58.830000000000000,0,529417.436807734000000,180970.077966744000000
970,1,0,1,0,79.180000000000000,20.770000000000000,58.250000000000000,1,529412.532359758000000,180969.062758481000000
971,2,0,2,0,75.790000000000000,17.720000000000000,60.030000000000000,1,529408.092428330000000,180966.167455347000000
972,1,0,1,0,72.230000000000000,16.220000000000000,61.960000000000000,1,529403.299848582000000,180963.485756838000000
973,1,0,1,0,69.270000000000000,16.160000000000000,64.520000000000000,1,529398.790511190000000,180960.588695051000000
974,0,0,0,0,66.340000000000000,18.130000000000000,66.400000000000000,0,529394.533267901000000,180958.699664556000000
975,0,0,0,0,91.440000000000000,9.070000000000000,77.920000000000000,0,529418.426703979000000,180950.293577119000000
976,0,0,0,0,98.420000000000000,14.220000000000000,85.420000000000000,0,529422.965761795000000,180943.843063718000000
977,0,0,0,0,103.550000000000000,19.150000000000000,90.660000000000000,0,529426.410072272000000,180939.479182131000000
978,1,0,1,0,108.370000000000000,24.040000000000000,96.130000000000000,1,529429.171754869000000,180934.652758619000000
979,1,0,1,0,57.690000000000000,5.620000000000000,94.110000000000000,1,529360.483497562000000,180938.147841841000000
980,2,0,2,0,56.250000000000000,6.490000000000000,89.360000000000000,1,529364.309722549000000,180941.733208178000000
981,0,0,0,0,56.460000000000000,9.210000000000000,85.810000000000000,0,529368.355324671000000,180944.028628633000000
982,1,0,1,0,56.860000000000000,13.810000000000000,81.670000000000000,1,529372.820705853000000,180946.932676803000000
983,1,0,1,0,57.640000000000000,17.970000000000000,78.200000000000000,1,529376.736945634000000,180949.424124056000000
984,1,0,1,0,60.370000000000000,20.280000000000000,74.740000000000000,1,529382.525045468000000,180951.664258634000000
985,0,0,0,0,62.450000000000000,24.080000000000000,71.310000000000000,0,529387.244050639000000,180954.375464040000000
986,1,0,1,0,63.450000000000000,26.230000000000000,69.610000000000000,1,529389.445661134000000,180955.826705061000000
987,0,0,0,0,74.660000000000000,4.900000000000000,92.860000000000000,0,529383.993440197000000,180933.065891040000000
988,0,0,0,0,76.170000000000000,10.400000000000000,89.910000000000000,0,529388.968637603000000,180935.484650195000000
989,0,0,0,0,78.060000000000000,15.830000000000000,87.320000000000000,0,529393.884223923000000,180937.802240294000000
990,0,0,0,0,79.020000000000000,14.740000000000000,84.800000000000000,0,529397.303324858000000,180940.281046303000000
991,1,0,1,0,84.110000000000000,12.130000000000000,99.660000000000000,1,529389.841076239000000,180925.640876136000000
992,0,0,0,0,88.570000000000000,16.110000000000000,103.680000000000000,0,529391.811837242000000,180921.505480808000000
993,2,0,2,0,90.740000000000000,19.740000000000000,113.940000000000000,1,529381.915896349000000,180912.085154498000000
994,0,0,0,0,94.190000000000000,21.530000000000000,108.400000000000000,0,529394.794628122000000,180916.698257459000000
995,0,0,0,0,95.720000000000000,23.900000000000000,116.860000000000000,0,529385.981750856000000,180908.700688186000000
996,0,0,0,0,103.110000000000000,31.340000000000000,123.530000000000000,0,529388.831360510000000,180901.797286094000000
997,0,0,0,0,109.290000000000000,28.320000000000000,128.890000000000000,0,529391.645479793000000,180896.288171624000000
998,0,0,0,0,118.130000000000000,25.460000000000000,136.880000000000000,0,529395.333385306000000,180888.210238154000000
999,0,0,0,0,100.920000000000000,28.120000000000000,114.390000000000000,0,529398.056422186000000,180910.702262189000000
1000,1,0,1,0,108.190000000000000,35.340000000000000,120.680000000000000,1,529401.944720078000000,180904.522907527000000
1001,0,0,0,0,113.800000000000000,49.610000000000000,126.120000000000000,0,529404.194497823000000,180899.198743435000000
1002,1,0,1,0,120.940000000000000,55.210000000000000,132.280000000000000,1,529408.261631578000000,180893.322915819000000
1003,0,0,0,0,124.780000000000000,38.340000000000000,136.320000000000000,0,529409.357349124000000,180889.364558515000000
1004,0,0,0,0,126.090000000000000,26.180000000000000,143.780000000000000,0,529399.363730468000000,180881.336902758000000
1005,0,0,0,0,132.980000000000000,29.100000000000000,149.580000000000000,0,529403.301514152000000,180875.657090504000000
1006,0,0,0,0,150.100000000000000,34.510000000000000,164.630000000000000,0,529412.560723541000000,180861.243356684000000
1007,0,0,0,0,157.530000000000000,29.600000000000000,171.050000000000000,0,529417.065432415000000,180855.279020441000000
1008,0,0,0,0,163.910000000000000,26.250000000000000,176.670000000000000,0,529420.804144748000000,180850.092433371000000
1009,0,0,0,0,162.380000000000000,38.750000000000000,170.070000000000000,0,529430.849794003000000,180858.520080497000000
1010,0,0,0,0,169.660000000000000,37.650000000000000,176.510000000000000,0,529435.592954329000000,180852.960458052000000
1011,0,0,0,0,177.030000000000000,37.260000000000000,183.510000000000000,0,529439.483874883000000,180846.681539350000000
1012,0,0,0,0,183.660000000000000,30.850000000000000,189.280000000000000,0,529444.206762955000000,180841.918659501000000
1013,0,0,0,0,170.950000000000000,23.950000000000000,182.980000000000000,0,529424.868797551000000,180844.316210375000000
1014,0,0,0,0,177.540000000000000,24.590000000000000,188.550000000000000,0,529429.532066347000000,180839.452142728000000
1015,0,0,0,0,182.800000000000000,25.780000000000000,193.270000000000000,0,529432.748292406000000,180835.248822222000000
1016,0,0,0,0,188.760000000000000,26.540000000000000,198.320000000000000,0,529437.147784825000000,180830.975982081000000
1017,0,0,0,0,193.560000000000000,22.170000000000000,202.930000000000000,0,529439.431870297000000,180826.748926001000000
1018,0,0,0,0,198.900000000000000,17.270000000000000,207.890000000000000,0,529442.466754524000000,180822.341679744000000
1019,0,0,0,0,204.190000000000000,12.500000000000000,212.660000000000000,0,529445.866895658000000,180818.242707290000000
1020,0,0,0,0,194.220000000000000,20.860000000000000,198.760000000000000,0,529451.310136360000000,180834.027408931000000
1021,0,0,0,0,201.400000000000000,14.160000000000000,205.560000000000000,0,529455.439516619000000,180828.153200754000000
1022,0,0,0,0,210.250000000000000,8.250000000000000,218.260000000000000,0,529449.473765846000000,180813.351750711000000
1023,0,0,0,0,212.000000000000000,6.820000000000000,215.560000000000000,0,529461.750280865000000,180819.643836008000000
1024,0,0,0,0,210.600000000000000,11.760000000000000,212.710000000000000,0,529464.696375580000000,180823.605483212000000
1025,0,0,0,0,210.530000000000000,15.540000000000000,210.740000000000000,0,529469.265806546000000,180827.309515578000000
1026,0,0,0,0,210.700000000000000,10.720000000000000,209.310000000000000,0,529473.107269386000000,180830.297412159000000
1027,0,0,0,0,211.360000000000000,6.010000000000000,208.400000000000000,0,529477.083163148000000,180832.890110657000000
1028,0,0,0,0,232.010000000000000,27.120000000000000,232.250000000000000,0,529479.947014299000000,180808.347920590000000
1029,0,0,0,0,231.860000000000000,23.450000000000000,230.460000000000000,0,529484.146124547000000,180811.942875371000000
1030,0,0,0,0,231.940000000000000,19.140000000000000,229.000000000000000,0,529488.166410091000000,180815.234308413000000
1031,0,0,0,0,231.400000000000000,14.290000000000000,226.690000000000000,0,529492.283065635000000,180819.624421555000000
1032,0,0,0,0,231.480000000000000,11.590000000000000,225.300000000000000,0,529495.930478636000000,180822.906361026000000
1033,0,0,0,0,232.190000000000000,11.240000000000000,223.920000000000000,0,529501.354671585000000,180827.230140876000000
1034,0,0,0,0,233.570000000000000,14.980000000000000,223.210000000000000,0,529507.037579972000000,180831.161893382000000
1035,0,0,0,0,212.890000000000000,7.490000000000000,203.580000000000000,0,529491.879513183000000,180845.225856633000000
1036,0,0,0,0,203.210000000000000,13.900000000000000,194.030000000000000,0,529485.656242439000000,180852.740849402000000
1037,0,0,0,0,197.970000000000000,18.940000000000000,188.660000000000000,0,529482.680941889000000,180857.249245404000000
1038,0,0,0,0,194.360000000000000,22.210000000000000,185.190000000000000,0,529480.188855385000000,180859.876480366000000
1039,2,0,2,0,190.420000000000000,26.320000000000000,181.030000000000000,1,529478.168543611000000,180863.512300199000000
1040,0,0,0,0,205.430000000000000,9.330000000000000,202.620000000000000,0,529473.540958618000000,180837.683039225000000
1041,0,0,0,0,200.430000000000000,14.030000000000000,198.130000000000000,0,529469.726099540000000,180840.974177303000000
1042,0,0,0,0,193.940000000000000,20.060000000000000,191.980000000000000,0,529465.557401009000000,180845.950464482000000
1043,0,0,0,0,188.620000000000000,25.170000000000000,186.940000000000000,0,529462.157260478000000,180850.049423872000000
1044,0,0,0,0,182.770000000000000,39.860000000000000,181.720000000000000,0,529457.827515104000000,180854.025049912000000
1045,1,0,1,0,183.990000000000000,33.020000000000000,175.590000000000000,1,529472.427267218000000,180866.754358501000000
1046,1,0,1,0,175.560000000000000,41.410000000000000,167.020000000000000,1,529467.519199096000000,180873.904250561000000
1047,4,0,4,0,176.070000000000000,45.690000000000000,175.120000000000000,1,529454.138225902000000,180859.711152412000000
1048,0,0,0,0,169.350000000000000,51.320000000000000,168.840000000000000,0,529449.840197965000000,180864.883470096000000
1049,0,0,0,0,162.760000000000000,56.710000000000000,163.030000000000000,0,529445.060254466000000,180869.445578153000000
1050,0,0,0,0,155.170000000000000,63.380000000000000,156.230000000000000,0,529439.882097465000000,180874.994112930000000
1051,1,0,1,0,150.690000000000000,66.220000000000000,142.260000000000000,1,529452.141946430000000,180894.141440725000000
1052,0,0,0,0,145.050000000000000,60.910000000000000,136.350000000000000,0,529449.027192984000000,180899.244241255000000
1053,0,0,0,0,145.510000000000000,63.200000000000000,146.310000000000000,0,529435.485177274000000,180884.050524615000000
1054,2,0,2,0,139.790000000000000,57.660000000000000,130.930000000000000,1,529445.987271092000000,180903.850667136000000
1055,1,0,1,0,133.390000000000000,50.930000000000000,124.280000000000000,1,529442.298027879000000,180909.536777849000000
1056,1,0,1,0,129.290000000000000,46.400000000000000,119.490000000000000,1,529440.506038696000000,180913.975677937000000
1057,0,0,0,0,124.010000000000000,40.930000000000000,114.250000000000000,0,529437.100887944000000,180918.273837155000000
1058,0,0,0,0,119.210000000000000,35.720000000000000,108.860000000000000,0,529434.615195142000000,180923.093697376000000
1059,0,0,0,0,114.320000000000000,30.520000000000000,103.640000000000000,0,529431.764262498000000,180927.605287552000000
1060,0,0,0,0,139.820000000000000,63.750000000000000,140.700000000000000,0,529432.497257199000000,180889.056908474000000
1061,0,0,0,0,135.510000000000000,59.670000000000000,136.800000000000000,0,529429.738887474000000,180892.374980204000000
1062,0,0,0,0,130.150000000000000,54.230000000000000,131.470000000000000,0,529427.004620392000000,180897.188513774000000
1063,1,0,1,0,124.150000000000000,48.140000000000000,125.520000000000000,1,529423.944428474000000,180902.591687387000000
1064,0,0,0,0,118.240000000000000,42.400000000000000,119.930000000000000,0,529420.583674878000000,180907.588583013000000
1065,1,0,1,0,114.340000000000000,38.020000000000000,115.580000000000000,1,529419.172167168000000,180911.738209549000000
1066,1,0,1,0,107.500000000000000,31.190000000000000,108.840000000000000,1,529415.594564443000000,180917.925463346000000
1067,0,0,0,0,100.620000000000000,24.340000000000000,101.960000000000000,0,529412.074040364000000,180924.313485665000000
1068,0,0,0,0,94.980000000000000,18.390000000000000,95.840000000000000,0,529409.625157372000000,180930.130858722000000
1069,2,0,2,0,90.430000000000000,15.500000000000000,92.270000000000000,1,529406.372222198000000,180933.336692226000000
1070,2,0,2,0,107.840000000000000,16.530000000000000,72.230000000000000,1,529441.966935465000000,180968.923597890000000
1071,4,0,4,0,104.770000000000000,24.240000000000000,80.600000000000000,1,529434.512469548000000,180953.984583199000000
1072,2,0,2,0,112.190000000000000,32.760000000000000,89.400000000000000,1,529439.609382743000000,180946.739816658000000
1073,2,0,2,0,115.850000000000000,37.250000000000000,93.940000000000000,1,529441.885815107000000,180942.811537370000000
1074,4,0,4,0,119.760000000000000,41.690000000000000,98.440000000000000,1,529444.467888073000000,180939.090356587000000
1075,1,0,1,0,124.160000000000000,45.860000000000000,102.750000000000000,1,529447.902197882000000,180936.088479255000000
1076,0,0,0,0,111.790000000000000,21.480000000000000,77.520000000000000,0,529445.061350542000000,180964.617528220000000
1077,1,0,1,0,115.910000000000000,26.700000000000000,82.980000000000000,1,529448.160844091000000,180960.112276653000000
1078,0,0,0,0,121.750000000000000,33.770000000000000,90.170000000000000,0,529452.595764007000000,180954.445164597000000
1079,0,0,0,0,126.460000000000000,28.710000000000000,96.100000000000000,0,529455.953985228000000,180949.547881670000000
1080,0,0,0,0,130.050000000000000,26.320000000000000,100.500000000000000,0,529458.471386795000000,180945.924716815000000
1081,0,0,0,0,133.970000000000000,24.010000000000000,104.930000000000000,0,529461.416175376000000,180942.611409510000000
1082,0,0,0,0,137.940000000000000,23.280000000000000,110.020000000000000,0,529463.894274861000000,180938.090337586000000
1083,0,0,0,0,128.850000000000000,37.640000000000000,108.030000000000000,0,529450.996636242000000,180931.782413001000000
1084,1,0,1,0,134.700000000000000,36.850000000000000,114.340000000000000,1,529454.978828600000000,180926.801365948000000
1085,0,0,0,0,138.960000000000000,36.950000000000000,118.930000000000000,0,529457.869093349000000,180923.187698082000000
1086,1,0,1,0,143.520000000000000,37.890000000000000,123.890000000000000,1,529460.831652091000000,180919.177247360000000
1087,1,0,1,0,148.680000000000000,39.660000000000000,129.480000000000000,1,529464.179754567000000,180914.678337029000000
1088,0,0,0,0,154.400000000000000,42.660000000000000,135.760000000000000,0,529467.732049429000000,180909.487035008000000
1089,0,0,0,0,159.090000000000000,45.350000000000000,140.760000000000000,0,529470.756765948000000,180905.478172940000000
1090,1,0,1,0,164.960000000000000,32.780000000000000,147.240000000000000,1,529474.192399846000000,180899.984933594000000
1091,1,0,1,0,170.570000000000000,32.280000000000000,152.840000000000000,1,529478.213945996000000,180895.901813978000000
1092,2,0,2,0,142.580000000000000,22.590000000000000,115.180000000000000,1,529467.289288651000000,180934.190563473000000
1093,0,0,0,0,148.090000000000000,25.120000000000000,122.130000000000000,0,529470.496629392000000,180927.894254787000000
1094,0,0,0,0,152.690000000000000,25.950000000000000,126.750000000000000,0,529474.179531492000000,180924.898727223000000
1095,0,0,0,0,156.480000000000000,27.970000000000000,130.870000000000000,0,529476.870698232000000,180921.778279840000000
1096,3,0,3,0,161.240000000000000,30.540000000000000,135.780000000000000,1,529480.501615315000000,180918.382806197000000
1097,0,0,0,0,165.080000000000000,19.810000000000000,140.920000000000000,0,529482.127510096000000,180913.142435215000000
1098,0,0,0,0,168.090000000000000,18.970000000000000,144.270000000000000,0,529484.062828719000000,180910.401360360000000
1099,0,0,0,0,184.240000000000000,34.690000000000000,166.300000000000000,0,529488.281148638000000,180886.391963071000000
1100,0,0,0,0,197.980000000000000,28.370000000000000,180.280000000000000,0,529497.690193083000000,180875.868795781000000
1101,0,0,0,0,203.590000000000000,21.780000000000000,185.770000000000000,0,529501.890592375000000,180872.089220172000000
1102,0,0,0,0,202.200000000000000,14.850000000000000,179.790000000000000,0,529508.357095200000000,180884.312433423000000
1103,0,0,0,0,209.240000000000000,17.910000000000000,187.340000000000000,0,529512.864439239000000,180878.248588643000000
1104,0,0,0,0,213.620000000000000,14.250000000000000,191.880000000000000,0,529515.873981632000000,180874.837303785000000
1105,0,0,0,0,212.850000000000000,15.850000000000000,201.710000000000000,0,529495.628355530000000,180849.407289497000000
1106,0,0,0,0,215.020000000000000,20.120000000000000,201.980000000000000,0,529500.844548654000000,180852.131266500000000
1107,0,0,0,0,215.610000000000000,17.700000000000000,201.020000000000000,0,529504.305502282000000,180855.408462295000000
1108,0,0,0,0,216.490000000000000,13.210000000000000,200.300000000000000,0,529508.015023754000000,180858.691994623000000
1109,4,0,4,0,216.440000000000000,10.140000000000000,198.710000000000000,1,529510.839310649000000,180862.550910860000000
1110,0,0,0,0,233.960000000000000,26.960000000000000,221.510000000000000,0,529512.011523994000000,180836.072151433000000
1111,0,0,0,0,233.470000000000000,21.500000000000000,219.340000000000000,0,529515.374808179000000,180840.742056742000000
1112,0,0,0,0,234.480000000000000,17.120000000000000,218.650000000000000,0,529519.695614839000000,180844.439800963000000
1113,0,0,0,0,234.980000000000000,13.500000000000000,217.600000000000000,0,529523.268158472000000,180848.218136252000000
1114,0,0,0,0,235.220000000000000,10.880000000000000,216.320000000000000,0,529526.524904553000000,180852.187739066000000
1115,0,0,0,0,244.520000000000000,14.290000000000000,222.260000000000000,0,529540.113333738000000,180855.445289879000000
1116,0,0,0,0,250.620000000000000,9.230000000000000,228.510000000000000,0,529544.401097509000000,180850.887365166000000
1117,0,0,0,0,255.690000000000000,7.540000000000000,233.920000000000000,0,529547.505782262000000,180846.425428384000000
1118,0,0,0,0,262.290000000000000,10.300000000000000,240.910000000000000,0,529551.586504668000000,180840.726963543000000
1119,1,0,1,0,271.050000000000000,21.280000000000000,254.010000000000000,1,529547.836998131000000,180821.079547029000000
1120,1,0,1,0,250.490000000000000,9.650000000000000,225.560000000000000,1,529549.921427589000000,180859.731799488000000
1121,0,0,0,0,251.730000000000000,12.540000000000000,225.410000000000000,0,529553.528380443000000,180863.355688535000000
1122,0,0,0,0,254.690000000000000,14.070000000000000,227.510000000000000,0,529557.517442348000000,180864.340361409000000
1123,0,0,0,0,266.290000000000000,8.800000000000000,241.300000000000000,0,529562.373719111000000,180849.831809979000000
1124,0,0,0,0,265.070000000000000,6.820000000000000,241.450000000000000,0,529558.534000832000000,180846.075840349000000
1125,0,0,0,0,267.780000000000000,14.750000000000000,246.670000000000000,0,529555.087706794000000,180836.148997390000000
1126,1,0,1,0,272.990000000000000,19.470000000000000,252.030000000000000,1,529558.576061243000000,180832.075269617000000
1127,0,0,0,0,280.380000000000000,12.280000000000000,259.960000000000000,0,529562.764387322000000,180825.244287529000000
1128,0,0,0,0,297.120000000000000,14.410000000000000,278.070000000000000,0,529571.444536795000000,180808.941110288000000
1129,2,0,2,0,300.650000000000000,10.300000000000000,282.040000000000000,1,529572.805918609000000,180804.939307603000000
1130,0,0,0,0,304.880000000000000,4.780000000000000,287.000000000000000,0,529573.812573234000000,180799.414770444000000
1131,0,0,0,0,315.860000000000000,8.410000000000000,303.940000000000000,0,529563.513719345000000,180771.148933768000000
1132,0,0,0,0,320.890000000000000,4.500000000000000,307.370000000000000,0,529571.819477896000000,180772.622081144000000
1133,0,0,0,0,328.040000000000000,4.240000000000000,315.420000000000000,0,529573.611200696000000,180764.090176166000000
1134,0,0,0,0,336.910000000000000,6.950000000000000,325.300000000000000,0,529575.998539269000000,180753.807483582000000
1135,0,0,0,0,344.430000000000000,9.230000000000000,329.800000000000000,0,529591.139589538000000,180758.860733443000000
1136,0,0,0,0,348.750000000000000,9.670000000000000,334.560000000000000,0,529592.523497304000000,180753.976522935000000
1137,0,0,0,0,352.610000000000000,11.630000000000000,339.100000000000000,0,529592.740368120000000,180748.557992095000000
1138,0,0,0,0,358.750000000000000,17.550000000000000,345.730000000000000,0,529595.031323087000000,180742.057077558000000
1139,0,0,0,0,350.500000000000000,8.420000000000000,341.190000000000000,0,529576.316861453000000,180735.146742193000000
1140,0,0,0,0,348.080000000000000,10.550000000000000,339.430000000000000,0,529572.390291064000000,180734.794356570000000
1141,0,0,0,0,344.050000000000000,15.550000000000000,336.500000000000000,0,529565.946601397000000,180734.377806246000000
1142,0,0,0,0,342.520000000000000,20.300000000000000,335.920000000000000,0,529561.507971288000000,180732.498684652000000
1143,0,0,0,0,338.740000000000000,24.670000000000000,332.960000000000000,0,529556.300345301000000,180732.996642159000000
1144,0,0,0,0,336.140000000000000,21.840000000000000,331.410000000000000,0,529550.898511664000000,180731.849823087000000
1145,0,0,0,0,333.800000000000000,18.780000000000000,330.140000000000000,0,529545.657208870000000,180730.580960616000000
1146,0,0,0,0,332.430000000000000,13.500000000000000,322.000000000000000,0,529569.086129505000000,180753.252837609000000
1147,0,0,0,0,331.050000000000000,16.510000000000000,328.520000000000000,0,529539.937517680000000,180729.552192660000000
1148,0,0,0,0,328.180000000000000,15.880000000000000,326.760000000000000,0,529534.211398954000000,180728.775549179000000
1149,0,0,0,0,323.870000000000000,15.930000000000000,323.940000000000000,0,529526.351819647000000,180728.322964330000000
1150,0,0,0,0,319.660000000000000,19.790000000000000,321.520000000000000,0,529517.485720362000000,180727.214038446000000
1151,0,0,0,0,318.000000000000000,25.430000000000000,320.860000000000000,0,529512.870474258000000,180726.087304821000000
1152,0,0,0,0,315.750000000000000,23.740000000000000,319.600000000000000,0,529508.003185552000000,180725.584857467000000
1153,0,0,0,0,441.340000000000000,11.000000000000000,434.150000000000000,0,529621.679130898000000,180653.933378791000000
1154,0,0,0,0,440.790000000000000,10.940000000000000,434.780000000000000,0,529615.649639715000000,180649.616963494000000
1155,0,0,0,0,438.500000000000000,11.190000000000000,433.110000000000000,0,529611.257465724000000,180649.000395149000000
1156,0,0,0,0,437.880000000000000,14.130000000000000,433.160000000000000,0,529607.611816288000000,180646.889175575000000
1157,0,0,0,0,407.780000000000000,9.550000000000000,401.320000000000000,0,529598.699700572000000,180678.449440714000000
1158,0,0,0,0,408.870000000000000,9.600000000000000,401.760000000000000,0,529602.279526639000000,180680.054412621000000
1159,0,0,0,0,410.920000000000000,5.460000000000000,403.290000000000000,0,529605.812834381000000,180680.396791530000000
1160,0,0,0,0,416.750000000000000,6.170000000000000,406.780000000000000,0,529619.705154846000000,180685.039852964000000
1161,0,0,0,0,417.480000000000000,10.950000000000000,406.460000000000000,0,529624.803530426000000,180688.827964574000000
1162,0,0,0,0,402.970000000000000,12.180000000000000,395.200000000000000,0,529601.699789165000000,180687.355804293000000
1163,0,0,0,0,396.120000000000000,18.840000000000000,388.110000000000000,0,529598.700860215000000,180693.838664324000000
1164,0,0,0,0,391.520000000000000,23.460000000000000,383.400000000000000,0,529596.392293177000000,180697.942450912000000
1165,0,0,0,0,386.640000000000000,32.220000000000000,378.310000000000000,0,529594.382300552000000,180702.684556023000000
1166,0,0,0,0,381.160000000000000,37.330000000000000,372.460000000000000,0,529592.582579248000000,180708.441150627000000
1167,0,0,0,0,361.170000000000000,19.850000000000000,352.790000000000000,0,529579.293402223000000,180723.365381115000000
1168,0,0,0,0,358.600000000000000,20.540000000000000,350.920000000000000,0,529575.052182223000000,180723.004971885000000
1169,1,0,1,0,354.940000000000000,21.160000000000000,347.910000000000000,1,529570.388738349000000,180723.769070643000000
1170,0,0,0,0,352.720000000000000,24.560000000000000,346.610000000000000,0,529565.540731859000000,180722.510214183000000
1171,0,0,0,0,365.740000000000000,21.420000000000000,356.460000000000000,0,529585.523623156000000,180722.893518689000000
1172,0,0,0,0,361.750000000000000,16.600000000000000,351.990000000000000,0,529584.926316458000000,180727.797786003000000
1173,0,0,0,0,357.550000000000000,12.190000000000000,347.600000000000000,0,529583.014288350000000,180731.785547055000000
1174,0,0,0,0,411.820000000000000,24.420000000000000,385.800000000000000,0,529679.353831164000000,180762.750571848000000
1175,0,0,0,0,407.030000000000000,19.330000000000000,380.710000000000000,0,529676.563619187000000,180767.220457943000000
1176,0,0,0,0,402.640000000000000,14.740000000000000,375.940000000000000,0,529674.320811548000000,180771.830452840000000
1177,0,0,0,0,397.620000000000000,10.320000000000000,370.400000000000000,0,529672.049061849000000,180777.574979454000000
1178,0,0,0,0,387.970000000000000,10.670000000000000,363.900000000000000,0,529654.185736374000000,180768.163242600000000
1179,0,0,0,0,381.270000000000000,6.790000000000000,356.820000000000000,0,529650.252514590000000,180774.243817205000000
1180,0,0,0,0,375.540000000000000,7.880000000000000,350.500000000000000,0,529647.650078268000000,180780.610623041000000
1181,0,0,0,0,390.380000000000000,7.320000000000000,362.670000000000000,0,529667.781891082000000,180784.403867124000000
1182,1,0,1,0,386.030000000000000,10.940000000000000,357.720000000000000,1,529666.142642629000000,180790.038391850000000
1183,0,0,0,0,348.590000000000000,7.360000000000000,316.410000000000000,0,529645.907958393000000,180830.391882864000000
1184,0,0,0,0,353.060000000000000,12.540000000000000,319.530000000000000,0,529653.041634586000000,180834.610372267000000
1185,0,0,0,0,339.030000000000000,16.690000000000000,302.770000000000000,0,529647.162275769000000,180855.273659963000000
1186,0,0,0,0,335.120000000000000,8.390000000000000,306.590000000000000,0,529625.442615198000000,180821.166148893000000
1187,0,0,0,0,326.310000000000000,2.850000000000000,296.710000000000000,0,529620.941064297000000,180831.016478216000000
1188,0,0,0,0,322.590000000000000,7.750000000000000,292.390000000000000,0,529619.324384643000000,180835.768604387000000
1189,1,0,1,0,311.200000000000000,4.950000000000000,279.800000000000000,1,529612.575418454000000,180847.327597198000000
1190,0,0,0,0,307.320000000000000,10.080000000000000,275.090000000000000,0,529611.093563762000000,180852.966150838000000
1191,0,0,0,0,290.170000000000000,13.470000000000000,255.070000000000000,0,529602.055222608000000,180874.053486934000000
1192,0,0,0,0,284.310000000000000,8.680000000000000,247.680000000000000,0,529599.614929435000000,180883.325691107000000
1193,0,0,0,0,281.150000000000000,9.780000000000000,243.620000000000000,0,529598.300055708000000,180888.590082911000000
1194,0,0,0,0,292.490000000000000,6.010000000000000,251.560000000000000,0,529613.944555573000000,180898.575756289000000
1195,0,0,0,0,285.100000000000000,14.400000000000000,243.260000000000000,0,529608.488051239000000,180905.752779095000000
1196,0,0,0,0,280.400000000000000,12.160000000000000,241.280000000000000,0,529600.165138229000000,180895.701537693000000
1197,0,0,0,0,273.330000000000000,21.280000000000000,233.090000000000000,0,529595.400495204000000,180903.526921518000000
1198,0,0,0,0,270.670000000000000,22.060000000000000,231.180000000000000,0,529591.909129637000000,180901.545780097000000
1199,0,0,0,0,278.000000000000000,12.890000000000000,240.510000000000000,0,529595.433024022000000,180889.904525372000000
1200,0,0,0,0,269.160000000000000,22.210000000000000,230.610000000000000,0,529589.157820881000000,180898.322101548000000
1201,0,0,0,0,267.190000000000000,21.930000000000000,229.770000000000000,0,529585.708233810000000,180894.702197352000000
1202,0,0,0,0,265.000000000000000,20.340000000000000,228.700000000000000,0,529582.016240944000000,180891.328397085000000
1203,1,0,1,0,262.340000000000000,17.670000000000000,226.840000000000000,1,529578.439776278000000,180889.597377690000000
1204,0,0,0,0,262.130000000000000,12.750000000000000,227.940000000000000,0,529576.123521608000000,180884.744966615000000
1205,0,0,0,0,260.410000000000000,8.390000000000000,227.270000000000000,0,529572.893819560000000,180881.761382804000000
1206,0,0,0,0,260.190000000000000,5.970000000000000,227.790000000000000,0,529571.463599980000000,180879.202100758000000
1207,0,0,0,0,268.900000000000000,13.410000000000000,238.200000000000000,0,529575.757968472000000,180868.211181795000000
1208,0,0,0,0,269.580000000000000,13.650000000000000,237.660000000000000,0,529578.565462922000000,180872.319271083000000
1209,0,0,0,0,270.510000000000000,15.600000000000000,237.460000000000000,0,529581.382594864000000,180876.049184987000000
1210,1,0,1,0,272.920000000000000,19.390000000000000,238.890000000000000,1,529585.175756743000000,180878.542577014000000
1211,0,0,0,0,274.020000000000000,19.780000000000000,238.730000000000000,0,529588.291439747000000,180882.910812218000000
1212,0,0,0,0,275.540000000000000,16.670000000000000,239.350000000000000,0,529591.131058590000000,180885.758318703000000
1213,0,0,0,0,237.550000000000000,14.360000000000000,215.070000000000000,0,529535.255694043000000,180860.745538754000000
1214,0,0,0,0,238.170000000000000,20.600000000000000,214.110000000000000,0,529538.689275302000000,180864.995702667000000
1215,0,0,0,0,238.910000000000000,21.660000000000000,213.320000000000000,0,529542.047405889000000,180869.117805112000000
1216,0,0,0,0,239.200000000000000,23.210000000000000,212.630000000000000,0,529544.021821665000000,180871.943230988000000
1217,0,0,0,0,240.500000000000000,25.270000000000000,212.600000000000000,0,529547.399222420000000,180875.308983026000000
1218,0,0,0,0,242.050000000000000,15.360000000000000,213.080000000000000,0,529550.484480830000000,180877.784304178000000
1219,1,0,1,0,242.790000000000000,13.450000000000000,212.780000000000000,1,529552.848963485000000,180880.745817780000000
1220,0,0,0,0,244.520000000000000,11.620000000000000,213.230000000000000,0,529556.386881140000000,180883.989527119000000
1221,0,0,0,0,249.570000000000000,6.540000000000000,218.950000000000000,0,529559.507626075000000,180878.897302523000000
1222,0,0,0,0,253.090000000000000,4.100000000000000,222.740000000000000,0,529561.944483717000000,180875.932041447000000
1223,0,0,0,0,258.600000000000000,6.510000000000000,228.850000000000000,0,529565.461741671000000,180870.723787369000000
1224,0,0,0,0,260.880000000000000,8.680000000000000,231.360000000000000,0,529566.932215844000000,180868.616878814000000
1225,0,0,0,0,218.910000000000000,14.830000000000000,195.340000000000000,0,529522.976759805000000,180876.200209083000000
1226,0,0,0,0,219.950000000000000,18.230000000000000,195.100000000000000,0,529525.895075412000000,180879.049683019000000
1227,0,0,0,0,221.760000000000000,18.370000000000000,196.170000000000000,0,529528.546948367000000,180880.000254593000000
1228,0,0,0,0,224.010000000000000,18.550000000000000,195.400000000000000,0,529535.128373733000000,180887.358025895000000
1229,0,0,0,0,226.410000000000000,21.460000000000000,196.460000000000000,0,529539.154307662000000,180889.983456748000000
1230,0,0,0,0,227.530000000000000,23.900000000000000,196.170000000000000,0,529542.207429411000000,180893.719363258000000
1231,1,0,1,0,231.180000000000000,18.250000000000000,197.910000000000000,1,529548.042579544000000,180897.765603093000000
1232,0,0,0,0,233.730000000000000,13.230000000000000,198.950000000000000,0,529552.364500065000000,180901.413511719000000
1233,0,0,0,0,236.120000000000000,9.180000000000000,199.720000000000000,0,529556.668970805000000,180905.745703490000000
1234,0,0,0,0,238.270000000000000,7.450000000000000,200.940000000000000,0,529559.816015413000000,180907.994221283000000
1235,0,0,0,0,253.380000000000000,8.790000000000000,220.130000000000000,0,529567.072186134000000,180885.925672381000000
1236,0,0,0,0,249.690000000000000,11.910000000000000,216.100000000000000,0,529564.428941207000000,180889.053665678000000
1237,0,0,0,0,246.200000000000000,11.510000000000000,212.240000000000000,0,529561.999185628000000,180892.187102667000000
1238,0,0,0,0,248.070000000000000,8.390000000000000,213.100000000000000,0,529565.137514494000000,180894.777763290000000
1239,2,0,2,0,250.300000000000000,6.650000000000000,214.330000000000000,1,529568.563395612000000,180897.261636202000000
1240,0,0,0,0,251.960000000000000,6.740000000000000,215.050000000000000,0,529571.414162608000000,180899.959090532000000
1241,0,0,0,0,253.400000000000000,8.700000000000000,215.440000000000000,0,529574.179226385000000,180903.224964993000000
1242,0,0,0,0,242.140000000000000,10.600000000000000,202.730000000000000,0,529565.935790555000000,180913.742146644000000
1243,0,0,0,0,232.820000000000000,14.080000000000000,194.620000000000000,0,529556.041399259000000,180913.604031750000000
1244,0,0,0,0,236.090000000000000,9.530000000000000,195.380000000000000,0,529561.972329663000000,180921.173069334000000
1245,0,0,0,0,231.790000000000000,12.620000000000000,190.180000000000000,0,529558.995033796000000,180926.232600267000000
1246,0,0,0,0,228.930000000000000,20.690000000000000,190.140000000000000,0,529553.238408012000000,180917.412681924000000
1247,2,0,2,0,225.780000000000000,16.490000000000000,186.330000000000000,1,529551.149944453000000,180921.125426735000000
1248,0,0,0,0,222.200000000000000,12.020000000000000,182.050000000000000,0,529548.628700027000000,180925.055381838000000
1249,0,0,0,0,228.630000000000000,13.200000000000000,186.670000000000000,0,529556.437511206000000,180928.792178773000000
1250,1,0,1,0,225.490000000000000,9.130000000000000,182.500000000000000,1,529554.530554223000000,180933.764876549000000
1251,2,0,2,0,218.540000000000000,6.760000000000000,177.400000000000000,1,529546.294780512000000,180930.017198950000000
1252,0,0,0,0,217.840000000000000,4.960000000000000,173.620000000000000,0,529548.435190098000000,180941.027342579000000
1253,12,0,12,0,211.790000000000000,6.070000000000000,170.250000000000000,1,529540.442265972000000,180934.132893989000000
1254,1,0,1,0,214.060000000000000,16.350000000000000,175.960000000000000,1,529539.064825083000000,180921.918565712000000
1255,1,0,1,0,208.840000000000000,12.340000000000000,169.130000000000000,1,529536.002752055000000,180929.418699376000000
1256,1,0,1,0,205.820000000000000,20.250000000000000,167.130000000000000,1,529532.250299617000000,180927.563837858000000
1257,1,0,1,0,201.740000000000000,26.010000000000000,164.840000000000000,1,529526.767148083000000,180924.040974394000000
1258,1,0,1,0,197.750000000000000,26.390000000000000,162.410000000000000,1,529521.597398267000000,180921.473376681000000
1259,1,0,1,0,194.510000000000000,23.940000000000000,160.590000000000000,1,529517.264588025000000,180919.197762391000000
1260,1,0,1,0,202.890000000000000,8.720000000000000,156.780000000000000,1,529535.659584541000000,180952.821118042000000
1261,0,0,0,0,194.160000000000000,16.950000000000000,152.330000000000000,0,529524.361030790000000,180942.248478825000000
1262,0,0,0,0,190.970000000000000,32.100000000000000,150.060000000000000,0,529520.682628079000000,180940.801486716000000
1263,2,0,2,0,188.250000000000000,26.020000000000000,148.380000000000000,1,529517.352096274000000,180938.957388728000000
1264,0,0,0,0,215.440000000000000,10.490000000000000,186.430000000000000,0,529528.724024067000000,180893.642804045000000
1265,1,0,1,0,212.590000000000000,9.000000000000000,182.990000000000000,1,529527.203327086000000,180896.987163255000000
1266,1,0,1,0,207.140000000000000,6.460000000000000,181.650000000000000,1,529516.851755298000000,180889.009850219000000
1267,0,0,0,0,161.730000000000000,18.010000000000000,130.420000000000000,0,529486.572890531000000,180930.730239582000000
1268,0,1,1,0,191.520000000000000,9.210000000000000,143.230000000000000,1,529525.926039425000000,180963.669658797000000
1269,1,0,1,0,186.740000000000000,8.460000000000000,138.540000000000000,1,529521.253955048000000,180964.768508654000000
1270,2,0,2,0,181.340000000000000,17.640000000000000,135.940000000000000,1,529514.675635110000000,180957.834630118000000
1271,0,0,0,0,175.400000000000000,26.070000000000000,132.230000000000000,0,529507.775223526000000,180953.599045712000000
1272,5,0,5,0,172.640000000000000,19.560000000000000,131.150000000000000,1,529504.148516373000000,180950.123513393000000
1273,0,1,1,0,181.220000000000000,6.110000000000000,129.860000000000000,1,529516.984666375000000,180976.568274450000000
1274,0,1,1,0,178.310000000000000,9.050000000000000,127.990000000000000,1,529513.843601509000000,180973.917058391000000
1275,0,1,1,0,172.890000000000000,15.490000000000000,124.190000000000000,1,529508.022958633000000,180970.385612707000000
1276,0,1,1,0,168.770000000000000,21.370000000000000,121.940000000000000,1,529503.316516513000000,180966.205942703000000
1277,0,1,1,0,166.100000000000000,22.550000000000000,120.100000000000000,1,529500.397573060000000,180964.778317220000000
1278,0,1,1,0,164.130000000000000,19.540000000000000,119.120000000000000,1,529498.083092802000000,180962.824797185000000
1279,0,1,1,0,163.100000000000000,17.880000000000000,118.650000000000000,1,529496.844914884000000,180961.710650635000000
1280,2,0,2,0,155.590000000000000,6.540000000000000,115.300000000000000,1,529487.657572591000000,180954.439680930000000
1281,2,0,2,0,148.290000000000000,12.530000000000000,106.620000000000000,1,529481.585368176000000,180960.780553575000000
1282,0,0,0,0,142.870000000000000,20.800000000000000,99.290000000000000,0,529477.281774905000000,180967.301815652000000
1283,0,0,0,0,139.600000000000000,16.620000000000000,94.850000000000000,0,529474.565989587000000,180971.157040249000000
1284,1,0,1,0,136.520000000000000,10.330000000000000,89.410000000000000,1,529472.210107416000000,180977.457277641000000
1285,3,0,3,0,132.370000000000000,7.060000000000000,83.500000000000000,1,529468.447286841000000,180982.639077084000000
1286,3,0,3,0,126.880000000000000,15.540000000000000,81.770000000000000,1,529462.435486966000000,180976.666972196000000
1287,5,0,5,0,121.550000000000000,20.070000000000000,77.830000000000000,1,529457.004161434000000,180976.077660593000000
1288,2,0,2,0,118.190000000000000,31.380000000000000,76.940000000000000,1,529453.204147490000000,180973.037275530000000
1289,4,0,4,0,109.020000000000000,18.910000000000000,63.360000000000000,1,529445.165092176000000,180984.446545175000000
1290,2,0,2,0,113.150000000000000,22.250000000000000,65.510000000000000,1,529449.392845288000000,180986.376295107000000
1291,1,0,1,0,116.350000000000000,18.560000000000000,67.050000000000000,1,529452.644534129000000,180988.367951227000000
1292,0,0,0,0,119.960000000000000,14.750000000000000,69.130000000000000,0,529456.277149440000000,180990.282547786000000
1293,3,0,3,0,126.290000000000000,8.820000000000000,73.140000000000000,1,529462.563508158000000,180993.609595352000000
1294,1,0,1,0,124.500000000000000,6.400000000000000,69.740000000000000,1,529460.618706414000000,180997.570618374000000
1295,2,1,3,0,122.020000000000000,7.410000000000000,65.540000000000000,1,529457.810307514000000,181001.826266918000000
1296,1,0,1,0,121.010000000000000,9.480000000000000,62.990000000000000,1,529456.400057963000000,181005.484284605000000
1297,5,0,5,0,116.130000000000000,17.190000000000000,50.650000000000000,1,529447.187714438000000,181025.064623388000000
1298,2,0,2,0,111.040000000000000,12.590000000000000,45.720000000000000,1,529442.236966021000000,181023.849792600000000
1299,3,0,3,0,106.310000000000000,10.690000000000000,42.040000000000000,1,529438.322244708000000,181020.483891312000000
1300,2,0,2,0,98.890000000000000,9.950000000000000,35.720000000000000,1,529431.453380445000000,181017.526636436000000
1301,5,1,6,0,92.100000000000000,14.140000000000000,30.830000000000000,1,529425.351137151000000,181014.105034110000000
1302,5,0,5,0,111.130000000000000,9.490000000000000,41.920000000000000,1,529429.937044165000000,181050.391893641000000
1303,1,0,1,0,117.270000000000000,13.620000000000000,48.060000000000000,1,529435.058639103000000,181053.788527260000000
1304,3,0,3,0,122.410000000000000,17.550000000000000,53.130000000000000,1,529439.836943901000000,181055.845751108000000
1305,1,6,7,0,129.390000000000000,17.490000000000000,60.060000000000000,1,529446.178279517000000,181058.864601163000000
1306,0,0,0,0,135.440000000000000,12.920000000000000,66.130000000000000,0,529451.101265929000000,181062.409018592000000
1307,1,0,1,0,139.430000000000000,10.370000000000000,70.100000000000000,1,529454.571067427000000,181064.377864808000000
1308,1,0,1,0,146.490000000000000,9.270000000000000,77.160000000000000,1,529460.555650648000000,181068.120285165000000
1309,3,1,4,0,153.900000000000000,13.340000000000000,84.580000000000000,1,529466.633764367000000,181072.377948743000000
1310,2,0,2,0,160.700000000000000,18.640000000000000,91.360000000000000,1,529472.520438549000000,181075.775987656000000
1311,5,0,5,0,166.420000000000000,11.640000000000000,97.060000000000000,1,529477.793646142000000,181078.132697731000000
1312,0,0,0,0,173.290000000000000,8.430000000000000,103.940000000000000,0,529483.454056596000000,181082.037838360000000
1313,0,0,0,0,179.110000000000000,8.360000000000000,109.740000000000000,0,529488.944797230000000,181084.229151968000000
1314,2,0,2,0,199.500000000000000,6.820000000000000,130.120000000000000,1,529506.365839928000000,181094.817847116000000
1315,0,0,0,0,179.730000000000000,14.110000000000000,110.530000000000000,0,529486.212571880000000,181089.659997648000000
1316,5,0,5,0,179.710000000000000,18.460000000000000,110.740000000000000,1,529483.604215075000000,181093.463799783000000
1317,1,0,1,0,198.090000000000000,17.480000000000000,129.240000000000000,1,529496.992305481000000,181106.344580397000000
1318,2,0,2,0,201.430000000000000,25.860000000000000,133.070000000000000,1,529495.045811795000000,181114.499935250000000
1319,0,0,0,0,181.150000000000000,19.470000000000000,112.610000000000000,0,529480.936735254000000,181099.588253389000000
1320,3,0,3,0,182.050000000000000,22.650000000000000,113.780000000000000,1,529479.599055840000000,181102.805190714000000
1321,0,0,0,0,183.920000000000000,30.910000000000000,116.470000000000000,0,529475.733799090000000,181110.447233889000000
1322,0,0,0,0,201.200000000000000,32.780000000000000,133.350000000000000,0,529490.965847624000000,181119.195097768000000
1323,1,0,1,0,202.350000000000000,37.350000000000000,134.940000000000000,1,529488.828327321000000,181123.475325586000000
1324,0,0,0,0,203.460000000000000,43.790000000000000,136.780000000000000,0,529485.106903823000000,181129.263301285000000
1325,1,0,1,0,186.700000000000000,27.760000000000000,120.360000000000000,1,529471.748373501000000,181119.015080712000000
1326,0,0,0,0,188.330000000000000,27.600000000000000,122.980000000000000,0,529468.019084190000000,181125.112488672000000
1327,0,0,0,0,205.250000000000000,49.270000000000000,139.190000000000000,0,529482.756622124000000,181134.312162546000000
1328,0,0,0,0,206.780000000000000,45.760000000000000,141.360000000000000,0,529480.321640033000000,181138.894435324000000
1329,0,0,0,0,190.160000000000000,30.050000000000000,125.650000000000000,0,529465.379226974000000,181130.153980013000000
1330,2,0,2,0,133.810000000000000,25.410000000000000,67.580000000000000,1,529435.646016137000000,181080.166888720000000
1331,8,0,8,0,139.390000000000000,20.890000000000000,72.400000000000000,1,529441.989499962000000,181081.412130568000000
1332,1,0,1,0,145.580000000000000,14.070000000000000,79.020000000000000,1,529444.727812590000000,181087.674293846000000
1333,4,0,4,0,151.270000000000000,10.920000000000000,84.100000000000000,1,529451.067344311000000,181089.074257255000000
1334,0,0,0,0,157.480000000000000,7.940000000000000,90.260000000000000,0,529455.694905267000000,181093.217205899000000
1335,3,0,3,0,162.570000000000000,9.580000000000000,95.160000000000000,1,529460.168808097000000,181095.808140584000000
1336,0,0,0,0,168.620000000000000,13.580000000000000,101.100000000000000,0,529465.101713594000000,181099.339635204000000
1337,0,0,0,0,140.900000000000000,21.150000000000000,79.810000000000000,0,529425.886495170000000,181099.269624623000000
1338,0,0,0,0,144.210000000000000,18.030000000000000,82.620000000000000,0,529428.932143818000000,181101.050105364000000
1339,1,0,1,0,150.560000000000000,12.200000000000000,88.410000000000000,1,529433.849302979000000,181105.200409514000000
1340,0,0,0,0,155.850000000000000,9.890000000000000,92.710000000000000,0,529439.790870008000000,181107.054654985000000
1341,1,0,1,0,163.570000000000000,9.110000000000000,100.150000000000000,1,529445.155201917000000,181112.609654080000000
1342,1,0,1,0,168.170000000000000,8.900000000000000,103.840000000000000,1,529451.124342806000000,181113.380942839000000
1343,2,0,2,0,174.270000000000000,13.860000000000000,109.470000000000000,1,529456.744774039000000,181116.465511920000000
1344,0,0,0,0,153.330000000000000,9.510000000000000,97.060000000000000,0,529419.385444221000000,181119.384220124000000
1345,0,0,0,0,156.970000000000000,10.780000000000000,102.890000000000000,0,529415.153868131000000,181126.242924557000000
1346,0,0,0,0,160.960000000000000,13.620000000000000,108.060000000000000,0,529413.467549186000000,181131.773154521000000
1347,2,0,2,0,171.860000000000000,14.130000000000000,117.380000000000000,1,529421.572157318000000,181139.720067979000000
1348,1,0,1,0,174.830000000000000,14.790000000000000,119.500000000000000,1,529425.208783588000000,181141.051166987000000
1349,1,0,1,0,177.380000000000000,13.080000000000000,121.460000000000000,1,529427.976636719000000,181142.360142282000000
1350,1,0,1,0,184.920000000000000,14.470000000000000,127.410000000000000,1,529436.187598208000000,181146.129908706000000
1351,1,0,1,0,208.210000000000000,38.310000000000000,143.830000000000000,1,529475.916642372000000,181144.974621335000000
1352,1,0,1,0,211.290000000000000,32.480000000000000,147.650000000000000,1,529474.129789702000000,181150.657082893000000
1353,0,0,0,0,213.370000000000000,26.060000000000000,150.680000000000000,0,529470.802403856000000,181156.145486105000000
1354,1,0,1,0,215.810000000000000,21.160000000000000,153.820000000000000,1,529468.946620764000000,181160.742519941000000
1355,0,0,0,0,217.980000000000000,15.980000000000000,156.770000000000000,0,529466.511662443000000,181165.324799111000000
1356,2,0,2,0,190.860000000000000,32.160000000000000,127.290000000000000,1,529461.697247703000000,181134.394872196000000
1357,1,0,1,0,193.470000000000000,37.350000000000000,130.600000000000000,1,529460.324117469000000,181139.004204636000000
1358,2,0,2,0,196.190000000000000,31.110000000000000,134.380000000000000,1,529457.471508439000000,181144.814331902000000
1359,0,0,0,0,199.330000000000000,25.030000000000000,138.540000000000000,0,529455.005025539000000,181150.634296664000000
1360,0,0,0,0,201.180000000000000,19.110000000000000,141.260000000000000,0,529452.485368892000000,181154.749993290000000
1361,0,0,0,0,204.830000000000000,13.360000000000000,145.760000000000000,0,529450.895546015000000,181160.282670493000000
1362,0,0,0,0,207.910000000000000,6.910000000000000,150.020000000000000,0,529447.656839470000000,181166.082967428000000
1363,0,0,0,0,218.370000000000000,10.180000000000000,164.200000000000000,0,529437.345823535000000,181184.087958333000000
1364,0,0,0,0,213.480000000000000,12.280000000000000,160.020000000000000,0,529432.887752310000000,181180.878202206000000
1365,1,0,1,0,201.550000000000000,11.810000000000000,144.270000000000000,1,529442.550634372000000,181161.773020877000000
1366,1,0,1,0,196.640000000000000,16.480000000000000,140.210000000000000,1,529437.401074694000000,181159.164890026000000
1367,1,0,1,0,192.690000000000000,25.820000000000000,137.160000000000000,1,529432.714457299000000,181157.342607506000000
1368,0,0,0,0,208.090000000000000,17.820000000000000,155.840000000000000,0,529426.684264452000000,181177.933617580000000
1369,0,0,0,0,204.970000000000000,21.910000000000000,153.620000000000000,0,529422.568958184000000,181176.435515039000000
1370,2,0,2,0,201.110000000000000,26.980000000000000,150.890000000000000,1,529417.596703737000000,181174.451161076000000
1371,0,0,0,0,189.310000000000000,25.820000000000000,134.900000000000000,0,529427.718545804000000,181156.286504131000000
1372,0,0,0,0,186.400000000000000,28.900000000000000,132.890000000000000,0,529423.788401444000000,181155.102737946000000
1373,0,0,0,0,180.570000000000000,26.490000000000000,128.310000000000000,0,529417.986755903000000,181151.549158102000000
1374,0,0,0,0,194.890000000000000,46.030000000000000,145.900000000000000,0,529411.911305615000000,181170.126495868000000
1375,0,0,0,0,191.340000000000000,29.500000000000000,143.760000000000000,0,529406.641572935000000,181168.444198378000000
1376,0,0,0,0,186.850000000000000,23.260000000000000,141.120000000000000,0,529400.132708826000000,181166.111112677000000
1377,0,0,0,0,172.900000000000000,27.820000000000000,123.250000000000000,0,529408.231310550000000,181147.740091302000000
1378,0,0,0,0,169.080000000000000,18.750000000000000,120.400000000000000,0,529404.626201406000000,181145.171324084000000
1379,0,0,0,0,166.940000000000000,15.640000000000000,119.230000000000000,0,529401.560875191000000,181144.164407740000000
1380,0,0,0,0,162.500000000000000,10.990000000000000,116.360000000000000,0,529396.608277356000000,181141.406524842000000
1381,0,0,0,0,172.470000000000000,7.850000000000000,132.010000000000000,0,529383.476346942000000,181156.398395881000000
1382,0,0,0,0,146.020000000000000,9.380000000000000,109.090000000000000,0,529373.576884428000000,181131.686336530000000
1383,0,3,3,0,150.910000000000000,18.030000000000000,176.630000000000000,1,529374.631437845000000,181200.294157841000000
1384,3,0,3,0,155.120000000000000,18.550000000000000,183.030000000000000,1,529373.601191860000000,181206.615153248000000
1385,0,0,0,0,163.400000000000000,25.300000000000000,191.090000000000000,0,529376.284366943000000,181215.043221413000000
1386,0,0,0,0,166.440000000000000,28.610000000000000,192.250000000000000,0,529379.337837338000000,181216.514253400000000
1387,0,0,0,0,170.910000000000000,33.550000000000000,193.870000000000000,0,529384.020476868000000,181218.491197446000000
1388,0,0,0,0,177.060000000000000,28.200000000000000,195.730000000000000,0,529391.015861270000000,181220.681842519000000
1389,0,0,0,0,181.040000000000000,24.210000000000000,197.460000000000000,0,529395.026731816000000,181222.486882260000000
1390,0,0,0,0,186.890000000000000,19.080000000000000,200.420000000000000,0,529400.554480397000000,181225.414223077000000
1391,0,0,0,0,192.450000000000000,15.020000000000000,203.360000000000000,0,529405.796576896000000,181228.179485720000000
1392,0,0,0,0,153.340000000000000,39.580000000000000,169.100000000000000,0,529385.229888553000000,181193.752333589000000
1393,0,0,0,0,157.650000000000000,42.180000000000000,170.200000000000000,0,529389.928304118000000,181195.110442475000000
1394,0,0,0,0,163.150000000000000,33.860000000000000,173.910000000000000,0,529393.887985402000000,181198.926711708000000
1395,0,0,0,0,167.470000000000000,29.580000000000000,174.810000000000000,0,529398.984328513000000,181199.830530309000000
1396,1,0,1,0,171.770000000000000,25.400000000000000,177.020000000000000,1,529402.890805346000000,181201.942538166000000
1397,0,0,0,0,176.330000000000000,21.100000000000000,179.490000000000000,0,529406.986397266000000,181204.214175327000000
1398,0,0,0,0,229.760000000000000,15.630000000000000,182.840000000000000,0,529412.803746805000000,181207.148903493000000
1399,0,0,0,0,221.400000000000000,12.510000000000000,168.180000000000000,0,529434.713905053000000,181188.820044977000000
1400,1,0,1,0,224.010000000000000,17.000000000000000,171.730000000000000,1,529431.900754114000000,181193.083085669000000
1401,0,0,0,0,228.240000000000000,20.840000000000000,176.530000000000000,0,529430.998487795000000,181198.168848727000000
1402,0,0,0,0,231.980000000000000,20.590000000000000,181.090000000000000,0,529428.841346077000000,181203.222651168000000
1403,0,0,0,0,235.410000000000000,14.990000000000000,185.450000000000000,0,529426.108975243000000,181208.106993651000000
1404,0,1,1,0,238.630000000000000,9.100000000000000,189.740000000000000,1,529422.604378983000000,181212.971670340000000
1405,0,0,0,0,231.550000000000000,7.280000000000000,174.550000000000000,0,529454.200993076000000,181189.780853257000000
1406,0,0,0,0,235.150000000000000,10.380000000000000,178.970000000000000,0,529452.132471989000000,181195.146525237000000
1407,0,0,0,0,237.210000000000000,14.240000000000000,181.870000000000000,0,529449.230662016000000,181199.097677513000000
1408,0,0,0,0,240.850000000000000,19.670000000000000,186.290000000000000,0,529447.166090276000000,181204.308641400000000
1409,0,0,0,0,243.970000000000000,24.990000000000000,190.150000000000000,0,529445.020756894000000,181208.898307100000000
1410,0,0,0,0,247.080000000000000,19.730000000000000,194.170000000000000,0,529442.095315254000000,181213.777723582000000
1411,0,0,0,0,265.590000000000000,8.250000000000000,216.410000000000000,0,529430.738329319000000,181238.722550482000000
1412,0,0,0,0,219.010000000000000,9.470000000000000,221.240000000000000,0,529427.704567689000000,181244.063646575000000
1413,0,0,0,0,220.680000000000000,13.340000000000000,225.200000000000000,0,529425.567147148000000,181248.343900085000000
1414,0,0,0,0,223.510000000000000,19.220000000000000,230.700000000000000,0,529423.293799683000000,181254.168796645000000
1415,1,0,1,0,225.370000000000000,23.730000000000000,234.720000000000000,1,529421.156386606000000,181258.449051946000000
1416,0,0,0,0,200.350000000000000,7.380000000000000,207.450000000000000,0,529413.528708194000000,181231.782217467000000
1417,0,0,0,0,202.620000000000000,9.490000000000000,212.330000000000000,0,529411.371596157000000,181236.836027065000000
1418,0,0,0,0,204.820000000000000,15.040000000000000,217.910000000000000,0,529408.036450385000000,181242.633890204000000
1419,0,0,0,0,208.740000000000000,20.540000000000000,224.280000000000000,0,529406.326531133000000,181249.092383085000000
1420,0,0,0,0,227.430000000000000,29.030000000000000,239.180000000000000,0,529418.621045213000000,181263.183604957000000
1421,0,0,0,0,209.300000000000000,26.250000000000000,228.060000000000000,0,529402.169921348000000,181253.011606384000000
1422,0,0,0,0,212.400000000000000,33.130000000000000,234.260000000000000,0,529398.822977220000000,181259.273605568000000
1423,0,0,0,0,214.000000000000000,44.330000000000000,238.200000000000000,0,529395.921243173000000,181263.224787417000000
1424,0,0,0,0,216.870000000000000,40.000000000000000,242.810000000000000,0,529394.162089222000000,181267.824305476000000
1425,0,0,0,0,218.800000000000000,36.740000000000000,246.660000000000000,0,529391.746941002000000,181271.633068932000000
1426,0,0,0,0,223.780000000000000,26.830000000000000,254.870000000000000,0,529387.870112754000000,181279.739306860000000
1427,0,0,0,0,228.350000000000000,19.320000000000000,261.870000000000000,0,529384.893555216000000,181286.629986243000000
1428,0,0,0,0,230.070000000000000,34.610000000000000,244.300000000000000,0,529416.069948194000000,181268.536999449000000
1429,0,0,0,0,233.130000000000000,36.230000000000000,249.360000000000000,0,529414.198489686000000,181273.752892839000000
1430,0,0,0,0,235.570000000000000,29.430000000000000,254.890000000000000,0,529410.284196795000000,181279.536004973000000
1431,0,0,0,0,237.920000000000000,24.690000000000000,259.060000000000000,0,529408.146804122000000,181283.816265558000000
1432,0,0,0,0,241.860000000000000,12.890000000000000,269.600000000000000,0,529398.258037701000000,181294.613250479000000
1433,0,0,0,0,246.480000000000000,8.610000000000000,273.700000000000000,0,529400.454189882000000,181298.690609873000000
1434,0,0,0,0,249.060000000000000,9.550000000000000,274.040000000000000,0,529405.117972502000000,181298.921078687000000
1435,0,0,0,0,252.660000000000000,12.650000000000000,275.080000000000000,0,529410.673004882000000,181299.732781475000000
1436,0,0,0,0,256.880000000000000,17.570000000000000,276.510000000000000,0,529416.849209563000000,181300.783723286000000
1437,0,0,0,0,260.600000000000000,23.100000000000000,277.500000000000000,0,529422.830674645000000,181301.271179986000000
1438,0,0,0,0,264.770000000000000,27.710000000000000,279.600000000000000,0,529427.878241741000000,181302.851923463000000
1439,0,0,0,0,268.630000000000000,33.560000000000000,280.810000000000000,0,529433.859703859000000,181303.339393210000000
1440,0,0,0,0,273.530000000000000,39.200000000000000,283.450000000000000,0,529439.667740308000000,181305.162931773000000
1441,0,0,0,0,287.040000000000000,52.800000000000000,287.560000000000000,0,529461.413086317000000,181305.158344980000000
1442,0,0,0,0,273.310000000000000,56.580000000000000,280.620000000000000,0,529444.010294533000000,181301.587229574000000
1443,0,0,0,0,271.500000000000000,51.120000000000000,276.580000000000000,0,529446.915774171000000,181296.969563889000000
1444,0,0,0,0,268.190000000000000,44.680000000000000,270.930000000000000,0,529449.234210421000000,181290.773052834000000
1445,0,0,0,0,266.440000000000000,39.350000000000000,266.940000000000000,0,529451.930746516000000,181286.150067063000000
1446,0,0,0,0,263.820000000000000,33.880000000000000,262.180000000000000,0,529453.947836650000000,181280.839534138000000
1447,0,0,0,0,311.120000000000000,30.590000000000000,259.620000000000000,0,529455.487300453000000,181277.862673216000000
1448,0,0,0,0,306.960000000000000,24.590000000000000,254.770000000000000,0,529458.139792338000000,181272.233208769000000
1449,0,0,0,0,303.260000000000000,19.090000000000000,250.390000000000000,0,529460.711262215000000,181267.048507865000000
1450,0,0,0,0,299.660000000000000,16.310000000000000,246.180000000000000,0,529462.928790751000000,181262.078204190000000
1451,0,0,0,0,295.520000000000000,9.900000000000000,241.250000000000000,0,529465.798785511000000,181256.119164525000000
1452,0,0,0,0,333.480000000000000,43.870000000000000,281.230000000000000,0,529467.050647269000000,181297.259095563000000
1453,0,0,0,0,330.870000000000000,39.980000000000000,278.180000000000000,0,529468.885784523000000,181293.619531733000000
1454,0,0,0,0,326.450000000000000,34.270000000000000,273.260000000000000,0,529470.490670940000000,181288.075089438000000
1455,0,0,0,0,323.980000000000000,30.210000000000000,270.240000000000000,0,529472.958364155000000,181284.228229940000000
1456,0,0,0,0,320.830000000000000,25.640000000000000,266.550000000000000,0,529475.164521267000000,181279.704468064000000
1457,0,0,0,0,317.990000000000000,21.440000000000000,263.120000000000000,0,529477.716095034000000,181275.301214632000000
1458,0,0,0,0,314.910000000000000,17.950000000000000,259.590000000000000,0,529479.217211353000000,181271.094610242000000
1459,0,0,0,0,311.200000000000000,12.500000000000000,255.220000000000000,0,529481.797237002000000,181265.575017193000000
1460,0,0,0,0,308.200000000000000,8.670000000000000,251.640000000000000,0,529484.075905266000000,181260.941399625000000
1461,0,0,0,0,254.470000000000000,14.080000000000000,201.980000000000000,0,529442.630536239000000,181221.681865589000000
1462,0,0,0,0,258.700000000000000,16.170000000000000,205.640000000000000,0,529446.671768261000000,181224.465763739000000
1463,0,0,0,0,262.520000000000000,19.570000000000000,208.860000000000000,0,529450.866518780000000,181226.695042981000000
1464,1,0,1,0,256.400000000000000,33.740000000000000,201.700000000000000,1,529453.584435356000000,181218.497990573000000
1465,0,0,0,0,258.620000000000000,34.770000000000000,203.280000000000000,0,529457.546081288000000,181218.934031428000000
1466,0,0,0,0,262.190000000000000,26.970000000000000,206.430000000000000,0,529460.974657906000000,181221.143800824000000
1467,0,0,0,0,266.630000000000000,23.660000000000000,212.170000000000000,0,529456.253882871000000,181228.619587420000000
1468,0,0,0,0,270.860000000000000,18.690000000000000,215.740000000000000,0,529461.145146669000000,181230.866619033000000
1469,0,0,0,0,274.670000000000000,14.620000000000000,219.180000000000000,0,529464.495529278000000,181233.409519034000000
1470,0,0,0,0,272.220000000000000,14.210000000000000,221.560000000000000,0,529439.524515491000000,181242.380175624000000
1471,0,0,0,0,275.500000000000000,17.980000000000000,224.320000000000000,0,529443.025578392000000,181244.480073080000000
1472,0,0,0,0,278.380000000000000,21.890000000000000,226.480000000000000,0,529447.454861898000000,181245.709964904000000
1473,0,0,0,0,281.670000000000000,20.950000000000000,229.120000000000000,0,529451.803116472000000,181247.384622959000000
1474,0,0,0,0,286.180000000000000,16.190000000000000,233.020000000000000,0,529456.540840441000000,181250.186272650000000
1475,0,0,0,0,290.790000000000000,11.480000000000000,236.930000000000000,0,529461.841461393000000,181252.778854113000000
1476,0,0,0,0,283.550000000000000,6.690000000000000,227.020000000000000,0,529473.634103316000000,181238.557436622000000
1477,0,0,0,0,280.400000000000000,12.610000000000000,223.070000000000000,0,529476.768508958000000,181233.163672163000000
1478,1,0,1,0,277.880000000000000,14.170000000000000,219.930000000000000,1,529479.108304125000000,181228.866729530000000
1479,0,0,0,0,274.710000000000000,19.140000000000000,215.970000000000000,0,529482.036608879000000,181223.356010015000000
1480,0,0,0,0,271.130000000000000,18.640000000000000,211.730000000000000,0,529484.059440348000000,181217.822220319000000
1481,0,0,0,0,268.580000000000000,13.890000000000000,208.600000000000000,0,529486.123483242000000,181213.406547666000000
1482,0,0,0,0,300.690000000000000,9.610000000000000,242.570000000000000,0,529490.381701245000000,181248.702641214000000
1483,0,0,0,0,297.630000000000000,9.360000000000000,238.960000000000000,0,529492.314969196000000,181243.948518859000000
1484,1,0,1,0,294.910000000000000,13.470000000000000,235.450000000000000,1,529495.939800729000000,181238.455555865000000
1485,0,0,0,0,290.980000000000000,17.290000000000000,230.960000000000000,0,529497.408271019000000,181232.795937781000000
1486,0,0,0,0,288.980000000000000,20.860000000000000,228.390000000000000,0,529500.023847800000000,181228.617738399000000
1487,0,0,0,0,285.720000000000000,15.650000000000000,224.430000000000000,0,529502.682101704000000,181222.765028113000000
1488,0,0,0,0,283.570000000000000,12.730000000000000,221.680000000000000,0,529505.378719469000000,181218.142069810000000
1489,0,0,0,0,280.510000000000000,12.390000000000000,217.970000000000000,0,529507.894834675000000,181212.397446222000000
1490,0,0,0,0,265.200000000000000,8.540000000000000,204.540000000000000,0,529488.215974846000000,181207.874534345000000
1491,0,0,0,0,278.650000000000000,8.220000000000000,215.460000000000000,0,529511.015066613000000,181207.561872984000000
1492,0,0,0,0,237.760000000000000,11.840000000000000,180.100000000000000,0,529459.863300894000000,181193.635664049000000
1493,2,0,2,0,243.500000000000000,17.400000000000000,185.260000000000000,1,529465.141229042000000,181197.121321066000000
1494,0,0,0,0,247.220000000000000,21.250000000000000,188.580000000000000,0,529468.781619529000000,181199.224784786000000
1495,1,0,1,0,251.570000000000000,27.570000000000000,192.560000000000000,1,529472.686396025000000,181201.893520271000000
1496,0,0,0,0,255.140000000000000,17.130000000000000,195.440000000000000,0,529477.962917887000000,181202.698196683000000
1497,0,0,0,0,259.920000000000000,13.900000000000000,199.980000000000000,0,529481.572011049000000,181206.029645397000000
1498,0,0,0,0,226.400000000000000,10.500000000000000,165.900000000000000,0,529467.587814436000000,181174.954036822000000
1499,0,0,0,0,231.890000000000000,14.540000000000000,170.990000000000000,0,529472.311379698000000,181178.313870745000000
1500,2,0,2,0,235.670000000000000,19.260000000000000,174.220000000000000,1,529477.019327002000000,181179.550885755000000
1501,0,0,0,0,242.290000000000000,22.840000000000000,180.550000000000000,0,529482.062701810000000,181184.035943651000000
1502,0,0,0,0,247.120000000000000,18.250000000000000,185.020000000000000,0,529486.666855254000000,181186.610802796000000
1503,0,0,0,0,251.080000000000000,15.520000000000000,188.450000000000000,0,529491.798396992000000,181187.635212086000000
1504,0,0,0,0,257.050000000000000,7.150000000000000,194.110000000000000,0,529497.006658513000000,181191.119127592000000
1505,0,0,0,0,254.100000000000000,12.080000000000000,190.290000000000000,0,529500.523516292000000,181184.394642177000000
1506,0,0,0,0,251.870000000000000,17.370000000000000,187.410000000000000,0,529503.237219076000000,181179.101877843000000
1507,0,0,0,0,250.090000000000000,15.970000000000000,185.030000000000000,0,529505.939547626000000,181174.255651465000000
1508,0,0,0,0,248.550000000000000,19.370000000000000,182.960000000000000,0,529508.494040391000000,181169.740778742000000
1509,0,0,0,0,246.710000000000000,23.900000000000000,180.590000000000000,0,529510.920611490000000,181164.775820500000000
1510,0,0,0,0,245.450000000000000,28.210000000000000,178.860000000000000,0,529513.472267931000000,181160.372584332000000
1511,0,0,0,0,244.580000000000000,32.070000000000000,177.600000000000000,0,529515.797898696000000,181156.633828694000000
1512,1,0,1,0,242.110000000000000,39.460000000000000,174.540000000000000,1,529518.835765751000000,181149.562026945000000
1513,0,0,0,0,240.800000000000000,42.910000000000000,172.990000000000000,0,529519.965919016000000,181146.239631237000000
1514,0,0,0,0,240.740000000000000,28.710000000000000,172.430000000000000,0,529524.644179400000000,181140.438413968000000
1515,0,0,0,0,238.350000000000000,24.000000000000000,169.630000000000000,0,529527.342336000000000,181133.022838305000000
1516,0,0,0,0,269.590000000000000,5.980000000000000,204.310000000000000,0,529520.021953605000000,181187.795933222000000
1517,0,0,0,0,267.520000000000000,12.430000000000000,201.640000000000000,0,529523.025667632000000,181182.063743530000000
1518,0,0,0,0,264.010000000000000,25.070000000000000,197.090000000000000,0,529529.024578726000000,181170.934271695000000
1519,0,0,0,0,261.850000000000000,35.200000000000000,194.190000000000000,0,529534.058269440000000,181162.126042888000000
1520,0,0,0,0,260.710000000000000,33.170000000000000,192.800000000000000,0,529535.684538675000000,181158.481176086000000
1521,0,0,0,0,259.570000000000000,28.530000000000000,191.390000000000000,0,529537.673303598000000,181154.287016474000000
1522,1,0,1,0,259.510000000000000,23.350000000000000,191.040000000000000,1,529540.915829118000000,181150.124816703000000
1523,0,0,0,0,257.520000000000000,17.360000000000000,188.780000000000000,0,529542.805134207000000,181144.364230207000000
1524,0,0,0,0,257.340000000000000,12.090000000000000,188.380000000000000,0,529545.774747988000000,181139.971663031000000
1525,0,0,0,0,256.050000000000000,4.550000000000000,186.860000000000000,0,529548.946281133000000,181133.126698041000000
1526,0,0,0,0,238.720000000000000,19.730000000000000,169.730000000000000,0,529531.298472475000000,181128.208580937000000
1527,0,0,0,0,238.280000000000000,18.620000000000000,169.180000000000000,0,529532.765523750000000,181125.341601371000000
1528,1,0,1,0,237.950000000000000,17.690000000000000,168.700000000000000,1,529535.244717967000000,181121.048234500000000
1529,0,0,0,0,238.370000000000000,18.040000000000000,168.990000000000000,0,529539.435441889000000,181115.234602441000000
1530,2,0,2,0,215.710000000000000,21.580000000000000,146.370000000000000,1,529518.845137630000000,181105.438142467000000
1531,0,0,0,0,210.390000000000000,15.740000000000000,141.020000000000000,0,529515.624091740000000,181100.552666486000000
1532,0,0,0,0,205.900000000000000,11.680000000000000,136.520000000000000,0,529511.780374059000000,181098.220576733000000
1533,0,0,0,0,228.350000000000000,26.970000000000000,165.170000000000000,0,529481.812739032000000,181166.491635879000000
1534,0,0,0,0,224.940000000000000,41.430000000000000,160.490000000000000,0,529486.562048681000000,181157.899530765000000
1535,0,0,0,0,222.280000000000000,46.710000000000000,156.960000000000000,0,529489.797455168000000,181151.279573167000000
1536,0,0,0,0,220.250000000000000,51.500000000000000,154.230000000000000,0,529492.516851045000000,181145.763534970000000
1537,8,0,8,0,182.320000000000000,18.290000000000000,123.220000000000000,1,529518.064913869000000,181004.785042499000000
1538,2,0,2,0,178.190000000000000,12.240000000000000,118.080000000000000,1,529513.523345710000000,181009.108089426000000
1539,3,0,3,0,175.340000000000000,7.580000000000000,113.940000000000000,1,529509.980765168000000,181014.598000167000000
1540,0,0,0,0,166.170000000000000,11.910000000000000,101.380000000000000,0,529497.806985278000000,181029.633303042000000
1541,3,0,3,0,171.060000000000000,14.060000000000000,105.960000000000000,1,529502.256433126000000,181032.029487367000000
1542,0,0,0,0,177.150000000000000,18.040000000000000,111.770000000000000,0,529507.888851538000000,181034.582644138000000
1543,0,0,0,0,185.670000000000000,9.440000000000000,119.770000000000000,0,529515.443361628000000,181039.340773674000000
1544,0,0,0,0,188.680000000000000,15.140000000000000,123.790000000000000,0,529520.023666973000000,181033.496846508000000
1545,3,0,3,0,190.630000000000000,20.920000000000000,126.680000000000000,1,529523.164384588000000,181028.250345685000000
1546,1,0,1,0,193.220000000000000,26.920000000000000,130.180000000000000,1,529526.687589920000000,181023.520885027000000
1547,0,0,0,0,195.500000000000000,31.400000000000000,133.230000000000000,0,529529.637856072000000,181019.537758825000000
1548,0,0,0,0,197.500000000000000,36.530000000000000,136.150000000000000,0,529532.287956066000000,181014.912870986000000
1549,2,0,2,0,164.030000000000000,22.700000000000000,97.420000000000000,1,529492.889351180000000,181039.400150705000000
1550,0,0,0,0,169.960000000000000,24.630000000000000,103.080000000000000,0,529498.106750897000000,181042.559533254000000
1551,2,0,2,0,175.030000000000000,21.150000000000000,107.910000000000000,1,529502.491840232000000,181045.445508939000000
1552,1,0,1,0,179.200000000000000,11.790000000000000,111.890000000000000,1,529506.046762164000000,181047.974062386000000
1553,2,0,2,0,183.740000000000000,7.060000000000000,116.550000000000000,1,529510.762455934000000,181048.178302659000000
1554,0,0,0,0,183.170000000000000,9.470000000000000,115.540000000000000,0,529508.940521792000000,181051.746785735000000
1555,1,0,1,0,162.040000000000000,8.940000000000000,93.890000000000000,1,529487.060924907000000,181049.928244640000000
1556,2,0,2,0,168.640000000000000,11.470000000000000,100.330000000000000,1,529492.739396251000000,181053.519708530000000
1557,2,0,2,0,174.480000000000000,10.620000000000000,105.970000000000000,1,529497.411170254000000,181057.505865595000000
1558,0,0,0,0,178.190000000000000,7.370000000000000,109.620000000000000,0,529500.557427796000000,181059.603663462000000
1559,2,0,2,0,182.760000000000000,4.520000000000000,114.100000000000000,1,529504.370159671000000,181062.306921198000000
1560,0,0,0,0,182.130000000000000,10.960000000000000,114.000000000000000,0,529506.206035564000000,181056.132692002000000
1561,0,0,0,0,240.980000000000000,9.020000000000000,171.660000000000000,0,529550.446798285000000,181101.023736872000000
1562,1,0,1,0,235.630000000000000,13.100000000000000,166.330000000000000,1,529546.248126385000000,181097.479707915000000
1563,0,0,0,0,228.920000000000000,19.680000000000000,159.610000000000000,0,529540.022939954000000,181094.915125239000000
1564,0,0,0,0,223.060000000000000,25.300000000000000,153.760000000000000,0,529535.026772517000000,181091.809044144000000
1565,0,0,0,0,224.130000000000000,24.420000000000000,155.120000000000000,0,529539.940084488000000,181084.143756306000000
1566,0,0,0,0,211.360000000000000,16.470000000000000,142.080000000000000,0,529524.849499987000000,181086.027536854000000
1567,1,0,1,0,204.980000000000000,11.570000000000000,135.760000000000000,1,529520.102089376000000,181081.247502007000000
1568,0,0,0,0,210.980000000000000,19.200000000000000,141.930000000000000,0,529527.557617825000000,181079.573904001000000
1569,1,0,1,0,211.180000000000000,25.930000000000000,142.370000000000000,1,529529.855132288000000,181074.973422808000000
1570,0,0,0,0,211.560000000000000,21.900000000000000,143.110000000000000,0,529532.536559738000000,181069.567395897000000
1571,0,0,0,0,211.480000000000000,18.150000000000000,143.510000000000000,0,529534.800024292000000,181063.451860822000000
1572,1,0,1,0,212.630000000000000,15.060000000000000,145.080000000000000,1,529537.524421032000000,181059.211691387000000
1573,0,0,0,0,213.990000000000000,10.440000000000000,146.900000000000000,0,529540.318483530000000,181055.089775026000000
1574,1,0,1,0,218.530000000000000,8.190000000000000,153.120000000000000,1,529548.724434917000000,181041.792831942000000
1575,0,0,0,0,229.000000000000000,7.110000000000000,163.650000000000000,0,529559.153280622000000,181043.223448876000000
1576,0,0,0,0,232.020000000000000,6.080000000000000,166.570000000000000,0,529561.956120669000000,181044.459663983000000
1577,0,0,0,0,234.960000000000000,5.430000000000000,169.550000000000000,0,529564.930924781000000,181044.651980667000000
1578,0,0,0,0,239.130000000000000,8.370000000000000,173.570000000000000,0,529568.729788858000000,181046.728925147000000
1579,0,0,0,0,196.860000000000000,9.090000000000000,127.920000000000000,0,529515.542990548000000,181071.929707955000000
1580,0,0,0,0,197.110000000000000,11.980000000000000,128.440000000000000,0,529517.686340850000000,181067.674720688000000
1581,0,0,0,0,198.510000000000000,12.840000000000000,130.240000000000000,0,529521.151836880000000,181062.871050550000000
1582,0,0,0,0,199.590000000000000,8.320000000000000,131.770000000000000,0,529524.030378929000000,181058.285374963000000
1583,1,0,1,0,201.600000000000000,6.480000000000000,134.280000000000000,1,529527.626310121000000,181054.067413094000000
1584,0,0,0,0,201.930000000000000,7.270000000000000,135.220000000000000,0,529529.651121301000000,181048.761125138000000
1585,1,0,1,0,203.730000000000000,11.250000000000000,137.530000000000000,1,529532.578572171000000,181045.108508347000000
1586,0,0,0,0,205.230000000000000,16.680000000000000,139.800000000000000,0,529535.550530744000000,181039.709887662000000
1587,2,0,2,0,206.890000000000000,18.350000000000000,142.130000000000000,1,529538.277906477000000,181035.353318191000000
1588,1,0,1,0,209.120000000000000,20.440000000000000,145.050000000000000,1,529541.438092254000000,181031.124258282000000
1589,0,0,0,0,210.820000000000000,24.030000000000000,147.510000000000000,0,529544.026153793000000,181026.531188470000000
1590,1,0,1,0,213.200000000000000,27.180000000000000,150.520000000000000,1,529547.026255937000000,181022.880431085000000
1591,2,0,2,0,215.900000000000000,25.190000000000000,154.050000000000000,1,529550.416212008000000,181018.191329276000000
1592,0,0,0,0,217.990000000000000,18.900000000000000,157.170000000000000,0,529553.179218522000000,181012.437963204000000
1593,2,0,2,0,221.940000000000000,14.610000000000000,161.800000000000000,1,529557.489626041000000,181008.704137968000000
1594,1,0,1,0,224.360000000000000,8.880000000000000,165.350000000000000,1,529560.334176637000000,181002.603426102000000
1595,8,0,8,0,227.910000000000000,7.340000000000000,169.780000000000000,1,529564.090271347000000,180997.807190608000000
1596,2,0,2,0,230.380000000000000,8.900000000000000,172.860000000000000,1,529566.645725423000000,180994.494535858000000
1597,0,0,0,0,230.630000000000000,9.400000000000000,173.580000000000000,0,529566.925932490000000,180992.055683373000000
1598,1,0,1,0,233.610000000000000,16.500000000000000,177.420000000000000,1,529569.880149713000000,180987.355484233000000
1599,0,0,0,0,236.930000000000000,11.630000000000000,181.510000000000000,0,529573.113019183000000,180983.128295116000000
1600,0,0,0,0,231.160000000000000,7.000000000000000,170.020000000000000,0,529566.207930761000000,181014.517248812000000
1601,0,0,0,0,235.320000000000000,4.570000000000000,173.840000000000000,0,529570.149107975000000,181016.714297576000000
1602,1,0,1,0,240.300000000000000,6.860000000000000,178.350000000000000,1,529574.792829020000000,181019.861070009000000
1603,0,0,0,0,245.540000000000000,10.960000000000000,183.340000000000000,0,529579.829367850000000,181021.853102449000000
1604,0,0,0,0,210.100000000000000,7.150000000000000,162.160000000000000,0,529543.718903365000000,180957.042854163000000
1605,0,0,0,0,214.470000000000000,9.490000000000000,165.220000000000000,0,529548.689144838000000,180960.720208874000000
1606,0,0,0,0,218.730000000000000,14.010000000000000,168.330000000000000,0,529553.428620533000000,180964.138067410000000
1607,0,0,0,0,222.480000000000000,18.590000000000000,171.130000000000000,0,529557.545196484000000,180967.159623190000000
1608,0,0,0,0,221.180000000000000,17.010000000000000,168.020000000000000,0,529556.946303815000000,180975.133346412000000
1609,0,0,0,0,219.160000000000000,13.630000000000000,165.330000000000000,0,529555.122702996000000,180978.383902285000000
1610,0,0,0,0,217.310000000000000,11.230000000000000,162.990000000000000,0,529553.397560354000000,180980.876112389000000
1611,0,0,0,0,213.840000000000000,8.840000000000000,158.790000000000000,0,529550.058657084000000,180984.595279747000000
1612,0,0,0,0,221.290000000000000,5.610000000000000,175.960000000000000,0,529552.601248190000000,180943.827478033000000
1613,0,0,0,0,224.200000000000000,6.820000000000000,177.950000000000000,0,529556.098176239000000,180946.325998711000000
1614,0,0,0,0,227.650000000000000,10.340000000000000,180.610000000000000,0,529560.003390613000000,180948.327692841000000
1615,0,0,0,0,229.980000000000000,13.520000000000000,181.980000000000000,0,529562.930644565000000,180951.445742778000000
1616,0,0,0,0,234.190000000000000,6.760000000000000,184.650000000000000,0,529568.020255232000000,180956.647872409000000
1617,0,0,0,0,237.940000000000000,6.560000000000000,189.100000000000000,0,529571.207504180000000,180952.671230508000000
1618,0,0,0,0,240.180000000000000,8.910000000000000,191.920000000000000,0,529572.948819238000000,180949.545391212000000
1619,0,0,0,0,243.250000000000000,13.530000000000000,195.900000000000000,0,529575.206580370000000,180944.784197629000000
1620,0,0,0,0,245.760000000000000,17.330000000000000,199.080000000000000,0,529577.039898086000000,180941.153467699000000
1621,0,0,0,0,248.820000000000000,16.160000000000000,202.830000000000000,0,529579.354122213000000,180937.281381022000000
1622,0,0,0,0,251.030000000000000,14.070000000000000,205.720000000000000,0,529580.792076885000000,180933.640571874000000
1623,0,0,0,0,244.720000000000000,5.370000000000000,193.620000000000000,0,529579.224343879000000,180960.991428214000000
1624,0,0,0,0,246.450000000000000,6.150000000000000,195.730000000000000,0,529580.702592258000000,180958.873359264000000
1625,0,0,0,0,248.590000000000000,8.470000000000000,198.620000000000000,0,529582.308383138000000,180954.856401756000000
1626,0,0,0,0,251.450000000000000,12.600000000000000,202.250000000000000,0,529584.553226182000000,180950.602120224000000
1627,0,0,0,0,254.430000000000000,16.850000000000000,205.870000000000000,0,529586.943294530000000,180946.858780131000000
1628,1,0,1,0,256.900000000000000,20.580000000000000,208.930000000000000,1,529588.849230988000000,180943.483524571000000
1629,1,0,1,0,261.660000000000000,24.030000000000000,215.170000000000000,1,529592.064067676000000,180935.322888012000000
1630,0,0,0,0,243.060000000000000,5.910000000000000,191.560000000000000,0,529577.821938817000000,180963.238240684000000
1631,0,0,0,0,245.130000000000000,5.050000000000000,204.170000000000000,0,529570.534738329000000,180918.295223458000000
1632,0,0,0,0,252.650000000000000,10.680000000000000,208.620000000000000,0,529581.000680070000000,180927.685939698000000
1633,1,0,1,0,256.960000000000000,18.530000000000000,217.730000000000000,1,529579.127130290000000,180906.514406733000000
1634,0,0,0,0,258.130000000000000,16.950000000000000,217.960000000000000,0,529581.458056596000000,180909.747360452000000
1635,0,0,0,0,260.450000000000000,17.140000000000000,219.260000000000000,0,529584.904638538000000,180912.909589068000000
1636,0,0,0,0,263.380000000000000,19.040000000000000,221.030000000000000,0,529589.080668039000000,180916.586282897000000
1637,0,0,0,0,270.030000000000000,26.540000000000000,228.910000000000000,0,529593.614211783000000,180908.668901295000000
1638,0,0,0,0,279.320000000000000,22.430000000000000,236.430000000000000,0,529604.570046105000000,180912.789322754000000
1639,0,0,0,0,275.670000000000000,27.290000000000000,232.180000000000000,0,529601.948969497000000,180916.909806133000000
1640,0,0,0,0,271.580000000000000,33.210000000000000,227.260000000000000,0,529599.106819288000000,180922.110255693000000
1641,0,0,0,0,267.390000000000000,30.650000000000000,219.620000000000000,0,529598.760880515000000,180939.471073274000000
1642,0,0,0,0,271.570000000000000,26.410000000000000,222.980000000000000,0,529603.528983700000000,180942.229127433000000
1643,0,0,0,0,276.470000000000000,18.760000000000000,226.580000000000000,0,529609.394310479000000,180947.496545494000000
1644,0,0,0,0,276.600000000000000,34.760000000000000,231.040000000000000,0,529605.293912310000000,180926.145184297000000
1645,1,0,1,0,280.420000000000000,37.050000000000000,233.920000000000000,1,529609.953461564000000,180929.365733975000000
1646,0,0,0,0,283.860000000000000,24.900000000000000,236.280000000000000,0,529614.391924340000000,180933.666252303000000
1647,0,0,0,0,288.130000000000000,20.500000000000000,239.800000000000000,0,529619.260684049000000,180936.271802316000000
1648,0,0,0,0,381.570000000000000,7.980000000000000,340.340000000000000,0,529696.169503388000000,180863.766969077000000
1649,0,0,0,0,368.930000000000000,4.390000000000000,326.070000000000000,0,529687.818958637000000,180878.610975941000000
1650,0,0,0,0,365.880000000000000,7.210000000000000,322.390000000000000,0,529686.173531853000000,180883.588021589000000
1651,0,0,0,0,354.790000000000000,6.410000000000000,314.010000000000000,0,529670.713212623000000,180872.090834562000000
1652,0,0,0,0,316.110000000000000,4.890000000000000,268.930000000000000,0,529644.862403971000000,180921.925834892000000
1653,0,0,0,0,311.850000000000000,5.850000000000000,263.990000000000000,0,529641.600890867000000,180927.013759724000000
1654,0,0,0,0,308.890000000000000,9.030000000000000,260.670000000000000,0,529639.156251461000000,180929.841145700000000
1655,0,0,0,0,304.820000000000000,13.400000000000000,255.720000000000000,0,529636.156003292000000,180935.848289168000000
1656,0,0,0,0,301.550000000000000,8.650000000000000,251.870000000000000,0,529633.581639810000000,180940.041195194000000
1657,0,0,0,0,316.650000000000000,18.720000000000000,265.550000000000000,0,529649.595659191000000,180944.708266943000000
1658,0,0,0,0,311.900000000000000,11.560000000000000,260.270000000000000,0,529645.405155070000000,180949.012030856000000
1659,0,0,0,0,308.120000000000000,5.880000000000000,255.780000000000000,0,529642.238495439000000,180954.102374510000000
1660,0,0,0,0,296.720000000000000,6.190000000000000,246.760000000000000,0,529629.145398209000000,180942.817785572000000
1661,0,0,0,0,286.350000000000000,6.710000000000000,235.000000000000000,0,529620.156633458000000,180952.930766564000000
1662,0,0,0,0,284.040000000000000,8.800000000000000,231.560000000000000,0,529618.654451689000000,180959.736586370000000
1663,0,0,0,0,281.690000000000000,13.980000000000000,228.220000000000000,0,529616.887140908000000,180965.775185463000000
1664,0,0,0,0,279.650000000000000,17.330000000000000,225.190000000000000,0,529615.309510164000000,180971.818622649000000
1665,0,0,0,0,278.220000000000000,12.660000000000000,223.030000000000000,0,529614.149998778000000,180976.351805535000000
1666,0,0,0,0,275.790000000000000,5.620000000000000,219.520000000000000,0,529611.983964372000000,180983.140696237000000
1667,0,0,0,0,304.890000000000000,7.160000000000000,251.090000000000000,0,529639.998749723000000,180963.779119954000000
1668,0,0,0,0,302.750000000000000,10.710000000000000,248.370000000000000,0,529638.186978498000000,180967.839384396000000
1669,0,0,0,0,299.940000000000000,17.810000000000000,244.520000000000000,0,529635.823478435000000,180974.927412991000000
1670,0,0,0,0,297.490000000000000,23.450000000000000,241.270000000000000,0,529633.597469082000000,180980.345939150000000
1671,0,0,0,0,294.750000000000000,16.980000000000000,237.790000000000000,0,529630.995989459000000,180985.602797090000000
1672,0,0,0,0,292.720000000000000,12.900000000000000,235.250000000000000,0,529629.006187076000000,180989.202247713000000
1673,0,0,0,0,249.420000000000000,17.060000000000000,193.360000000000000,0,529585.651846542000000,180984.902674971000000
1674,0,0,0,0,254.230000000000000,22.640000000000000,197.490000000000000,0,529590.505903106000000,180988.068283175000000
1675,0,0,0,0,258.400000000000000,14.620000000000000,200.970000000000000,0,529594.684461737000000,180991.672946432000000
1676,0,0,0,0,264.430000000000000,8.650000000000000,206.550000000000000,0,529600.699814935000000,180993.955627293000000
1677,0,0,0,0,252.810000000000000,13.710000000000000,199.950000000000000,0,529588.081385846000000,180967.778251358000000
1678,0,0,0,0,257.560000000000000,18.210000000000000,203.880000000000000,0,529593.121258617000000,180971.100691204000000
1679,0,0,0,0,262.040000000000000,21.180000000000000,207.520000000000000,0,529597.864982869000000,180974.871859812000000
1680,1,0,1,0,268.270000000000000,13.320000000000000,213.090000000000000,1,529604.248079067000000,180977.620197159000000
1681,0,0,0,0,289.280000000000000,5.720000000000000,230.900000000000000,0,529625.520162592000000,180995.653281081000000
1682,0,0,0,0,270.770000000000000,5.130000000000000,212.290000000000000,0,529606.972542604000000,180997.309521979000000
1683,0,0,0,0,284.630000000000000,6.030000000000000,224.860000000000000,0,529620.522420481000000,181005.563872052000000
1684,0,0,0,0,281.570000000000000,9.740000000000000,221.190000000000000,0,529617.181649054000000,181010.041421178000000
1685,0,0,0,0,280.190000000000000,15.660000000000000,219.010000000000000,0,529615.323392653000000,181015.925609169000000
1686,0,0,0,0,278.380000000000000,18.720000000000000,216.700000000000000,0,529613.140061105000000,181019.672221246000000
1687,0,0,0,0,277.590000000000000,24.540000000000000,215.150000000000000,0,529611.661160785000000,181025.566085434000000
1688,0,0,0,0,273.520000000000000,32.710000000000000,210.090000000000000,0,529606.433228117000000,181033.341532015000000
1689,0,0,0,0,272.280000000000000,37.500000000000000,208.300000000000000,0,529604.420202850000000,181037.852949821000000
1690,0,0,0,0,270.180000000000000,43.590000000000000,205.550000000000000,0,529601.242006359000000,181043.399297077000000
1691,0,0,0,0,268.200000000000000,48.690000000000000,203.060000000000000,0,529598.280621935000000,181047.886532253000000
1692,1,0,1,0,267.710000000000000,34.420000000000000,202.050000000000000,1,529596.635327582000000,181052.863605820000000
1693,0,0,0,0,265.700000000000000,33.660000000000000,199.580000000000000,0,529593.488155070000000,181057.194013860000000
1694,1,0,1,0,265.610000000000000,35.320000000000000,199.060000000000000,1,529592.135128912000000,181061.874357958000000
1695,0,0,0,0,268.240000000000000,7.200000000000000,209.110000000000000,0,529604.299517773000000,181001.652016698000000
1696,0,0,0,0,267.590000000000000,9.560000000000000,207.770000000000000,0,529603.424533825000000,181006.192457625000000
1697,0,0,0,0,265.010000000000000,14.260000000000000,204.600000000000000,0,529600.569593475000000,181010.226131217000000
1698,0,0,0,0,263.290000000000000,18.900000000000000,202.220000000000000,0,529598.461728396000000,181014.735132816000000
1699,0,0,0,0,260.910000000000000,23.390000000000000,199.320000000000000,0,529595.713261384000000,181018.315248559000000
1700,0,0,0,0,259.960000000000000,24.070000000000000,197.410000000000000,0,529593.922738753000000,181025.265813271000000
1701,0,0,0,0,257.710000000000000,23.720000000000000,194.700000000000000,0,529591.182031772000000,181028.541945414000000
1702,0,0,0,0,257.100000000000000,25.590000000000000,193.570000000000000,0,529589.943217605000000,181032.464743383000000
1703,0,0,0,0,255.610000000000000,27.870000000000000,191.500000000000000,0,529587.645696174000000,181036.968912732000000
1704,0,0,0,0,253.690000000000000,19.940000000000000,189.060000000000000,0,529584.881745589000000,181041.157006081000000
1705,3,0,3,0,251.650000000000000,18.580000000000000,186.150000000000000,1,529581.199271988000000,181048.373198066000000
1706,0,0,0,0,249.980000000000000,18.740000000000000,184.040000000000000,0,529578.541357491000000,181052.208346886000000
1707,1,0,1,0,248.670000000000000,21.520000000000000,182.130000000000000,1,529575.647793618000000,181057.938910825000000
1708,0,0,0,0,247.010000000000000,23.850000000000000,180.070000000000000,0,529572.802683686000000,181061.769289432000000
1709,0,0,0,0,263.480000000000000,36.570000000000000,196.440000000000000,0,529588.402881405000000,181067.070729425000000
1710,1,0,1,0,245.740000000000000,28.100000000000000,178.330000000000000,1,529569.862028761000000,181066.898206521000000
1711,1,0,1,0,245.320000000000000,24.150000000000000,177.460000000000000,1,529567.535193247000000,181072.443074018000000
1712,1,0,1,0,244.590000000000000,20.050000000000000,176.420000000000000,1,529565.244058900000000,181076.587804764000000
1713,1,0,1,0,245.970000000000000,13.940000000000000,177.440000000000000,1,529564.272209758000000,181082.867742949000000
1714,0,0,0,0,263.320000000000000,31.290000000000000,195.860000000000000,0,529586.582886180000000,181072.328288641000000
1715,1,0,1,0,262.510000000000000,25.600000000000000,194.660000000000000,1,529583.951678436000000,181077.565163514000000
1716,0,0,0,0,261.340000000000000,19.360000000000000,193.100000000000000,0,529580.688814020000000,181083.086158104000000
1717,0,0,0,0,260.430000000000000,14.130000000000000,191.900000000000000,0,529577.870285036000000,181087.789424843000000
1718,4,0,4,0,261.450000000000000,10.790000000000000,192.690000000000000,1,529576.909011621000000,181092.777832386000000
1719,0,0,0,0,259.840000000000000,7.070000000000000,190.930000000000000,0,529573.842685519000000,181095.818798655000000
1720,0,0,0,0,260.250000000000000,6.650000000000000,191.160000000000000,0,529572.123017365000000,181100.565073997000000
1721,0,0,0,0,243.290000000000000,10.010000000000000,174.390000000000000,0,529558.722911916000000,181089.083620583000000
1722,0,0,0,0,258.930000000000000,6.460000000000000,189.630000000000000,0,529567.142844534000000,181107.790378095000000
1723,1,0,1,0,258.110000000000000,7.770000000000000,188.740000000000000,1,529564.632223884000000,181110.845517465000000
1724,0,0,0,0,257.010000000000000,10.730000000000000,187.600000000000000,0,529561.629700518000000,181114.110913415000000
1725,2,0,2,0,257.570000000000000,15.930000000000000,188.150000000000000,1,529559.487605125000000,181119.069219178000000
1726,2,0,2,0,256.620000000000000,8.290000000000000,187.220000000000000,1,529556.268191794000000,181122.663283039000000
1727,0,0,0,0,255.390000000000000,3.500000000000000,186.030000000000000,0,529552.755614839000000,181126.034149407000000
1728,0,0,0,0,389.500000000000000,92.400000000000000,329.750000000000000,0,529544.182693901000000,181319.852322814000000
1729,2,0,2,0,387.230000000000000,91.060000000000000,327.110000000000000,1,529546.302900083000000,181315.811143029000000
1730,1,0,1,0,332.560000000000000,36.610000000000000,273.620000000000000,1,529510.491407017000000,181273.776176394000000
1731,1,0,1,0,275.830000000000000,8.420000000000000,210.310000000000000,1,529525.876467882000000,181190.856597182000000
1732,0,0,0,0,264.620000000000000,10.760000000000000,195.460000000000000,0,529555.397529579000000,181138.895645695000000
1733,1,0,1,0,270.110000000000000,9.360000000000000,200.970000000000000,1,529559.404841469000000,181142.758022484000000
1734,0,0,0,0,276.310000000000000,6.740000000000000,207.140000000000000,0,529565.206549310000000,181145.256070873000000
1735,2,0,2,0,282.450000000000000,9.930000000000000,213.280000000000000,1,529570.198762855000000,181148.830216172000000
1736,3,0,3,0,288.160000000000000,14.010000000000000,218.960000000000000,1,529575.719356702000000,181150.851082757000000
1737,2,0,2,0,284.900000000000000,22.040000000000000,216.140000000000000,1,529564.611970348000000,181160.908473998000000
1738,0,0,0,0,296.630000000000000,16.510000000000000,227.440000000000000,0,529582.328419567000000,181156.189898763000000
1739,2,0,2,0,301.890000000000000,13.370000000000000,232.760000000000000,1,529585.127450818000000,181161.431568398000000
1740,6,0,6,0,307.270000000000000,9.200000000000000,238.120000000000000,1,529590.053883600000000,181163.750651894000000
1741,2,0,2,0,314.250000000000000,9.250000000000000,245.120000000000000,1,529595.209503891000000,181168.582395635000000
1742,3,0,3,0,320.220000000000000,12.070000000000000,251.090000000000000,1,529600.209659660000000,181171.843423571000000
1743,1,0,1,0,326.080000000000000,9.010000000000000,256.900000000000000,1,529606.230659680000000,181173.407059559000000
1744,0,0,0,0,330.950000000000000,6.740000000000000,261.740000000000000,0,529611.181032034000000,181174.786720882000000
1745,1,0,1,0,335.770000000000000,9.750000000000000,266.580000000000000,1,529614.610105619000000,181178.321045129000000
1746,0,0,0,0,342.140000000000000,9.250000000000000,272.920000000000000,0,529620.810504196000000,181180.515977366000000
1747,1,0,1,0,341.300000000000000,9.940000000000000,271.900000000000000,1,529627.980466065000000,181167.694781039000000
1748,3,0,3,0,334.670000000000000,9.660000000000000,265.270000000000000,1,529622.402153845000000,181164.105626818000000
1749,0,0,0,0,328.640000000000000,6.890000000000000,259.250000000000000,0,529616.486826610000000,181162.231315836000000
1750,0,0,0,0,323.860000000000000,9.650000000000000,254.470000000000000,0,529612.854370194000000,181159.005154904000000
1751,1,0,1,0,318.800000000000000,13.430000000000000,249.410000000000000,1,529608.623772020000000,181156.233768684000000
1752,2,0,2,0,312.720000000000000,10.040000000000000,243.320000000000000,1,529604.241708001000000,181151.735090915000000
1753,1,0,1,0,307.190000000000000,9.730000000000000,237.790000000000000,1,529598.709146274000000,181150.183914635000000
1754,3,0,3,0,300.850000000000000,17.370000000000000,231.430000000000000,1,529595.770635747000000,181142.745221138000000
1755,2,0,2,0,295.720000000000000,20.220000000000000,226.300000000000000,1,529590.726527622000000,181141.206510401000000
1756,2,0,2,0,289.610000000000000,17.880000000000000,220.190000000000000,1,529585.836005596000000,181137.478262142000000
1757,1,0,1,0,284.300000000000000,12.700000000000000,214.890000000000000,1,529580.393131764000000,181136.242744980000000
1758,1,0,1,0,279.140000000000000,9.490000000000000,209.730000000000000,1,529575.861432872000000,181133.777061335000000
1759,1,0,1,0,270.460000000000000,12.060000000000000,201.050000000000000,1,529569.675042784000000,181127.195627019000000
1760,0,0,0,0,269.330000000000000,8.480000000000000,199.940000000000000,0,529566.159966637000000,181130.866221811000000
1761,0,0,0,0,263.760000000000000,12.770000000000000,194.370000000000000,0,529561.139789452000000,181128.388097790000000
1762,1,0,1,0,332.280000000000000,11.520000000000000,270.950000000000000,1,529667.367756799000000,181018.604271182000000
1763,1,0,1,0,309.290000000000000,9.250000000000000,247.020000000000000,1,529643.517738698000000,181026.142939564000000
1764,1,0,1,0,295.840000000000000,8.380000000000000,234.590000000000000,1,529630.947289476000000,181016.891770330000000
1765,2,0,2,0,308.700000000000000,9.830000000000000,248.510000000000000,1,529644.457560326000000,181008.462561859000000
1766,1,0,1,0,339.780000000000000,22.990000000000000,279.860000000000000,1,529675.706393809000000,181005.969625448000000
1767,0,0,0,0,303.720000000000000,8.720000000000000,331.800000000000000,0,529398.671806976000000,180693.322090986000000
1768,0,0,0,0,306.300000000000000,8.520000000000000,333.210000000000000,0,529404.676403469000000,180692.002818669000000
1769,0,0,0,0,308.120000000000000,11.420000000000000,333.820000000000000,0,529410.887097189000000,180691.608892766000000
1770,0,0,0,0,107.590000000000000,6.300000000000000,138.540000000000000,0,529371.437848935000000,180888.840375081000000
1771,0,0,0,0,156.360000000000000,60.360000000000000,148.060000000000000,0,529455.427720681000000,180889.240736066000000
1772,0,0,0,0,164.310000000000000,52.480000000000000,155.880000000000000,0,529460.486583025000000,180882.931526226000000
1773,1,0,1,0,79.220000000000000,25.390000000000000,178.440000000000000,1,529272.486433254000000,180896.849556202000000
1774,0,0,0,0,222.040000000000000,31.220000000000000,386.500000000000000,0,529024.163677065000000,181128.323927892000000
1775,0,0,0,0,289.930000000000000,9.620000000000000,359.850000000000000,0,529290.139148704000000,180681.368655173000000
1776,0,0,0,0,194.540000000000000,15.850000000000000,269.280000000000000,0,529292.560232099000000,180776.719847717000000
1777,0,0,0,0,187.590000000000000,25.460000000000000,254.390000000000000,0,529315.068413871000000,180784.112412930000000
1778,0,0,0,0,94.610000000000000,10.120000000000000,190.170000000000000,0,529273.136788945000000,180880.419182830000000
1779,0,0,0,0,90.490000000000000,14.620000000000000,189.080000000000000,0,529267.898255739000000,180886.537543830000000
1780,0,0,0,0,128.770000000000000,6.860000000000000,215.660000000000000,0,529196.959324524000000,180943.446496896000000
1781,0,0,0,0,140.350000000000000,19.710000000000000,210.550000000000000,0,529209.654133131000000,180928.155731365000000
1782,0,0,0,0,101.050000000000000,21.300000000000000,211.440000000000000,0,529215.381386815000000,180916.092289333000000
1783,0,0,0,0,103.850000000000000,18.350000000000000,267.560000000000000,0,529133.765963680000000,181075.200790779000000
1784,0,0,0,0,111.130000000000000,24.880000000000000,274.400000000000000,0,529126.230549476000000,181071.957059632000000
1785,0,0,0,0,96.650000000000000,23.280000000000000,259.720000000000000,0,529140.591233852000000,181068.917516710000000
1786,0,0,0,0,98.210000000000000,19.260000000000000,261.770000000000000,0,529139.242471194000000,181072.992057677000000
1787,0,0,0,0,208.050000000000000,10.950000000000000,353.040000000000000,0,529108.664285411000000,181229.325558962000000
1788,0,0,0,0,144.730000000000000,7.630000000000000,289.440000000000000,0,529155.499904329000000,181185.208011547000000
1789,0,0,0,0,144.400000000000000,13.610000000000000,286.300000000000000,0,529161.814518075000000,181188.906382087000000
1790,0,0,0,0,137.530000000000000,7.910000000000000,287.450000000000000,0,529149.226865583000000,181171.467693887000000
1791,0,0,0,0,124.570000000000000,15.050000000000000,271.910000000000000,0,529164.719399909000000,181167.068185786000000
1792,0,0,0,0,123.930000000000000,18.800000000000000,268.120000000000000,0,529171.600420256000000,181170.895089174000000
1793,0,0,0,0,164.830000000000000,12.880000000000000,295.530000000000000,0,529171.991856548000000,181217.125728778000000
1794,0,0,0,0,141.910000000000000,19.050000000000000,273.090000000000000,0,529185.017668554000000,181197.713189088000000
1795,0,0,0,0,143.290000000000000,21.180000000000000,277.170000000000000,0,529178.921043769000000,181196.645208609000000
1796,0,0,0,0,168.460000000000000,11.990000000000000,285.950000000000000,0,529196.323395448000000,181229.156781532000000
1797,0,0,0,0,143.220000000000000,16.910000000000000,262.370000000000000,0,529206.180284213000000,181205.555222227000000
1798,0,0,0,0,121.680000000000000,17.440000000000000,250.710000000000000,0,529201.013607988000000,181181.914071912000000
1799,0,0,0,0,122.380000000000000,14.700000000000000,248.170000000000000,0,529206.084996957000000,181184.097263380000000
1800,0,0,0,0,123.620000000000000,14.250000000000000,246.540000000000000,0,529210.157230061000000,181186.369180716000000
1801,0,0,0,0,106.140000000000000,5.500000000000000,233.330000000000000,0,529213.017485998000000,181169.094876537000000
1802,0,0,0,0,118.940000000000000,9.870000000000000,235.920000000000000,0,529221.974172015000000,181183.702396002000000
1803,0,0,0,0,113.240000000000000,6.750000000000000,230.190000000000000,0,529224.817494513000000,181178.296687569000000
1804,0,0,0,0,107.390000000000000,7.610000000000000,224.850000000000000,0,529226.955012859000000,181172.644782074000000
1805,0,0,0,0,125.750000000000000,16.000000000000000,242.640000000000000,0,529218.748950664000000,181190.125521847000000
1806,0,0,0,0,122.850000000000000,15.330000000000000,236.570000000000000,0,529241.127278445000000,181203.362499764000000
1807,0,0,0,0,123.900000000000000,21.630000000000000,234.380000000000000,0,529247.960239949000000,181206.275287046000000
1808,0,0,0,0,116.950000000000000,19.710000000000000,230.850000000000000,0,529243.614808730000000,181197.947752728000000
1809,0,0,0,0,109.690000000000000,26.050000000000000,223.790000000000000,0,529246.774698455000000,181191.294729426000000
1810,0,0,0,0,101.000000000000000,34.100000000000000,215.430000000000000,0,529250.396370386000000,181183.283949925000000
1811,0,0,0,0,125.920000000000000,25.920000000000000,233.150000000000000,0,529254.141145615000000,181209.627999867000000
1812,0,0,0,0,128.350000000000000,20.050000000000000,232.380000000000000,0,529259.895080421000000,181212.969860134000000
1813,0,0,0,0,147.570000000000000,18.470000000000000,252.400000000000000,0,529250.678211203000000,181230.995466918000000
1814,0,0,0,0,148.780000000000000,15.990000000000000,252.280000000000000,0,529253.270527226000000,181232.659154690000000
1815,0,0,0,0,145.640000000000000,26.180000000000000,253.990000000000000,0,529243.219346132000000,181227.496129738000000
1816,0,0,0,0,137.630000000000000,10.470000000000000,231.800000000000000,0,529276.507692948000000,181223.321342755000000
1817,0,0,0,0,144.780000000000000,5.410000000000000,238.940000000000000,0,529274.545899373000000,181230.461327985000000
1818,0,0,0,0,77.300000000000000,11.810000000000000,236.700000000000000,0,529177.669303589000000,181115.074324681000000
1819,0,0,0,0,76.970000000000000,4.180000000000000,208.150000000000000,0,529189.355133506000000,181005.451999490000000
1820,0,0,0,0,70.850000000000000,7.590000000000000,203.520000000000000,0,529193.629218468000000,181009.874596529000000
1821,0,0,0,0,216.390000000000000,10.860000000000000,235.100000000000000,0,529420.554346110000000,180791.233133729000000
1822,0,0,0,0,308.580000000000000,24.420000000000000,314.650000000000000,0,529496.313135179000000,180726.708185507000000
1823,0,0,0,0,349.490000000000000,18.930000000000000,357.980000000000000,0,529502.767481527000000,180683.271174452000000
1824,0,0,0,0,314.620000000000000,7.450000000000000,296.910000000000000,0,529580.214021555000000,180791.843190759000000
1825,0,0,0,0,174.400000000000000,7.010000000000000,145.900000000000000,0,529494.376740270000000,180916.851460950000000
1826,0,0,0,0,184.190000000000000,9.010000000000000,150.420000000000000,0,529508.165990033000000,180924.269272425000000
1827,0,0,0,0,188.370000000000000,9.820000000000000,155.440000000000000,0,529510.905937872000000,180919.828595687000000
1828,0,0,0,0,184.250000000000000,6.740000000000000,155.260000000000000,0,529503.034612168000000,180912.110520718000000
1829,0,0,0,0,181.790000000000000,8.890000000000000,154.320000000000000,0,529499.244332946000000,180909.909041786000000
1830,0,0,0,0,180.860000000000000,14.720000000000000,144.820000000000000,0,529507.408204454000000,180931.917808893000000
1831,0,0,0,0,184.910000000000000,20.870000000000000,146.700000000000000,0,529512.937646696000000,180935.817463843000000
1832,0,0,0,0,92.230000000000000,18.920000000000000,28.980000000000000,0,529404.131559784000000,181053.025030590000000
1833,0,0,0,0,70.560000000000000,51.900000000000000,46.550000000000000,0,529361.986946749000000,181056.247694626000000
1834,0,0,0,0,56.110000000000000,38.890000000000000,34.540000000000000,0,529364.869447257000000,181038.824030054000000
1835,0,0,0,0,52.620000000000000,52.620000000000000,69.850000000000000,0,529336.885875943000000,181061.379113556000000
1836,0,0,0,0,159.030000000000000,8.030000000000000,99.840000000000000,0,529429.720009989000000,181119.211948764000000
1837,0,0,0,0,187.870000000000000,15.520000000000000,127.810000000000000,0,529446.426172350000000,181142.718678005000000
1838,0,0,0,0,184.260000000000000,13.640000000000000,123.240000000000000,0,529448.081900588000000,181136.990548291000000
1839,0,0,0,0,181.860000000000000,15.010000000000000,119.840000000000000,0,529450.531132706000000,181132.027187207000000
1840,0,0,0,0,198.410000000000000,12.170000000000000,129.260000000000000,0,529500.906145907000000,181101.294733586000000
1841,0,0,0,0,196.630000000000000,22.820000000000000,139.570000000000000,0,529532.876148607000000,180995.265743361000000
1842,0,0,0,0,225.280000000000000,14.290000000000000,173.010000000000000,0,529560.685747332000000,180970.473587159000000
1843,0,0,0,0,241.290000000000000,8.970000000000000,177.120000000000000,0,529573.306969950000000,181035.757873330000000
1844,0,0,0,0,240.590000000000000,12.290000000000000,177.130000000000000,0,529573.560577075000000,181030.366307710000000
1845,0,0,0,0,227.200000000000000,10.180000000000000,163.540000000000000,0,529559.971225642000000,181030.392126887000000
1846,0,0,0,0,233.720000000000000,11.430000000000000,170.510000000000000,0,529567.001654690000000,181027.965416122000000
1847,0,0,0,0,244.760000000000000,21.110000000000000,187.500000000000000,0,529581.046883003000000,180991.840268178000000
1848,0,0,0,0,249.820000000000000,22.110000000000000,191.880000000000000,0,529586.068503395000000,180995.318811304000000
1849,0,0,0,0,239.670000000000000,4.750000000000000,197.540000000000000,0,529566.838576243000000,180925.026394960000000
1850,0,0,0,0,295.720000000000000,18.060000000000000,261.310000000000000,0,529605.567476815000000,180868.310800178000000
1851,0,0,0,0,317.180000000000000,6.000000000000000,286.470000000000000,0,529616.019553315000000,180841.028775061000000
1852,0,0,0,0,333.690000000000000,7.330000000000000,299.400000000000000,0,529638.134482216000000,180848.293826885000000