STATE,STATE_FIPS,YEAR,EVENT_TYPE,INJURIES_DIRECT,INJURIES_INDIRECT,DEATHS_DIRECT,DEATHS_INDIRECT,DAMAGE_PROPERTY,BEGIN_LAT,BEGIN_LON,EPISODE_NARRATIVE,EVENT_NARRATIVE
SOUTH CAROLINA,45,2024,Thunderstorm Wind,0,0,0,0,35.00K,34.18,-79.39,A quasi-linear convective system (QLCS) developed along a strong cold front which pushed through a very high shear (80 knots of effective bulk shear)/low CAPE (500-1000 J/kg MLCAPE) environment across  the area and the nearby coastal waters. A few discrete storms also developed ahead of the main line. A Wind Advisory was in effect for the entire area except for coastal counties where a High Wind Warning was in effect. A Storm Warning was in effect for our marine zones.,"Multiple large trees down on homes and blocking roadways in and near the 900 block of Jones Avenue/NC-41. In addition, a large brick wall in main street commons in downtown Marion separated from a building and collapsed."
SOUTH CAROLINA,45,2024,Thunderstorm Wind,0,0,0,0,0.00K,33.95,-78.93,A quasi-linear convective system (QLCS) developed along a strong cold front which pushed through a very high shear (80 knots of effective bulk shear)/low CAPE (500-1000 J/kg MLCAPE) environment across  the area and the nearby coastal waters. A few discrete storms also developed ahead of the main line. A Wind Advisory was in effect for the entire area except for coastal counties where a High Wind Warning was in effect. A Storm Warning was in effect for our marine zones.,Tree down in roadway on Adrian highway.
SOUTH CAROLINA,45,2024,Thunderstorm Wind,0,0,0,0,2.00K,34.18,-79.38,A quasi-linear convective system (QLCS) developed along a strong cold front which pushed through a very high shear (80 knots of effective bulk shear)/low CAPE (500-1000 J/kg MLCAPE) environment across  the area and the nearby coastal waters. A few discrete storms also developed ahead of the main line. A Wind Advisory was in effect for the entire area except for coastal counties where a High Wind Warning was in effect. A Storm Warning was in effect for our marine zones.,Tree down on house along NC-41 near intersection with Walnut Street.
SOUTH CAROLINA,45,2024,Thunderstorm Wind,0,0,0,0,3.00K,34.23,-79.26,A quasi-linear convective system (QLCS) developed along a strong cold front which pushed through a very high shear (80 knots of effective bulk shear)/low CAPE (500-1000 J/kg MLCAPE) environment across  the area and the nearby coastal waters. A few discrete storms also developed ahead of the main line. A Wind Advisory was in effect for the entire area except for coastal counties where a High Wind Warning was in effect. A Storm Warning was in effect for our marine zones.,Tree down on car near SC-41 and Zion Road.
SOUTH CAROLINA,45,2024,Thunderstorm Wind,0,0,0,0,0.00K,34.29,-80.11,A quasi-linear convective system (QLCS) developed along a strong cold front which pushed through a very high shear (80 knots of effective bulk shear)/low CAPE (500-1000 J/kg MLCAPE) environment across  the area and the nearby coastal waters. A few discrete storms also developed ahead of the main line. A Wind Advisory was in effect for the entire area except for coastal counties where a High Wind Warning was in effect. A Storm Warning was in effect for our marine zones.,Wind gust of 65 mph estimated in the town of Lydia.
SOUTH CAROLINA,45,2024,Thunderstorm Wind,0,0,0,0,10.00K,33.38,-79.3,A quasi-linear convective system (QLCS) developed along a strong cold front which pushed through a very high shear (80 knots of effective bulk shear)/low CAPE (500-1000 J/kg MLCAPE) environment across  the area and the nearby coastal waters. A few discrete storms also developed ahead of the main line. A Wind Advisory was in effect for the entire area except for coastal counties where a High Wind Warning was in effect. A Storm Warning was in effect for our marine zones.,Significant roof damage to mobile home on Lafayette Street near intersection with Church Street with half of roof torn off.
SOUTH CAROLINA,45,2024,Thunderstorm Wind,0,0,0,0,0.00K,33.81,-78.72,A quasi-linear convective system (QLCS) developed along a strong cold front which pushed through a very high shear (80 knots of effective bulk shear)/low CAPE (500-1000 J/kg MLCAPE) environment across  the area and the nearby coastal waters. A few discrete storms also developed ahead of the main line. A Wind Advisory was in effect for the entire area except for coastal counties where a High Wind Warning was in effect. A Storm Warning was in effect for our marine zones.,Measured at North Myrtle Beach Airport.
SOUTH CAROLINA,45,2024,Thunderstorm Wind,0,0,0,0,10.00K,34.76,-79.83,A quasi-linear convective system (QLCS) developed along a strong cold front which pushed through a very high shear (80 knots of effective bulk shear)/low CAPE (500-1000 J/kg MLCAPE) environment across  the area and the nearby coastal waters. A few discrete storms also developed ahead of the main line. A Wind Advisory was in effect for the entire area except for coastal counties where a High Wind Warning was in effect. A Storm Warning was in effect for our marine zones.,Trees and powerlines down along Old Wire Road.
SOUTH CAROLINA,45,2024,Thunderstorm Wind,0,0,0,0,0.00K,34.51,-79.67,A quasi-linear convective system (QLCS) developed along a strong cold front which pushed through a very high shear (80 knots of effective bulk shear)/low CAPE (500-1000 J/kg MLCAPE) environment across  the area and the nearby coastal waters. A few discrete storms also developed ahead of the main line. A Wind Advisory was in effect for the entire area except for coastal counties where a High Wind Warning was in effect. A Storm Warning was in effect for our marine zones.,Tree down at Gravel Pit Road and Johns Road near Blenheim.
SOUTH CAROLINA,45,2024,Thunderstorm Wind,0,0,0,0,0.00K,34.63,-79.69,A quasi-linear convective system (QLCS) developed along a strong cold front which pushed through a very high shear (80 knots of effective bulk shear)/low CAPE (500-1000 J/kg MLCAPE) environment across  the area and the nearby coastal waters. A few discrete storms also developed ahead of the main line. A Wind Advisory was in effect for the entire area except for coastal counties where a High Wind Warning was in effect. A Storm Warning was in effect for our marine zones.,"Several reports of trees and power lines down including along Willamette Road, Hodges Ave, Salem Road, and Ancil Street."
SOUTH CAROLINA,45,2024,Thunderstorm Wind,0,0,0,0,0.00K,34.35,-79.75,A quasi-linear convective system (QLCS) developed along a strong cold front which pushed through a very high shear (80 knots of effective bulk shear)/low CAPE (500-1000 J/kg MLCAPE) environment across  the area and the nearby coastal waters. A few discrete storms also developed ahead of the main line. A Wind Advisory was in effect for the entire area except for coastal counties where a High Wind Warning was in effect. A Storm Warning was in effect for our marine zones.,Several trees reported down in the eastern part of Darlington County.
SOUTH CAROLINA,45,2024,Thunderstorm Wind,0,0,0,0,0.00K,34.19,-79.72,A quasi-linear convective system (QLCS) developed along a strong cold front which pushed through a very high shear (80 knots of effective bulk shear)/low CAPE (500-1000 J/kg MLCAPE) environment across  the area and the nearby coastal waters. A few discrete storms also developed ahead of the main line. A Wind Advisory was in effect for the entire area except for coastal counties where a High Wind Warning was in effect. A Storm Warning was in effect for our marine zones.,Measured at Florence Automated Surface Observation Station.
SOUTH CAROLINA,45,2024,Thunderstorm Wind,0,0,0,0,6.00K,34.63,-79.61,A quasi-linear convective system (QLCS) developed along a strong cold front which pushed through a very high shear (80 knots of effective bulk shear)/low CAPE (500-1000 J/kg MLCAPE) environment across  the area and the nearby coastal waters. A few discrete storms also developed ahead of the main line. A Wind Advisory was in effect for the entire area except for coastal counties where a High Wind Warning was in effect. A Storm Warning was in effect for our marine zones.,Three power poles snapped along Mt. Zion church road near Tatum.
SOUTH CAROLINA,45,2024,Thunderstorm Wind,0,0,0,0,0.00K,34.33,-79.41,A quasi-linear convective system (QLCS) developed along a strong cold front which pushed through a very high shear (80 knots of effective bulk shear)/low CAPE (500-1000 J/kg MLCAPE) environment across  the area and the nearby coastal waters. A few discrete storms also developed ahead of the main line. A Wind Advisory was in effect for the entire area except for coastal counties where a High Wind Warning was in effect. A Storm Warning was in effect for our marine zones.,A Bradford Pear tree with about a 20-inch trunk fell near Highway 917.
SOUTH CAROLINA,45,2024,Thunderstorm Wind,0,0,0,0,0.00K,34.42,-79.37,A quasi-linear convective system (QLCS) developed along a strong cold front which pushed through a very high shear (80 knots of effective bulk shear)/low CAPE (500-1000 J/kg MLCAPE) environment across  the area and the nearby coastal waters. A few discrete storms also developed ahead of the main line. A Wind Advisory was in effect for the entire area except for coastal counties where a High Wind Warning was in effect. A Storm Warning was in effect for our marine zones.,There were numerous reports of trees down in the Dillon area.
SOUTH CAROLINA,45,2024,Thunderstorm Wind,0,0,0,0,NA,34.48,-81.59,"A cold front and upper disturbance, combined with sufficient instability and shear, to  produce a few severe thunderstorms and tornadoes.",A tree was downed on Hwy 121 near Sulphur Springs Rd.  Time estimated.
SOUTH CAROLINA,45,2024,Tornado,0,0,0,0,NA,34.1614,-80.859,"A cold front and upper disturbance, combined with sufficient instability and shear, to  produce a few severe thunderstorms and tornadoes.","A National Weather Service storm survey team confirmed a brief EF-1 tornado, with|peak winds of 90 mph, in northeast Richland County near Pontiac. The tornado began|in a wooded area southwest of Kelly Mill Road and to the east of Bridge Creek where it|snapped and uprooted numerous softwood trees. It also snapped off the top of a power |pole and peeled back a portion of the tin roof of a shed. The tornado then crossed Kelly|Mill Road and continued northeast where it snapped and uprooted additional trees near|a home and then the tornado continued into an inaccessible wooded area. The last|visible damage appears to be a snapped tree at the end of Mazola Court.  The tornado|likely lifted before crossing Cherokee Blvd in Kershaw County."
SOUTH CAROLINA,45,2024,Tornado,0,0,0,0,NA,34.15,-81.72,"A cold front and upper disturbance, combined with sufficient instability and shear, to  produce a few severe thunderstorms and tornadoes.","After reviewing available data, a weak tornado has been determined to have briefly|touched down in far northern Saluda county on January 27. The tornado touched down|near Old Cherokee Trail before moving quickly northeast and causing limited tree damage|near Tostie Creek Road. The tornado then dissipated as it moved northeastward."
SOUTH CAROLINA,45,2024,Thunderstorm Wind,0,0,0,0,0.00K,34.05,-82.03,"A frontal system impacted the western Carolinas, bringing widespread showers and a few thunderstorms to upstate South Carolina. One of the storms produced brief damaging wind gusts in Greenwood County.",Public reported several large tree limbs blown down just north of Kirksey.
SOUTH CAROLINA,45,2024,Thunderstorm Wind,0,0,0,0,0.00K,34.86,-81.67,A line of heavy rain showers and embedded thunderstorms moved across upstate South Carolina during the afternoon. Several of the storms produced locally damaging wind gusts.,"County comms reported multiple trees and some power lines blown down across the northern half of Union county, including on Gaffney Highway, Proctor Rd, Forest St, and Vaughn Rd in Jonesville, and on Keys Highway, Meansville Rd, Rice Ave, and Hawkins Rd in and near the city of Union. Additionally, the AWOS at the Union County Airport measured a wind gust of 58 mph."
SOUTH CAROLINA,45,2024,Hail,0,0,0,0,0.00K,34.2912,-80.6152,A slow moving cold front generated thunderstorms early in the morning of 3/27. One of these storms produced sub-severe hail.,Public reported slightly larger than dime-sized hail along Edinburgh Castle Ln in Camden.
SOUTH CAROLINA,45,2024,Thunderstorm Wind,0,0,0,0,NA,32.78,-79.97,"A large area of stratiform rain spread across the southeast South Carolina in the predawn hours ahead of a warm front lifting northward. Immediately along the warm front, embedded thunderstorms developed and brought a period of strong wind gusts and intense rainfall to the region. A large area of heavy rainfall, with amounts of 2-4 inches, occurred from around Beaufort up through the Charleston metro area. Locally higher amounts of up to 5 inches occurred in and around Charleston, with the heaviest rainfall rates occurring around and just after a 7.69 ft MLLW high tide at the Charleston Harbor tide gauge. The intense rainfall produced a few instances of flash flooding around Charleston, with lots of reports of minor flooding.","Several large windows were blown out at Hay Tire Pros on Wesley Drive. The strong wind gust also caused damage to the tile ceiling which partially collapsed in the interior of the building. Sheet metal from the roof of the building and two adjacent commercial buildings was ripped off and blown several hundred feet. Also, the top of a nearby power pole was snapped off."
SOUTH CAROLINA,45,2024,Flash Flood,0,0,0,0,5.00K,32.7945,-79.8566,"A large area of stratiform rain spread across the southeast South Carolina in the predawn hours ahead of a warm front lifting northward. Immediately along the warm front, embedded thunderstorms developed and brought a period of strong wind gusts and intense rainfall to the region. A large area of heavy rainfall, with amounts of 2-4 inches, occurred from around Beaufort up through the Charleston metro area. Locally higher amounts of up to 5 inches occurred in and around Charleston, with the heaviest rainfall rates occurring around and just after a 7.69 ft MLLW high tide at the Charleston Harbor tide gauge. The intense rainfall produced a few instances of flash flooding around Charleston, with lots of reports of minor flooding.",The public reported 1 to 2 inches of water entering a 1st floor apartment in Oyster Park Apartments along Rifle Range Road.
SOUTH CAROLINA,45,2024,Flash Flood,0,0,0,0,5.00K,32.7614,-79.8414,"A large area of stratiform rain spread across the southeast South Carolina in the predawn hours ahead of a warm front lifting northward. Immediately along the warm front, embedded thunderstorms developed and brought a period of strong wind gusts and intense rainfall to the region. A large area of heavy rainfall, with amounts of 2-4 inches, occurred from around Beaufort up through the Charleston metro area. Locally higher amounts of up to 5 inches occurred in and around Charleston, with the heaviest rainfall rates occurring around and just after a 7.69 ft MLLW high tide at the Charleston Harbor tide gauge. The intense rainfall produced a few instances of flash flooding around Charleston, with lots of reports of minor flooding.",The public reported several inches of water inside a business on Middle Street.
SOUTH CAROLINA,45,2024,Flash Flood,0,0,0,0,10.00K,32.7812,-79.9304,"A large area of stratiform rain spread across the southeast South Carolina in the predawn hours ahead of a warm front lifting northward. Immediately along the warm front, embedded thunderstorms developed and brought a period of strong wind gusts and intense rainfall to the region. A large area of heavy rainfall, with amounts of 2-4 inches, occurred from around Beaufort up through the Charleston metro area. Locally higher amounts of up to 5 inches occurred in and around Charleston, with the heaviest rainfall rates occurring around and just after a 7.69 ft MLLW high tide at the Charleston Harbor tide gauge. The intense rainfall produced a few instances of flash flooding around Charleston, with lots of reports of minor flooding.",An employee at the Gold Creations store in the Charleston City Market provided a picture showing a high water mark of 10 inches of inundation from inside the enclosed store building.
SOUTH CAROLINA,45,2024,Thunderstorm Wind,0,0,0,0,0.00K,34.834,-82.572,"A major/complex frontal system brought widespread rain with embedded thunderstorms to upstate South Carolina, mainly during the late morning and afternoon of the 9th. Widespread rainfall amounts of 3 to 5 inches (with locally higher amounts) in around 12 hours resulted in numerous reports of flooding. Isolated severe thunderstorms also resulted in a a few damaging wind gusts reports over the Piedmont.",Ham radio operator reported trees and power lines blown down on Lynn Circle at Oakvale Dr.
SOUTH CAROLINA,45,2024,Thunderstorm Wind,0,0,0,0,0.00K,34.818,-81.99,"A major/complex frontal system brought widespread rain with embedded thunderstorms to upstate South Carolina, mainly during the late morning and afternoon of the 9th. Widespread rainfall amounts of 3 to 5 inches (with locally higher amounts) in around 12 hours resulted in numerous reports of flooding. Isolated severe thunderstorms also resulted in a a few damaging wind gusts reports over the Piedmont.","Utility company and ham radio operator reported trees blown down, with some on power lines in the Moore and Roebuck area, including on Patricia Dr in Roebuck."
SOUTH CAROLINA,45,2024,Thunderstorm Wind,0,0,0,0,0.00K,34.19,-82.16,"A major/complex frontal system brought widespread rain with embedded thunderstorms to upstate South Carolina, mainly during the late morning and afternoon of the 9th. Widespread rainfall amounts of 3 to 5 inches (with locally higher amounts) in around 12 hours resulted in numerous reports of flooding. Isolated severe thunderstorms also resulted in a a few damaging wind gusts reports over the Piedmont.",Utility company reported multiple trees and large limbs blown down on power lines across the city of Greenwood.
SOUTH CAROLINA,45,2024,Thunderstorm Wind,0,0,0,0,0.00K,34.84,-81.68,"A major/complex frontal system brought widespread rain with embedded thunderstorms to upstate South Carolina, mainly during the late morning and afternoon of the 9th. Widespread rainfall amounts of 3 to 5 inches (with locally higher amounts) in around 12 hours resulted in numerous reports of flooding. Isolated severe thunderstorms also resulted in a a few damaging wind gusts reports over the Piedmont.",Utility company reported trees blown down on power lines  in the Jonesville area.
SOUTH CAROLINA,45,2024,Thunderstorm Wind,0,0,0,0,0.00K,34.47,-81.88,"A major/complex frontal system brought widespread rain with embedded thunderstorms to upstate South Carolina, mainly during the late morning and afternoon of the 9th. Widespread rainfall amounts of 3 to 5 inches (with locally higher amounts) in around 12 hours resulted in numerous reports of flooding. Isolated severe thunderstorms also resulted in a a few damaging wind gusts reports over the Piedmont.",Public reported (via Social Media) trees blown down in the Clinton area.
SOUTH CAROLINA,45,2024,Flash Flood,0,0,0,0,50.00K,35.146,-81.763,"A major/complex frontal system brought widespread rain with embedded thunderstorms to upstate South Carolina, mainly during the late morning and afternoon of the 9th. Widespread rainfall amounts of 3 to 5 inches (with locally higher amounts) in around 12 hours resulted in numerous reports of flooding. Isolated severe thunderstorms also resulted in a a few damaging wind gusts reports over the Piedmont.","Multiple sources reported flash flooding developed across mainly northern Cherokee County after 3 to 5 inches of rain fell across the area in around 12 hours. Numerous roads were inundated due to stream flooding or poor drainage. Impacted streams included the Broad River near Blacksburg, which exceeded minor flood stage, indicating inundation of Little Hope Rd and River Rd. Emergency manager reported that more than two dozen roads were damaged or inundated throughout the county, including Mill Gin Rd in the northwest part of the county, which was flooded by Cherokee Creek. A number of water rescues occurred including a driver from a vehicle that was being swept away, and about 20 people who were evacuated from an apartment complex west of Blackburg."
SOUTH CAROLINA,45,2024,Flood,0,0,0,0,1.00K,35.064,-82.21,"A major/complex frontal system brought widespread rain with embedded thunderstorms to upstate South Carolina, mainly during the late morning and afternoon of the 9th. Widespread rainfall amounts of 3 to 5 inches (with locally higher amounts) in around 12 hours resulted in numerous reports of flooding. Isolated severe thunderstorms also resulted in a a few damaging wind gusts reports over the Piedmont.","Although heavy rain ended across Spartanburg County during the late afternoon, runoff from the earlier heavy rain resulted in continued elevated stream levels and inundation of some roads well into the evening hours. Flooding was especially persistent along the South Pacolet and its tributaries during this time."
SOUTH CAROLINA,45,2024,Thunderstorm Wind,0,0,0,0,0.00K,35.057,-82.363,"A major/complex frontal system brought widespread rain with embedded thunderstorms to upstate South Carolina, mainly during the late morning and afternoon of the 9th. Widespread rainfall amounts of 3 to 5 inches (with locally higher amounts) in around 12 hours resulted in numerous reports of flooding. Isolated severe thunderstorms also resulted in a a few damaging wind gusts reports over the Piedmont.",Ham radio operator reported trees and power lines blown down at Camp Creek Road and Camp Creek Road Ext.
SOUTH CAROLINA,45,2024,Flash Flood,0,0,0,0,50.00K,35.064,-82.21,"A major/complex frontal system brought widespread rain with embedded thunderstorms to upstate South Carolina, mainly during the late morning and afternoon of the 9th. Widespread rainfall amounts of 3 to 5 inches (with locally higher amounts) in around 12 hours resulted in numerous reports of flooding. Isolated severe thunderstorms also resulted in a a few damaging wind gusts reports over the Piedmont.","Ham radio operators and other sources reported flash flooding developed across northern and central Spartanburg County after around 4 inches of rain fell in around 12 hours. Impacts were mainly due to inundation of roads via small stream flooding or poor drainage. Impacts were especially noteworthy in and near the city of Spartanburg, where multiple vehicles were submerged in floodwater, including at S Irwin Ave Ext at Carolina Dr, S Church St Ext and Staley Dr, New Cut Rd at Caldwell Rd, and Willis Rd at Rossin Ln. Additionally, water from Holston Creek inundated Old Mill Rd near Campobello and Vines Creek overflowed onto  Bennetts Bridge Rd near Reidville."
SOUTH CAROLINA,45,2024,Flash Flood,0,0,0,0,10.00K,35.082,-82.542,"A major/complex frontal system brought widespread rain with embedded thunderstorms to upstate South Carolina, mainly during the late morning and afternoon of the 9th. Widespread rainfall amounts of 3 to 5 inches (with locally higher amounts) in around 12 hours resulted in numerous reports of flooding. Isolated severe thunderstorms also resulted in a a few damaging wind gusts reports over the Piedmont.","Emergency manager, public sources, and stream gauges reported flash flooding developed throughout Greenville County after around 4 inches of rain fell in around 12 hours. Numerous small streams overflowed their banks and inundated adjacent roads throughout the county, with roads and streets being especially impassable in the urban centers. Minor flooding developed along the Reedy River in downtown Greenville, flooding Hudson Street as well as inundating large portions of Unity Park and Cleveland Park and lower portions of Cancer Survivors Park."
SOUTH CAROLINA,45,2024,Flood,0,0,0,0,10.00K,34.848,-82.405,"A major/complex frontal system brought widespread rain with embedded thunderstorms to upstate South Carolina, mainly during the late morning and afternoon of the 9th. Widespread rainfall amounts of 3 to 5 inches (with locally higher amounts) in around 12 hours resulted in numerous reports of flooding. Isolated severe thunderstorms also resulted in a a few damaging wind gusts reports over the Piedmont.","Although heavy rain ended across Greenville County during the late afternoon, runoff from the earlier rainfall continued to result on elevated stream levels and inundation of some roads throughout central and southern Greenville County into the evening. This included the Reedy River basin, where minor flooding persisted between Greenville and Simpsonville. Some damage to boardwalks and bridges occurred in Conestee Nature Preserve."
SOUTH CAROLINA,45,2024,Flash Flood,0,0,0,0,1.00K,34.867,-82.788,"A major/complex frontal system brought widespread rain with embedded thunderstorms to upstate South Carolina, mainly during the late morning and afternoon of the 9th. Widespread rainfall amounts of 3 to 5 inches (with locally higher amounts) in around 12 hours resulted in numerous reports of flooding. Isolated severe thunderstorms also resulted in a a few damaging wind gusts reports over the Piedmont.",Stream gauges and Ham radio operator reported tributaries of Twelvemile Creek after 3 to 5 inches of rain fell across Pickens County in around 12 hours. Gregory Creek inundated Concord Church Rd and Whitmire Hill Rd was flooded by another tributary.
SOUTH CAROLINA,45,2024,Flash Flood,0,0,0,0,5.00K,34.68,-83.119,"A major/complex frontal system brought widespread rain with embedded thunderstorms to upstate South Carolina, mainly during the late morning and afternoon of the 9th. Widespread rainfall amounts of 3 to 5 inches (with locally higher amounts) in around 12 hours resulted in numerous reports of flooding. Isolated severe thunderstorms also resulted in a a few damaging wind gusts reports over the Piedmont.","Public reported (via Social Media) flash flooding developed across central Oconee County, particularly in the urban areas around Seneca and Westminster after 3 to 5 inches of rain fell in around 12 hours. Multiple roads were inundated and impassable due to a combination of small stream flooding and poor drainage."
SOUTH CAROLINA,45,2024,Flood,0,0,0,0,1.00K,34.701,-82.722,"A major/complex frontal system brought widespread rain with embedded thunderstorms to upstate South Carolina, mainly during the late morning and afternoon of the 9th. Widespread rainfall amounts of 3 to 5 inches (with locally higher amounts) in around 12 hours resulted in numerous reports of flooding. Isolated severe thunderstorms also resulted in a a few damaging wind gusts reports over the Piedmont.","Stream gauges and Ham radio operator reported flooding gradually developed along Eighteen Mile Creek and some of its tributaries after 3 to 5 inches of rain fell across the basin in around 12 hours. Portions of Central Rd, Bishop Branch Rd, and Highway 28 were inundated from overflowing streams."
SOUTH CAROLINA,45,2024,Flash Flood,0,0,0,0,1.00K,34.692,-82.177,"A major/complex frontal system brought widespread rain with embedded thunderstorms to upstate South Carolina, mainly during the late morning and afternoon of the 9th. Widespread rainfall amounts of 3 to 5 inches (with locally higher amounts) in around 12 hours resulted in numerous reports of flooding. Isolated severe thunderstorms also resulted in a a few damaging wind gusts reports over the Piedmont.","A stream gauge on Durbin Creek on the Laurens County side of Fountain Inn indicated flash flooding developed along the stream after around 4 inches of rain fell over the basin on around 12 hours. Sullivan Rd was inundated by water from South Durbin Creek. Additionally, the public reported (via Social Media) that Reedy Fork overflowed its banks near Laurens, inundating Boyd Rd."
SOUTH CAROLINA,45,2024,Flash Flood,0,0,0,0,30.00K,34.882,-81.13,"A major/complex frontal system brought widespread rain with embedded thunderstorms to upstate South Carolina, mainly during the late morning and afternoon of the 9th. Widespread rainfall amounts of 3 to 5 inches (with locally higher amounts) in around 12 hours resulted in numerous reports of flooding. Isolated severe thunderstorms also resulted in a a few damaging wind gusts reports over the Piedmont.","Multiple sources reported flash flooding developed in the Rock Hill and Form Mill areas after 3 to 5 inches of rain fell in around 12 hours, with about half of that falling in just a couple of hours during the late morning and early afternoon. Multiple streams overflowed their banks and inundated roads and even some structures. Impacted streams included Wildcat Creek, which inundated Ogden Rd and McConnells Highway and Big Dutchman Creek, which flooded West Oak Dr and Mount Gallant Rd, and Stony Creek, which inundated Highway 324. Poor drainage flooding also resulted in a motorist becoming stranded at Celanese Rd and Museum Rd and water entering homes on Hamilton Forest Rd in Fort Mill and on Beachwood Cove Dr in Tega Cay."
SOUTH CAROLINA,45,2024,Tornado,1,0,0,0,NA,34.0518,-81.3548,"Strong upper level and surface areas of low pressure moved NE into the Midwest, while a cold front along with a secondary weak low, formed and moved through the area.  Gradient wind gusts, along with enhanced wind gusts associated with severe thunderstorms and a strong low level jet, resulted in widespread tree damage.","A National Weather Service storm survey team confirmed an EF-1, with peak winds of|90 mph, that crossed Lake Murray Tuesday afternoon. The tornado developed over|Shull Island and moved northeast across Lake Murray. The tornado then came ashore|at Indian Summer Point. The tornado damaged some tree tops at Shull Island before|moving quickly north-northeast, snapping and uprooting multiple trees along Westridge |Court up to Mallard Drive. The tornado then dissipated before reaching the intersection|of Johns Creek Road and Mallard Drive.||The most significant damage occurred in the Westridge Court area off of Wessinger|Road. The tornado uprooted a large pine tree that fell onto the roof of a home, injuring|one elderly person. This person was transported with minor injuries to the hospital|and later released. There were several large Cedar trees that were uprooted or|snapped in this area as well. Minor damage also occurred to a small barn with the roof|partially uplifted. Just before the tornado dissipated, it uprooted a large tree along|Mallard Drive."
SOUTH CAROLINA,45,2024,Tornado,0,0,0,0,1.80M,33.2729,-81.0435,"Strong upper level and surface areas of low pressure moved NE into the Midwest, while a cold front along with a secondary weak low, formed and moved through the area.  Gradient wind gusts, along with enhanced wind gusts associated with severe thunderstorms and a strong low level jet, resulted in widespread tree damage.","A National Weather storm survey team confirmed an EF2 tornado, with peak winds of|125 mph, in Bamberg SC. The tornado began 1.75 miles south of the City of Bamberg|along US Hwy 601, near Cry Baby Road.||Moving north, the tornado then proceeded to flip a mobile home and cause substantial|EF2 damage to a barrel plant at the intersection of US Hwy 601 and US Hwy 301. Door|and window failure contributed to the collapse of the middle section of the building|and partial collapse of the front section. The collapsed portions of the building were|tossed across Chevrolet St into a water tower.||The tornado continued north-northeast along US-301 causing widespread EF1 roof and|tree damage before moving into downtown Bamberg.||As the tornado entered downtown Bamberg, it strengthened to EF2 intensity and|caused substantial structural damage to a series of 2-3 story historic buildings just|south of the intersection of US Hwy 78 and US Hwy 301. The newer roof section of a|building on the west side of US Hwy 301 was thrown completely off onto the adjacent|structure. There was a complete collapse of the upper stories of two buildings on the|east side of US Hwy 301 with the corner torn off another. Preexisting missing portions|of the roof and gaps in the exterior wall of the former City Hall likely contributed to its|collapse due to wind intrusion. ||The tornado then moved north and quickly weakened as it crossed US Hwy 78 before|dissipating 0.4 miles north of downtown Bamberg along US Hwy 301.||The National Weather Service would like to thank wind engineers from the Insurance|Institute for Business and Home Safety for their expertise assisting with surveying|some of the structural damage."
SOUTH CAROLINA,45,2024,Thunderstorm Wind,0,0,0,0,NA,34.6619,-80.2742,"Strong upper level and surface areas of low pressure moved NE into the Midwest, while a cold front along with a secondary weak low, formed and moved through the area.  Gradient wind gusts, along with enhanced wind gusts associated with severe thunderstorms and a strong low level jet, resulted in widespread tree damage.",RAWS gage at Carolina Sandhills NWR measured a peak wind gust of 57 mph.
SOUTH CAROLINA,45,2024,Thunderstorm Wind,0,0,0,0,NA,33.58,-82.05,"Strong upper level and surface areas of low pressure moved NE into the Midwest, while a cold front along with a secondary weak low, formed and moved through the area.  Gradient wind gusts, along with enhanced wind gusts associated with severe thunderstorms and a strong low level jet, resulted in widespread tree damage.",A tree was downed onto a power line on Stevens Creek Rd and Andrews Way.
SOUTH CAROLINA,45,2024,Thunderstorm Wind,0,0,0,0,NA,33.59,-81.96,"Strong upper level and surface areas of low pressure moved NE into the Midwest, while a cold front along with a secondary weak low, formed and moved through the area.  Gradient wind gusts, along with enhanced wind gusts associated with severe thunderstorms and a strong low level jet, resulted in widespread tree damage.","A report was received, via social media, of a 64 MPH wind gust measured at a home weather station near Murrah Rd and Copeland Cir near Murphys Estates.  This is an unofficial observation."
SOUTH CAROLINA,45,2024,Thunderstorm Wind,0,0,0,0,NA,33.87,-82.38,"Strong upper level and surface areas of low pressure moved NE into the Midwest, while a cold front along with a secondary weak low, formed and moved through the area.  Gradient wind gusts, along with enhanced wind gusts associated with severe thunderstorms and a strong low level jet, resulted in widespread tree damage.",Trees were downed across the Savannah Lakes area in the vicinity of US Hwy 378 and SC Hwy 7.
SOUTH CAROLINA,45,2024,Thunderstorm Wind,0,0,0,0,NA,34.22,-81.41,"Strong upper level and surface areas of low pressure moved NE into the Midwest, while a cold front along with a secondary weak low, formed and moved through the area.  Gradient wind gusts, along with enhanced wind gusts associated with severe thunderstorms and a strong low level jet, resulted in widespread tree damage.",SCHP reported a tree in roadway at I-26 EB near the Hwy 202 exit.  Time estimated.
SOUTH CAROLINA,45,2024,Thunderstorm Wind,0,0,0,0,NA,34.21,-81.35,"Strong upper level and surface areas of low pressure moved NE into the Midwest, while a cold front along with a secondary weak low, formed and moved through the area.  Gradient wind gusts, along with enhanced wind gusts associated with severe thunderstorms and a strong low level jet, resulted in widespread tree damage.",Trees were downed at US Hwy 176 and Holy Trinity Church Rd. Time estimated.
SOUTH CAROLINA,45,2024,Thunderstorm Wind,0,0,0,0,NA,33.61,-80.41,"Strong upper level and surface areas of low pressure moved NE into the Midwest, while a cold front along with a secondary weak low, formed and moved through the area.  Gradient wind gusts, along with enhanced wind gusts associated with severe thunderstorms and a strong low level jet, resulted in widespread tree damage.",A tree was downed near the intersection of Lilly Martin Rd and Mathis Rd in Summerton. Time estimated.
SOUTH CAROLINA,45,2024,Thunderstorm Wind,0,0,0,0,NA,33.61,-80.38,"Strong upper level and surface areas of low pressure moved NE into the Midwest, while a cold front along with a secondary weak low, formed and moved through the area.  Gradient wind gusts, along with enhanced wind gusts associated with severe thunderstorms and a strong low level jet, resulted in widespread tree damage.",A tree was downed onto the roadway near 2697 Governor Richardson Rd in Summerton. | Time estimated.
SOUTH CAROLINA,45,2024,Thunderstorm Wind,0,0,0,0,NA,33.57,-80.08,"Strong upper level and surface areas of low pressure moved NE into the Midwest, while a cold front along with a secondary weak low, formed and moved through the area.  Gradient wind gusts, along with enhanced wind gusts associated with severe thunderstorms and a strong low level jet, resulted in widespread tree damage.",Numerous trees were knocked down across the county.
SOUTH CAROLINA,45,2024,Thunderstorm Wind,0,0,0,0,NA,34.5725,-80.6232,"Strong upper level and surface areas of low pressure moved NE into the Midwest, while a cold front along with a secondary weak low, formed and moved through the area.  Gradient wind gusts, along with enhanced wind gusts associated with severe thunderstorms and a strong low level jet, resulted in widespread tree damage.",Numerous trees were downed across the county.
SOUTH CAROLINA,45,2024,Thunderstorm Wind,0,0,0,0,NA,34.77,-80.41,"Strong upper level and surface areas of low pressure moved NE into the Midwest, while a cold front along with a secondary weak low, formed and moved through the area.  Gradient wind gusts, along with enhanced wind gusts associated with severe thunderstorms and a strong low level jet, resulted in widespread tree damage.","Power lines were downed at Rupert Courtney Ln at McGregor St, and on W Evans St, in Pageland.  Trees were downed on the 600 block of Lighthouse Church Rd, SE of Pageland."
SOUTH CAROLINA,45,2024,Thunderstorm Wind,0,0,0,0,NA,34.736,-80.0881,"Strong upper level and surface areas of low pressure moved NE into the Midwest, while a cold front along with a secondary weak low, formed and moved through the area.  Gradient wind gusts, along with enhanced wind gusts associated with severe thunderstorms and a strong low level jet, resulted in widespread tree damage.",Several trees were knocked down from Chesterfield to Cheraw and vicinity.
SOUTH CAROLINA,45,2024,Thunderstorm Wind,0,0,0,0,0.10K,33.9914,-80.3614,"Strong upper level and surface areas of low pressure moved NE into the Midwest, while a cold front along with a secondary weak low, formed and moved through the area.  Gradient wind gusts, along with enhanced wind gusts associated with severe thunderstorms and a strong low level jet, resulted in widespread tree damage.",The AWOS unit at Sumter Municipal Airport measured a peak wind gust of 53 MPH.
SOUTH CAROLINA,45,2024,Thunderstorm Wind,0,0,0,0,NA,34.02,-81.01,"Strong upper level and surface areas of low pressure moved NE into the Midwest, while a cold front along with a secondary weak low, formed and moved through the area.  Gradient wind gusts, along with enhanced wind gusts associated with severe thunderstorms and a strong low level jet, resulted in widespread tree damage.","Trees were downed on power lines, blocking the road, at Pinehurst Rd and Harrison Rd."
SOUTH CAROLINA,45,2024,Thunderstorm Wind,0,0,0,0,NA,34.01,-80.73,"Strong upper level and surface areas of low pressure moved NE into the Midwest, while a cold front along with a secondary weak low, formed and moved through the area.  Gradient wind gusts, along with enhanced wind gusts associated with severe thunderstorms and a strong low level jet, resulted in widespread tree damage.",A tree fell on a power line on Leesburg Rd.
SOUTH CAROLINA,45,2024,Thunderstorm Wind,0,0,0,0,NA,34.08,-80.93,"Strong upper level and surface areas of low pressure moved NE into the Midwest, while a cold front along with a secondary weak low, formed and moved through the area.  Gradient wind gusts, along with enhanced wind gusts associated with severe thunderstorms and a strong low level jet, resulted in widespread tree damage.",A tree was leaning on a power line at Windsor Lake Blvd and Windsor Lake Way.
SOUTH CAROLINA,45,2024,Thunderstorm Wind,0,0,0,0,NA,34.31,-80.96,"Strong upper level and surface areas of low pressure moved NE into the Midwest, while a cold front along with a secondary weak low, formed and moved through the area.  Gradient wind gusts, along with enhanced wind gusts associated with severe thunderstorms and a strong low level jet, resulted in widespread tree damage.",A tree was uprooted on E Church St in Winnsboro.
SOUTH CAROLINA,45,2024,Thunderstorm Wind,0,0,0,0,NA,33.94,-80.34,"Strong upper level and surface areas of low pressure moved NE into the Midwest, while a cold front along with a secondary weak low, formed and moved through the area.  Gradient wind gusts, along with enhanced wind gusts associated with severe thunderstorms and a strong low level jet, resulted in widespread tree damage.",Numerous trees were downed in Sumter and vicinity.
SOUTH CAROLINA,45,2024,Thunderstorm Wind,0,0,0,0,NA,35.0542,-80.8953,"Strong upper level and surface areas of low pressure moved NE into the Midwest, while a cold front along with a secondary weak low, formed and moved through the area.  Gradient wind gusts, along with enhanced wind gusts associated with severe thunderstorms and a strong low level jet, resulted in widespread tree damage.","Trees were downed on Harrisburg Rd near Giles Ln, NW of Indian Land. Time estimated."
SOUTH CAROLINA,45,2024,Thunderstorm Wind,0,0,0,0,NA,34.73,-80.79,"Strong upper level and surface areas of low pressure moved NE into the Midwest, while a cold front along with a secondary weak low, formed and moved through the area.  Gradient wind gusts, along with enhanced wind gusts associated with severe thunderstorms and a strong low level jet, resulted in widespread tree damage.",Trees were downed on Colonial Ave and Gillsbrook Rd in Lancaster.  Time estimated.
SOUTH CAROLINA,45,2024,Thunderstorm Wind,0,0,0,0,NA,34.66,-80.76,"Strong upper level and surface areas of low pressure moved NE into the Midwest, while a cold front along with a secondary weak low, formed and moved through the area.  Gradient wind gusts, along with enhanced wind gusts associated with severe thunderstorms and a strong low level jet, resulted in widespread tree damage.",Trees were downed on Lynwood Dr at Kirkover Dr.  Time estimated.
SOUTH CAROLINA,45,2024,Thunderstorm Wind,0,0,0,0,NA,33.59,-80.87,"Strong upper level and surface areas of low pressure moved NE into the Midwest, while a cold front along with a secondary weak low, formed and moved through the area.  Gradient wind gusts, along with enhanced wind gusts associated with severe thunderstorms and a strong low level jet, resulted in widespread tree damage.",A tree was downed on Waterspring Rd.
SOUTH CAROLINA,45,2024,Flash Flood,0,0,0,0,1.00K,35.0074,-80.869,"Strong upper level and surface areas of low pressure moved NE into the Midwest, while a cold front along with a secondary weak low, formed and moved through the area.  Gradient wind gusts, along with enhanced wind gusts associated with severe thunderstorms and a strong low level jet, resulted in widespread tree damage.","A small unnamed stream flooded, with water covering the roadway, on Calvin Hall Rd at Elven Dr.  The road was impassable.  Time estimated."
SOUTH CAROLINA,45,2024,Flash Flood,0,0,0,0,20.00K,34.6727,-80.7723,"Strong upper level and surface areas of low pressure moved NE into the Midwest, while a cold front along with a secondary weak low, formed and moved through the area.  Gradient wind gusts, along with enhanced wind gusts associated with severe thunderstorms and a strong low level jet, resulted in widespread tree damage.",Rum Creek and surrounding tributaries flooded and affected two homes on Country Club Dr.  Both homes were flooded by 2 to 4 feet of water.
SOUTH CAROLINA,45,2024,Hail,0,0,0,0,0.10K,34.17,-81.27,"Strong upper level and surface areas of low pressure moved NE into the Midwest, while a cold front along with a secondary weak low, formed and moved through the area.  Gradient wind gusts, along with enhanced wind gusts associated with severe thunderstorms and a strong low level jet, resulted in widespread tree damage.",Pea size hail fell in the Portrait Hill neighborhood near Chapin Middle School.
SOUTH CAROLINA,45,2024,Flash Flood,0,0,0,0,2.00K,34.9968,-80.8453,"Strong upper level and surface areas of low pressure moved NE into the Midwest, while a cold front along with a secondary weak low, formed and moved through the area.  Gradient wind gusts, along with enhanced wind gusts associated with severe thunderstorms and a strong low level jet, resulted in widespread tree damage.",Man O War Dr in Indian Land was flooded and impassable.  Time estimated.
SOUTH CAROLINA,45,2024,Tornado,0,0,0,0,NA,34.06,-81.67,"A cold front and upper disturbance, combined with sufficient instability and shear, to  produce a few severe thunderstorms and tornadoes.","A National Weather Service storm survey team confirmed a brief EF-1 tornado, with|peak winds of 100 mph, Saturday evening in Northern Saluda County. The tornado|begin point and time was later adjusted slightly after new Sentinel satellite data|indicated the tornado touched down about 0.75 miles before the previously observed|damage. NDVI difference data & higher resolution visible imagery show an area of|trees down near the initial part of this track. The tornado then continued tracking to the |NE to near the intersection of Hunters Lane and Blue Spring Road producing|minor damage to two houses in addition to a large number of trees further down|Hunters Lane on both sides of the road where EF-1 damage was observed. The tornado|then moved northeast into an inaccessible wooded area behind homes on Blue Spring|Rd. The tornado turned slightly left crossing Blue Spring Rd in a NNE direction|producing EF-1 damage to another wooded area before dissipating in an open field|while approaching Hollywood Rd. The survey team estimated several hundred trees|were damaged along the path. Many of the trees were uprooted along with a few|trunks snapped. The damage to homes was mainly to the fascia board and missing|shingles."
SOUTH CAROLINA,45,2024,Flash Flood,0,0,0,0,1.00K,34.9662,-80.8675,"Strong upper level and surface areas of low pressure moved NE into the Midwest, while a cold front along with a secondary weak low, formed and moved through the area.  Gradient wind gusts, along with enhanced wind gusts associated with severe thunderstorms and a strong low level jet, resulted in widespread tree damage.","Pursuit Ln, near Indian Land, was flooded and impassable. Time estimated."
SOUTH CAROLINA,45,2024,Thunderstorm Wind,0,0,0,0,0.00K,33.82,-79.09,A quasi-linear convective system (QLCS) developed along a strong cold front which pushed through a very high shear (80 knots of effective bulk shear)/low CAPE (500-1000 J/kg MLCAPE) environment across  the area and the nearby coastal waters. A few discrete storms also developed ahead of the main line. A Wind Advisory was in effect for the entire area except for coastal counties where a High Wind Warning was in effect. A Storm Warning was in effect for our marine zones.,South Carolina Highway Patrol reported a tree down in the roadway on Faulk Circle near Kates Bay Highway.
SOUTH CAROLINA,45,2024,Thunderstorm Wind,0,0,0,0,0.00K,33.31,-79.32,A quasi-linear convective system (QLCS) developed along a strong cold front which pushed through a very high shear (80 knots of effective bulk shear)/low CAPE (500-1000 J/kg MLCAPE) environment across  the area and the nearby coastal waters. A few discrete storms also developed ahead of the main line. A Wind Advisory was in effect for the entire area except for coastal counties where a High Wind Warning was in effect. A Storm Warning was in effect for our marine zones.,The station at Georgetown Airport recorded a wind gust of 60 mph.
SOUTH CAROLINA,45,2024,Thunderstorm Wind,0,0,0,0,0.00K,34.21,-79.82,A quasi-linear convective system (QLCS) developed along a strong cold front which pushed through a very high shear (80 knots of effective bulk shear)/low CAPE (500-1000 J/kg MLCAPE) environment across  the area and the nearby coastal waters. A few discrete storms also developed ahead of the main line. A Wind Advisory was in effect for the entire area except for coastal counties where a High Wind Warning was in effect. A Storm Warning was in effect for our marine zones.,"A pine tree of about 16 inches in diameter snapped, along with several downed limbs of about 5 inches in diameter near the intersection of Trotter Road and Chatsworth Lane in Florence."
SOUTH CAROLINA,45,2024,Thunderstorm Wind,0,0,0,0,0.00K,33.61,-79.78,A quasi-linear convective system (QLCS) developed along a strong cold front which pushed through a very high shear (80 knots of effective bulk shear)/low CAPE (500-1000 J/kg MLCAPE) environment across  the area and the nearby coastal waters. A few discrete storms also developed ahead of the main line. A Wind Advisory was in effect for the entire area except for coastal counties where a High Wind Warning was in effect. A Storm Warning was in effect for our marine zones.,Tree down on power lines southeast of Kingstree along Millwood Road.
SOUTH CAROLINA,45,2024,Thunderstorm Wind,0,0,0,0,0.00K,34.52,-79.68,A quasi-linear convective system (QLCS) developed along a strong cold front which pushed through a very high shear (80 knots of effective bulk shear)/low CAPE (500-1000 J/kg MLCAPE) environment across  the area and the nearby coastal waters. A few discrete storms also developed ahead of the main line. A Wind Advisory was in effect for the entire area except for coastal counties where a High Wind Warning was in effect. A Storm Warning was in effect for our marine zones.,Tree down near intersection of Foxhaven Rd. and Bingham Road.
SOUTH CAROLINA,45,2024,Thunderstorm Wind,0,0,0,0,3.00K,33.56,-79.6,A quasi-linear convective system (QLCS) developed along a strong cold front which pushed through a very high shear (80 knots of effective bulk shear)/low CAPE (500-1000 J/kg MLCAPE) environment across  the area and the nearby coastal waters. A few discrete storms also developed ahead of the main line. A Wind Advisory was in effect for the entire area except for coastal counties where a High Wind Warning was in effect. A Storm Warning was in effect for our marine zones.,Large tree down on property along Birch Creek Rd. located approximately a half mile from intersection with NC-527/Thurgood Marshall Highway.
SOUTH CAROLINA,45,2024,Thunderstorm Wind,0,0,0,0,NA,34.3408,-80.5105,"Some upper energy, a cold front, weak instability, and considerable deep layer shear, contributed to a band of showers and isolated thunderstorms that produced some severe wind gusts.",SC DOT reported tree down in roadway near Porter Rd and US Hwy 1. Time estimated.
SOUTH CAROLINA,45,2024,Thunderstorm Wind,0,0,0,0,NA,33.9084,-81.6433,"Some upper energy, a cold front, weak instability, and considerable deep layer shear, contributed to a band of showers and isolated thunderstorms that produced some severe wind gusts.",Power lines were down on the roadway at Padgetts Pond Rd and Rugged Hill Rd.
SOUTH CAROLINA,45,2024,Thunderstorm Wind,0,0,0,0,NA,34.0332,-81.0652,"Some upper energy, a cold front, weak instability, and considerable deep layer shear, contributed to a band of showers and isolated thunderstorms that produced some severe wind gusts.",Trees were downed on powerlines along Valkill Ct. Time estimated.
SOUTH CAROLINA,45,2024,Thunderstorm Wind,0,0,0,0,NA,34.1954,-81.0192,"Some upper energy, a cold front, weak instability, and considerable deep layer shear, contributed to a band of showers and isolated thunderstorms that produced some severe wind gusts.",SC DOT reported a tree in roadway at Blythewood Rd and Fulmer Rd.  Time estimated.
SOUTH CAROLINA,45,2024,Hail,0,0,0,0,0.10K,33.93,-81.19,"Dry air and cold temperatures aloft, associated with an upper level disturbance, contributed to showers and isolated thunderstorms which produced small hail across the Midlands of SC.",An mPING report of half inch hail about 2 miles east of Red Bank was received.
SOUTH CAROLINA,45,2024,Hail,0,0,0,0,0.10K,33.9832,-80.9658,"Dry air and cold temperatures aloft, associated with an upper level disturbance, contributed to showers and isolated thunderstorms which produced small hail across the Midlands of SC.",Half inch hail was reported at Garners Ferry Rd and Pelham Rd.
SOUTH CAROLINA,45,2024,Thunderstorm Wind,0,0,0,0,0.00K,34.19,-79.72,Showers with nearly no lightning and only a few pixels of 40dBZ produced a severe wind gusts due to high dewpoint depressions/downdraft acceleration.,Measured wind gust.
SOUTH CAROLINA,45,2024,Thunderstorm Wind,0,0,0,0,0.00K,34.84,-82.479,A line of heavy rain showers and embedded thunderstorms moved across upstate South Carolina during the afternoon. Several of the storms produced locally damaging wind gusts.,"County comms reported a few trees blown down along Old Easley Highway near the Pickens county line. Additionally, the ASOS at Greenville Municipal Airport measured a gust of 59 mph."
SOUTH CAROLINA,45,2024,Thunderstorm Wind,0,0,0,0,0.00K,34.51,-82.03,A line of heavy rain showers and embedded thunderstorms moved across upstate South Carolina during the afternoon. Several of the storms produced locally damaging wind gusts.,County comms reported a few trees blown down with one tree down on a power line in Laurens and vicinity.
SOUTH CAROLINA,45,2024,Thunderstorm Wind,0,0,0,0,0.00K,34.706,-81.441,A line of heavy rain showers and embedded thunderstorms moved across upstate South Carolina during the afternoon. Several of the storms produced locally damaging wind gusts.,County comms reported multiple trees and power lines blown down throughout Chester County.
SOUTH CAROLINA,45,2024,Thunderstorm Wind,0,0,0,0,0.00K,34.792,-82.531,A line of heavy rain showers and embedded thunderstorms moved across upstate South Carolina during the afternoon. Several of the storms produced locally damaging wind gusts.,County comms reported a tree and power lines were blown down along Old Pendleton Rd in the Powdersville area.
SOUTH CAROLINA,45,2024,Thunderstorm Wind,0,0,0,0,10.00K,34.867,-82.199,A line of heavy rain showers and embedded thunderstorms moved across upstate South Carolina during the afternoon. Several of the storms produced locally damaging wind gusts.,"NWS employee reported trees blown down on Brockman McClimon Rd at Liberty Hill Rd in Greer. County comms reported other trees down on Gas Plant Rd and Bethlehem Church Rd in Moore and Roebuck, respectively. A tree was also down on a home on Betsy Ln in Woodruff."
SOUTH CAROLINA,45,2024,Thunderstorm Wind,0,0,0,0,0.00K,34.56,-82.84,A line of heavy rain showers and embedded thunderstorms moved across upstate South Carolina during the afternoon. Several of the storms produced locally damaging wind gusts.,"County comms reported sporadic trees blown down across northern Anderson County, including on Hopkins Rd in Townville, at Blackman Rd and Martin Ln in Sandy Springs, and a couple of trees blown down in the West Pelzer area and on Stone Rd in Belton."
SOUTH CAROLINA,45,2024,Hail,0,0,0,0,0.10K,34.2864,-80.7783,"Dry air and cold temperatures aloft, associated with an upper level disturbance, contributed to showers and isolated thunderstorms which produced small hail across the Midlands of SC.",Public reported pea size hail on Springvale Rd near Lugoff.  Time estimated.
SOUTH CAROLINA,45,2024,Hail,0,0,0,0,0.10K,34.0852,-81.4079,"Dry air and cold temperatures aloft, associated with an upper level disturbance, contributed to showers and isolated thunderstorms which produced small hail across the Midlands of SC.",Public reported half inch hail at Dreher Island State Park.
SOUTH CAROLINA,45,2024,Hail,0,0,0,0,0.10K,34.1,-81.33,"Dry air and cold temperatures aloft, associated with an upper level disturbance, contributed to showers and isolated thunderstorms which produced small hail across the Midlands of SC.",Public reported half inch hail about 4 miles SW of White Rock.
SOUTH CAROLINA,45,2024,Hail,0,0,0,0,0.10K,34.08,-81.2,"Dry air and cold temperatures aloft, associated with an upper level disturbance, contributed to showers and isolated thunderstorms which produced small hail across the Midlands of SC.","An mPING report of half inch hail, about 1 mile SW of Irmo, was received."
SOUTH CAROLINA,45,2024,Hail,0,0,0,0,0.10K,34.2182,-80.2484,"Dry air and cold temperatures aloft, associated with an upper level disturbance, contributed to showers and isolated thunderstorms which produced small hail across the Midlands of SC.",Public report of pea size hail in Bishopville.
SOUTH CAROLINA,45,2024,Hail,0,0,0,0,0.10K,34.2465,-80.607,"Dry air and cold temperatures aloft, associated with an upper level disturbance, contributed to showers and isolated thunderstorms which produced small hail across the Midlands of SC.",Public report of pea size hail in Camden.
SOUTH CAROLINA,45,2024,Hail,0,0,0,0,0.10K,34.1802,-80.7876,"Dry air and cold temperatures aloft, associated with an upper level disturbance, contributed to showers and isolated thunderstorms which produced small hail across the Midlands of SC.",NWS employee reported pea size hail near Elgin.
SOUTH CAROLINA,45,2024,Hail,0,0,0,0,0.10K,34.06,-81.19,"Dry air and cold temperatures aloft, associated with an upper level disturbance, contributed to showers and isolated thunderstorms which produced small hail across the Midlands of SC.",Public reported pea size hail about 2 miles ENE of Lake Murray Dam.
SOUTH CAROLINA,45,2024,Hail,0,0,0,0,0.10K,34.27,-81.28,"Dry air and cold temperatures aloft, associated with an upper level disturbance, contributed to showers and isolated thunderstorms which produced small hail across the Midlands of SC.",Public reported half inch hail in Jenkinsville.
SOUTH CAROLINA,45,2024,Hail,0,0,0,0,0.10K,33.9358,-81.1556,"Dry air and cold temperatures aloft, associated with an upper level disturbance, contributed to showers and isolated thunderstorms which produced small hail across the Midlands of SC.",A retired NWS meteorologist reported dime size hail in Three Fountains.
SOUTH CAROLINA,45,2024,Hail,0,0,0,0,0.10K,34.01,-81.02,"Dry air and cold temperatures aloft, associated with an upper level disturbance, contributed to showers and isolated thunderstorms which produced small hail across the Midlands of SC.",Public reported pea size hail on Harden St in downtown Columbia.
SOUTH CAROLINA,45,2024,Hail,0,0,0,0,0.10K,33.9902,-81.0281,"Dry air and cold temperatures aloft, associated with an upper level disturbance, contributed to showers and isolated thunderstorms which produced small hail across the Midlands of SC.",Public reported pea size hail on Main St in Columbia.
SOUTH CAROLINA,45,2024,Hail,0,0,0,0,0.10K,34.1219,-81.142,"Dry air and cold temperatures aloft, associated with an upper level disturbance, contributed to showers and isolated thunderstorms which produced small hail across the Midlands of SC.",NWS employee reported pea size hail on Upper Loop Way in Irmo.
SOUTH CAROLINA,45,2024,Hail,0,0,0,0,0.10K,33.9741,-80.8988,"Dry air and cold temperatures aloft, associated with an upper level disturbance, contributed to showers and isolated thunderstorms which produced small hail across the Midlands of SC.",Public reported pea size hail on Oxford Commons Way.
SOUTH CAROLINA,45,2024,Hail,0,0,0,0,0.10K,34.0281,-81.0495,"Dry air and cold temperatures aloft, associated with an upper level disturbance, contributed to showers and isolated thunderstorms which produced small hail across the Midlands of SC.",A CoCoRaHS observer reported pea size hail in north Columbia.
SOUTH CAROLINA,45,2024,Hail,0,0,0,0,0.10K,33.9815,-81.2362,"Dry air and cold temperatures aloft, associated with an upper level disturbance, contributed to showers and isolated thunderstorms which produced small hail across the Midlands of SC.",Multiple reports from the public of pea size hail in Lexington were received.
SOUTH CAROLINA,45,2024,Hail,0,0,0,0,0.10K,33.9789,-81.0688,"Dry air and cold temperatures aloft, associated with an upper level disturbance, contributed to showers and isolated thunderstorms which produced small hail across the Midlands of SC.",Public report of pea size hail on 12th St in West Columbia.
SOUTH CAROLINA,45,2024,Hail,0,0,0,0,0.10K,33.98,-80.94,"Dry air and cold temperatures aloft, associated with an upper level disturbance, contributed to showers and isolated thunderstorms which produced small hail across the Midlands of SC.",Public reported half inch hail about 3 miles E of Owens Field.
SOUTH CAROLINA,45,2024,Hail,0,0,0,0,0.10K,34.01,-81.2,"Dry air and cold temperatures aloft, associated with an upper level disturbance, contributed to showers and isolated thunderstorms which produced small hail across the Midlands of SC.",An mPING report of half inch hail about 2 miles NE of Lexington was received.
SOUTH CAROLINA,45,2024,Hail,0,0,0,0,0.10K,33.9853,-81.1475,"Dry air and cold temperatures aloft, associated with an upper level disturbance, contributed to showers and isolated thunderstorms which produced small hail across the Midlands of SC.",Public report of pea size hail in Oak Grove.
SOUTH CAROLINA,45,2024,Hail,0,0,0,0,0.10K,33.9433,-81.1222,"Dry air and cold temperatures aloft, associated with an upper level disturbance, contributed to showers and isolated thunderstorms which produced small hail across the Midlands of SC.",Pea size hail observed at the National Weather Service office at the Columbia Metropolitan Airport.
SOUTH CAROLINA,45,2024,Hail,0,0,0,0,0.10K,33.92,-81.21,"Dry air and cold temperatures aloft, associated with an upper level disturbance, contributed to showers and isolated thunderstorms which produced small hail across the Midlands of SC.",An mPING report of half inch hail about 1 mile east of Red Bank was received.
SOUTH CAROLINA,45,2024,Hail,0,0,0,0,0.10K,33.9732,-81.0216,"Dry air and cold temperatures aloft, associated with an upper level disturbance, contributed to showers and isolated thunderstorms which produced small hail across the Midlands of SC.",Public report of pea size hail at Bluff Rd and George Rogers Blvd in Columbia.
SOUTH CAROLINA,45,2024,Hail,0,0,0,0,0.10K,34.0341,-81.5205,"Dry air and cold temperatures aloft, associated with an upper level disturbance, contributed to showers and isolated thunderstorms which produced small hail across the Midlands of SC.",A CoCoRaHS observer reported small hail.
SOUTH CAROLINA,45,2024,Thunderstorm Wind,0,0,0,0,NA,33.97,-82.47,"Some upper energy, a cold front, weak instability, and considerable deep layer shear, contributed to a band of showers and isolated thunderstorms that produced some severe wind gusts.",A tree was downed at Moss Ave and James Speed Rd.
SOUTH CAROLINA,45,2024,Thunderstorm Wind,0,0,0,0,NA,34.43,-81.65,"Some upper energy, a cold front, weak instability, and considerable deep layer shear, contributed to a band of showers and isolated thunderstorms that produced some severe wind gusts.",SC DOT reported a tree in roadway at Flint Hill Rd and Jalapa Rd.  Time estimated.
SOUTH CAROLINA,45,2024,Hail,0,0,0,0,0.10K,34.0172,-81.0757,"Dry air and cold temperatures aloft, associated with an upper level disturbance, contributed to showers and isolated thunderstorms which produced small hail across the Midlands of SC.","Public reported hail, and provided a photo indicating hail up to half inch size, via social media near Greystone Blvd near Riverbanks Zoo."
SOUTH CAROLINA,45,2024,Thunderstorm Wind,0,0,0,0,NA,33.97,-81.23,"Some upper energy, a cold front, weak instability, and considerable deep layer shear, contributed to a band of showers and isolated thunderstorms that produced some severe wind gusts.",NWS employee reported large limbs down blocking the road on Railroad Ave in Lexington. Time estimated.
SOUTH CAROLINA,45,2024,Thunderstorm Wind,0,0,0,0,0.10K,34.1075,-81.2706,"Some upper energy, a cold front, weak instability, and considerable deep layer shear, contributed to a band of showers and isolated thunderstorms that produced some severe wind gusts.",RCWINDS gage at Coast Guard Island on Lake Murray measured a peak wind gust of 45 mph.
SOUTH CAROLINA,45,2024,Thunderstorm Wind,0,0,0,0,0.10K,33.9412,-81.1195,"Some upper energy, a cold front, weak instability, and considerable deep layer shear, contributed to a band of showers and isolated thunderstorms that produced some severe wind gusts.",ASOS unit at Columbia Metropolitan Airport measured a peak wind gust of 49 knots or 56 mph.
SOUTH CAROLINA,45,2024,Thunderstorm Wind,0,0,0,0,0.10K,33.649,-81.6838,"Some upper energy, a cold front, weak instability, and considerable deep layer shear, contributed to a band of showers and isolated thunderstorms that produced some severe wind gusts.",AWOS unit at Aiken Municipal Airport measured a peak wind gust of 46 mph.
SOUTH CAROLINA,45,2024,Thunderstorm Wind,0,0,0,0,NA,34.15,-81.02,"Some upper energy, a cold front, weak instability, and considerable deep layer shear, contributed to a band of showers and isolated thunderstorms that produced some severe wind gusts.",SC DOT reported down tree in roadway on J C Trapp Rd. Time estimated.
SOUTH CAROLINA,45,2024,Tornado,0,0,0,0,NA,34.49,-81.63,"A significant severe weather event featuring multiple rounds of thunderstorms occurred on May 9th, 2024. The first round, a QLCS, produced three tornadoes in the Midlands of South Carolina.",A National Weather Service storm survey team confirmed a brief EF-0 tornado with peak  winds of 80 mph in Newberry County south of the town of Whitmire during the early  morning hours of May 9th. The tornado began near the intersection of Old Airport Road and Kings Lane causing scattered tree damage as it moved east. The tornado then turned southeast resulting in additional tree damage in and around |Little Egypt Road and Colonial Drive. The tornado likely lifted before |reaching Highway 121.
SOUTH CAROLINA,45,2024,Tornado,0,0,0,0,NA,34.37,-81.28,"A significant severe weather event featuring multiple rounds of thunderstorms occurred on May 9th, 2024. The first round, a QLCS, produced three tornadoes in the Midlands of South Carolina.",A National Weather Service storm survey team confirmed a brief EF-0 tornado with peak  winds of 80 mph in Northwestern Fairfield County during the early morning hours of May  9th. The tornado likely began in a wooded area northwest of Clark Bridge Road.|It then crossed the road while moving southeast resulting in multiple downed or snapped trees in and around properties in the 3900 block of Clark Bridge Road. The tornado then likely lifted a short distance beyond Clark Bridge Road in the woods |behind the impacted properties shortly before reaching Crumpton Creek.
SOUTH CAROLINA,45,2024,Tornado,0,0,0,0,NA,34.27,-81,"A significant severe weather event featuring multiple rounds of thunderstorms occurred on May 9th, 2024. The first round, a QLCS, produced three tornadoes in the Midlands of South Carolina.","A National Weather Service storm survey team confirmed an EF-1 tornado with peak winds of 100 mph in southeastern Fairfield County during the early morning hours of May 9th. The tornado likely began west of Interstate 77 near Exit 32. The tornado|moved generally southeast producing downed large limbs along|Cook Road and Boney Road, intensifying as it moved into a|wooded area along Cedar Rock Road. The area of most significant|tree damage was observed along a creek bed north of Cedar|Rock Road with numerous uprooted and snapped trees. One tree|landed on a home on Cedar Rock Road causing roof, siding, and|gutter damage. The tornado continued along Cedar Rock Road causing|intermittent tree damage. The tornado continued beyond the road and|into a wooded area behind The Farm at Ridgeway where additional|tree damage occurred near a pond on the property. The tornado likely|lifted on the property prior to reaching Highway 21."
SOUTH CAROLINA,45,2024,Hail,0,0,0,0,NA,32.98,-80.03,"The combination of strong forcing, instability, and ambient shear combined to produce a significant threat of severe weather across southeast South Carolina during the afternoon hours. As thunderstorms moved across the area, several instances of damaging wind gusts and large hail were reported.",A trained spotter reported quarter sized hail at St. James Avenue and Fairfax Boulevard in Goose Creek.
SOUTH CAROLINA,45,2024,Hail,0,0,0,0,NA,32.98,-80.03,"The combination of strong forcing, instability, and ambient shear combined to produce a significant threat of severe weather across southeast South Carolina during the afternoon hours. As thunderstorms moved across the area, several instances of damaging wind gusts and large hail were reported.",A trained spotter reported penny sized hail in the Goose Creek area.
SOUTH CAROLINA,45,2024,Thunderstorm Wind,0,0,0,0,1.00K,33.05,-80.81,"The combination of strong forcing, instability, and ambient shear combined to produce a significant threat of severe weather across southeast South Carolina during the afternoon hours. As thunderstorms moved across the area, several instances of damaging wind gusts and large hail were reported.",Colleton County dispatch reported a tree down in the roadway at Mill Pond Road and Lowcountry Highway.
SOUTH CAROLINA,45,2024,Thunderstorm Wind,0,0,0,0,1.00K,33.05,-80.38,"The combination of strong forcing, instability, and ambient shear combined to produce a significant threat of severe weather across southeast South Carolina during the afternoon hours. As thunderstorms moved across the area, several instances of damaging wind gusts and large hail were reported.",Dorchester County dispatch reported a tree down across Eagle Drive.
SOUTH CAROLINA,45,2024,Thunderstorm Wind,0,0,0,0,0.00K,34.93,-82.88,Numerous thunderstorms and storm clusters moved across upstate South Carolina during the afternoon and evening. Some storms produced severe weather in the form of isolated large hail and brief damaging wind gusts.,Public reported several trees blown downed near Lake Keowee and vicinity.
SOUTH CAROLINA,45,2024,Thunderstorm Wind,0,0,0,0,0.00K,34.64,-82.46,Numerous thunderstorms and storm clusters moved across upstate South Carolina during the afternoon and evening. Some storms produced severe weather in the form of isolated large hail and brief damaging wind gusts.,County comms reported multiple trees and power lines blown down in Pelzer and vicinity.
SOUTH CAROLINA,45,2024,Thunderstorm Wind,0,0,0,0,0.00K,34.699,-82.402,Numerous thunderstorms and storm clusters moved across upstate South Carolina during the afternoon and evening. Some storms produced severe weather in the form of isolated large hail and brief damaging wind gusts.,Public reported (via Social Media) several trees blown down just east of Piedmont near Highway 25.
SOUTH CAROLINA,45,2024,Thunderstorm Wind,0,0,0,0,1.00K,32.83,-80.57,"The combination of strong forcing, instability, and ambient shear combined to produce a significant threat of severe weather across southeast South Carolina during the afternoon hours. As thunderstorms moved across the area, several instances of damaging wind gusts and large hail were reported.",Colleton County Emergency Management reported a tree down on Highway 64 near Ravenwood Plantation.
SOUTH CAROLINA,45,2024,Hail,0,0,0,0,NA,34.96,-82.83,Numerous thunderstorms and storm clusters moved across upstate South Carolina during the afternoon and evening. Some storms produced severe weather in the form of isolated large hail and brief damaging wind gusts.,Public reported quarter size hail along Highway 11 near Little Eastatoee Rd.
SOUTH CAROLINA,45,2024,Hail,0,0,0,0,NA,35.02,-82.7,Numerous thunderstorms and storm clusters moved across upstate South Carolina during the afternoon and evening. Some storms produced severe weather in the form of isolated large hail and brief damaging wind gusts.,NWS co-op observer reported up to quarter size hail.
SOUTH CAROLINA,45,2024,Hail,0,0,0,0,NA,34.91,-82.298,Numerous thunderstorms and storm clusters moved across upstate South Carolina during the afternoon and evening. Some storms produced severe weather in the form of isolated large hail and brief damaging wind gusts.,"Numerous social media pictures of golf ball size hail from Taylors to Greer. Also, NWS employee reported quarter size hail on Old Spartanburg Rd."
SOUTH CAROLINA,45,2024,Hail,0,0,0,0,NA,34.883,-82.22,Numerous thunderstorms and storm clusters moved across upstate South Carolina during the afternoon and evening. Some storms produced severe weather in the form of isolated large hail and brief damaging wind gusts.,"NWS employees reported hail up to golf ball size at the Greenville-Spartanburg airport. Spotter reported golf ball size hail just north of Reidville. Additionally, public reported (via Social Media) quarter size hail on Highway 101 near I-85."
SOUTH CAROLINA,45,2024,Hail,0,0,0,0,NA,34.875,-82.072,Numerous thunderstorms and storm clusters moved across upstate South Carolina during the afternoon and evening. Some storms produced severe weather in the form of isolated large hail and brief damaging wind gusts.,Public reported nickel size hail on Scenic Oak Dr.
SOUTH CAROLINA,45,2024,Hail,0,0,0,0,NA,34.802,-81.238,Isolated thunderstorms developed along a cold front across the South Carolina Piedmont during the afternoon. One of the storms became severe and produced large hail in Chester County.,Public reported quarter to golf ball size hail in the Lowrys area.
SOUTH CAROLINA,45,2024,Hail,0,0,0,0,NA,34.731,-81.021,Isolated thunderstorms developed along a cold front across the South Carolina Piedmont during the afternoon. One of the storms became severe and produced large hail in Chester County.,Public reported quarter to half dollar size in the Richburg area. A meteorologist (non-NWS) reported half dollar size hail in Fort Lawn.
SOUTH CAROLINA,45,2024,Thunderstorm Wind,0,0,0,0,0.00K,34.47,-81.59,"A significant severe weather event featuring multiple rounds of thunderstorms occurred on May 9th, 2024. The first round, a QLCS, produced three tornadoes in the Midlands of South Carolina.",Newberry County EM reported trees and power lines down at Colonial Dr. and SC-121.  Time estimated based on radar.
SOUTH CAROLINA,45,2024,Thunderstorm Wind,0,0,0,0,0.00K,34.42,-81.58,"A significant severe weather event featuring multiple rounds of thunderstorms occurred on May 9th, 2024. The first round, a QLCS, produced three tornadoes in the Midlands of South Carolina.",Newberry County EM reported a tree down at Indian Creek Rifle Range. Time estimated  based on radar.
SOUTH CAROLINA,45,2024,Thunderstorm Wind,0,0,0,0,0.00K,34.32,-81.75,"A significant severe weather event featuring multiple rounds of thunderstorms occurred on May 9th, 2024. The first round, a QLCS, produced three tornadoes in the Midlands of South Carolina.",SC Dept. of Public Safety reported a tree in the roadway. Time estimated by radar.
SOUTH CAROLINA,45,2024,Thunderstorm Wind,0,0,0,0,0.00K,34.04,-81.86,"A significant severe weather event featuring multiple rounds of thunderstorms occurred on May 9th, 2024. The first round, a QLCS, produced three tornadoes in the Midlands of South Carolina.",Saluda County dispatch reported a tree down along Greenwood Highway. Time estimated by radar.
SOUTH CAROLINA,45,2024,Thunderstorm Wind,0,0,0,0,0.00K,34.32,-81.71,"A significant severe weather event featuring multiple rounds of thunderstorms occurred on May 9th, 2024. The first round, a QLCS, produced three tornadoes in the Midlands of South Carolina.",SC Dept. of Public Safety reported a tree in the roadway. Time estimated by radar.
SOUTH CAROLINA,45,2024,Thunderstorm Wind,0,0,0,0,0.00K,34.29,-81.63,"A significant severe weather event featuring multiple rounds of thunderstorms occurred on May 9th, 2024. The first round, a QLCS, produced three tornadoes in the Midlands of South Carolina.",Newberry County dispatch reported trees down at 2nd Street and Digby Street. Time estimated by radar.
SOUTH CAROLINA,45,2024,Thunderstorm Wind,0,0,0,0,NA,33.09,-80.8,Isolated to scattered thunderstorms moved across portions of southeast South Carolina in the mid to late evening hours ahead of an approaching cold front. A few of these storms became strong enough to produce damaging wind gusts.,Colleton County dispatch reported a tree down on Beavers Pass Road near Sunrise Road.
SOUTH CAROLINA,45,2024,Hail,0,0,0,0,NA,34.861,-82.997,"Scattered thunderstorms developed across upstate South Carolina during the late afternoon. A few of these storms became strong-to-severe across the foothills, producing hail up to golf ball size and isolated damaging wind gusts.",Spotter reported quarter size hail near Flat Shoals Rd and Oconee Court Rd.
SOUTH CAROLINA,45,2024,Hail,0,0,0,0,NA,34.82,-82.92,"Scattered thunderstorms developed across upstate South Carolina during the late afternoon. A few of these storms became strong-to-severe across the foothills, producing hail up to golf ball size and isolated damaging wind gusts.",Spotter reported quarter size hail.
SOUTH CAROLINA,45,2024,Hail,0,0,0,0,NA,35.09,-82.16,Scattered thunderstorms developed during the afternoon along a frontal system. One of the storms produced hail in Spartanburg County.,Public reported nickel size hail.
SOUTH CAROLINA,45,2024,Thunderstorm Wind,0,0,0,0,0.00K,34.18,-82.02,A line of strong to briefly severe thunderstorms moved across the South Carolina Piedmont during the morning. A small area of damaging winds was reported in Greenwood County.,Utility company reported trees blown down on power lines in the Ninety Six area.
SOUTH CAROLINA,45,2024,Thunderstorm Wind,0,0,0,0,0.00K,34.55,-82.01,"A couple of waves of strong to severe thunderstorms moved into upstate South Carolina  from north Georgia and western North Carolina...one during the afternoon and evening of the 8th, and another during the early morning of the 9th. Scattered severe storms produced large hail and isolated swaths of damaging winds over the Upstate and the eastern Piedmont.",A mesonet station operated by the Department of Transportation measured a gust of 60 mph at I-385 and Highway 221. A few trees were blown down along the I-385 corridor in the same general area.
SOUTH CAROLINA,45,2024,Thunderstorm Wind,0,0,0,0,0.00K,34.42,-81.81,"A couple of waves of strong to severe thunderstorms moved into upstate South Carolina  from north Georgia and western North Carolina...one during the afternoon and evening of the 8th, and another during the early morning of the 9th. Scattered severe storms produced large hail and isolated swaths of damaging winds over the Upstate and the eastern Piedmont.",Public reported trees and power lines blown down along Highway 66 in the Joanna area.
SOUTH CAROLINA,45,2024,Thunderstorm Wind,0,0,0,0,0.00K,34.4,-81.42,"A significant severe weather event featuring multiple rounds of thunderstorms occurred on May 9th, 2024. The first round, a QLCS, produced three tornadoes in the Midlands of South Carolina.",Newberry County dispatch reports trees down at Mt. Pleasant Road and Glymphville Road. Time estimated by radar.
SOUTH CAROLINA,45,2024,Thunderstorm Wind,0,0,0,0,0.00K,34.38,-81.41,"A significant severe weather event featuring multiple rounds of thunderstorms occurred on May 9th, 2024. The first round, a QLCS, produced three tornadoes in the Midlands of South Carolina.",Newberry County EM reported a tree down along Broad River Road. Time estimated based on radar.
SOUTH CAROLINA,45,2024,Thunderstorm Wind,0,0,0,0,0.00K,34.37,-81.29,"A significant severe weather event featuring multiple rounds of thunderstorms occurred on May 9th, 2024. The first round, a QLCS, produced three tornadoes in the Midlands of South Carolina.",Fairfield County dispatch reports a tree down along Hwy. 215 at Meadow Lake Road. Time  estimated by radar.
SOUTH CAROLINA,45,2024,Thunderstorm Wind,0,0,0,0,0.00K,34.16,-81.43,"A significant severe weather event featuring multiple rounds of thunderstorms occurred on May 9th, 2024. The first round, a QLCS, produced three tornadoes in the Midlands of South Carolina.",Newberry County EM reported a tree down at the intersection of Wheeland and Mill Roads. Time estimated by radar.
SOUTH CAROLINA,45,2024,Thunderstorm Wind,0,0,0,0,0.00K,34.34,-81.2,"A significant severe weather event featuring multiple rounds of thunderstorms occurred on May 9th, 2024. The first round, a QLCS, produced three tornadoes in the Midlands of South Carolina.",Fairfield County dispatch reported trees down in the 7489 block of Highway 213. Time  estimated by radar.
SOUTH CAROLINA,45,2024,Thunderstorm Wind,0,0,0,0,0.00K,34.18,-81.3,"A significant severe weather event featuring multiple rounds of thunderstorms occurred on May 9th, 2024. The first round, a QLCS, produced three tornadoes in the Midlands of South Carolina.",SS Department of Public Safety reported a tree down in the roadway. Time estimated based on radar.
SOUTH CAROLINA,45,2024,Thunderstorm Wind,0,0,0,0,0.00K,34.16,-81.2,"A significant severe weather event featuring multiple rounds of thunderstorms occurred on May 9th, 2024. The first round, a QLCS, produced three tornadoes in the Midlands of South Carolina.",SC Dept. of Public Safety reported a tree in the roadway. Time estimated by radar.
SOUTH CAROLINA,45,2024,Thunderstorm Wind,0,0,0,0,NA,33.08,-80.76,Isolated to scattered thunderstorms moved across portions of southeast South Carolina in the mid to late evening hours ahead of an approaching cold front. A few of these storms became strong enough to produce damaging wind gusts.,Colleton County dispatch reported a tree down on Clatty Farm Road.
SOUTH CAROLINA,45,2024,Thunderstorm Wind,0,0,0,0,1.00K,32.88,-80.91,Isolated to scattered thunderstorms moved across portions of southeast South Carolina in the mid to late evening hours ahead of an approaching cold front. A few of these storms became strong enough to produce damaging wind gusts.,Colleton County dispatch reported a tree down on Forks Road.
SOUTH CAROLINA,45,2024,Thunderstorm Wind,0,0,0,0,50.00K,32.79,-79.98,Isolated to scattered thunderstorms moved across portions of southeast South Carolina in the mid to late evening hours ahead of an approaching cold front. A few of these storms became strong enough to produce damaging wind gusts.,"Local broadcast media relayed a public report of a tree down on a home on Minnie Street in West Ashley, causing considerable damage to the home."
SOUTH CAROLINA,45,2024,Hail,0,0,0,0,NA,34.82,-82.73,"Scattered thunderstorms developed across upstate South Carolina during the late afternoon. A few of these storms became strong-to-severe across the foothills, producing hail up to golf ball size and isolated damaging wind gusts.",Ham radio operator reported ping bong ball size hail.
SOUTH CAROLINA,45,2024,Hail,0,0,0,0,NA,34.829,-82.589,"Scattered thunderstorms developed across upstate South Carolina during the late afternoon. A few of these storms became strong-to-severe across the foothills, producing hail up to golf ball size and isolated damaging wind gusts.",Emergency manager relayed public report of quarter size hail in the Easley area.
SOUTH CAROLINA,45,2024,Hail,0,0,0,0,NA,34.78,-82.49,"Scattered thunderstorms developed across upstate South Carolina during the late afternoon. A few of these storms became strong-to-severe across the foothills, producing hail up to golf ball size and isolated damaging wind gusts.",CoCoRahs observer reported golf ball size hail in the Powdersville area.
SOUTH CAROLINA,45,2024,Hail,0,0,0,0,NA,34.67,-82.6,"Scattered thunderstorms developed across upstate South Carolina during the late afternoon. A few of these storms became strong-to-severe across the foothills, producing hail up to golf ball size and isolated damaging wind gusts.",Nws employee and the public reported quarter to half dollar size hail in the Piercetown community.
SOUTH CAROLINA,45,2024,Thunderstorm Wind,0,0,0,0,0.00K,34.84,-82.34,"Scattered thunderstorms developed across upstate South Carolina during the late afternoon. A few of these storms became strong-to-severe across the foothills, producing hail up to golf ball size and isolated damaging wind gusts.",Utility company reported multiple trees blown down on power lines in Greenville Eastside.
SOUTH CAROLINA,45,2024,Thunderstorm Wind,0,0,0,0,0.00K,34.01,-81.31,"A significant severe weather event featuring multiple rounds of thunderstorms occurred on May 9th, 2024. The first round, a QLCS, produced three tornadoes in the Midlands of South Carolina.",SC Dept. of Public Safety reported a tree in the roadway. Time estimated by radar.
SOUTH CAROLINA,45,2024,Thunderstorm Wind,0,0,0,0,0.00K,34.27,-81,"A significant severe weather event featuring multiple rounds of thunderstorms occurred on May 9th, 2024. The first round, a QLCS, produced three tornadoes in the Midlands of South Carolina.",Trained spotter reported numerous trees down along Hood Rd. through the intersection with Boney Road. Time estimated from radar.
SOUTH CAROLINA,45,2024,Thunderstorm Wind,0,0,0,0,0.00K,34.31,-80.96,"A significant severe weather event featuring multiple rounds of thunderstorms occurred on May 9th, 2024. The first round, a QLCS, produced three tornadoes in the Midlands of South Carolina.",Report of a tree down and minor damage to a home in Ridgeway. Report via social media.  Time estimated by radar.
SOUTH CAROLINA,45,2024,Thunderstorm Wind,0,0,0,0,0.00K,34.28,-80.95,"A significant severe weather event featuring multiple rounds of thunderstorms occurred on May 9th, 2024. The first round, a QLCS, produced three tornadoes in the Midlands of South Carolina.",Trained spotter reported trees down and heavy damage between Ridgeway and the county line. Time estimated by radar.
SOUTH CAROLINA,45,2024,Thunderstorm Wind,0,0,0,0,0.00K,34.47,-80.8,"A significant severe weather event featuring multiple rounds of thunderstorms occurred on May 9th, 2024. The first round, a QLCS, produced three tornadoes in the Midlands of South Carolina.",Emergency Manager reports a downed tree on Singleton Creek Road at Liberty Hill Road  blocking the roadway.
SOUTH CAROLINA,45,2024,Thunderstorm Wind,0,0,0,0,0.00K,34.25,-80.91,"A significant severe weather event featuring multiple rounds of thunderstorms occurred on May 9th, 2024. The first round, a QLCS, produced three tornadoes in the Midlands of South Carolina.",SC Dept. of Public Safety reported a tree in the roadway. Time estimated by radar.
SOUTH CAROLINA,45,2024,Thunderstorm Wind,0,0,0,0,0.00K,34.27,-80.82,"A significant severe weather event featuring multiple rounds of thunderstorms occurred on May 9th, 2024. The first round, a QLCS, produced three tornadoes in the Midlands of South Carolina.",Emergency Manager reports a downed tree on Smyrna Church Road at Smyrna Road blocking the roadway.
SOUTH CAROLINA,45,2024,Thunderstorm Wind,0,0,0,0,0.00K,35.14,-82.46,Isolated thunderstorms developed over upstate South Carolina during the late afternoon and evening. A couple of the storms produced brief severe weather.,Public reported (via Social Media) trees blown down along Highway 25.
SOUTH CAROLINA,45,2024,Thunderstorm Wind,0,0,0,0,0.00K,34.87,-81.96,Isolated thunderstorms developed over upstate South Carolina during the late afternoon and evening. A couple of the storms produced brief severe weather.,Utility company reported trees blown down on power lines.
SOUTH CAROLINA,45,2024,Thunderstorm Wind,0,0,0,0,0.00K,34.62,-81.55,Isolated thunderstorms developed over upstate South Carolina during the late afternoon and evening. A couple of the storms produced brief severe weather.,Utility company reported trees blown down on power lines.
SOUTH CAROLINA,45,2024,Thunderstorm Wind,0,0,0,0,0.00K,34.22,-80.78,"A significant severe weather event featuring multiple rounds of thunderstorms occurred on May 9th, 2024. The first round, a QLCS, produced three tornadoes in the Midlands of South Carolina.",Kershaw County FD reported a tree down at the intersection of Smyrna Road and Ashley  Creek. Time estimated based on radar.
SOUTH CAROLINA,45,2024,Thunderstorm Wind,0,0,0,0,0.00K,34.49,-80.63,"A significant severe weather event featuring multiple rounds of thunderstorms occurred on May 9th, 2024. The first round, a QLCS, produced three tornadoes in the Midlands of South Carolina.",Kershaw County EM reported a tree down blocking Flat Rock Rd. at the Kershaw/Lancaster county line. Time estimated based on radar.
SOUTH CAROLINA,45,2024,Thunderstorm Wind,0,0,0,0,0.00K,34.16,-80.72,"A significant severe weather event featuring multiple rounds of thunderstorms occurred on May 9th, 2024. The first round, a QLCS, produced three tornadoes in the Midlands of South Carolina.",Kershaw County FD reports a tree down blocking the roadway. Time estimated based on  radar.
SOUTH CAROLINA,45,2024,Thunderstorm Wind,0,0,0,0,0.00K,34.22,-80.68,"A significant severe weather event featuring multiple rounds of thunderstorms occurred on May 9th, 2024. The first round, a QLCS, produced three tornadoes in the Midlands of South Carolina.",Kershaw County FD reports a tree down on a home in Lugoff. Time estimated based on  radar.
SOUTH CAROLINA,45,2024,Thunderstorm Wind,0,0,0,0,0.00K,34.27,-80.61,"A significant severe weather event featuring multiple rounds of thunderstorms occurred on May 9th, 2024. The first round, a QLCS, produced three tornadoes in the Midlands of South Carolina.",Kershaw County dispatch reports numerous trees and power lines down throughout the  county. Time estimated by radar.
SOUTH CAROLINA,45,2024,Thunderstorm Wind,0,0,0,0,0.00K,34.34,-80.6,"A significant severe weather event featuring multiple rounds of thunderstorms occurred on May 9th, 2024. The first round, a QLCS, produced three tornadoes in the Midlands of South Carolina.",Kershaw County FD reported a tree down blocking the road along Flat Rock Rd. Time  estimated based on radar.
SOUTH CAROLINA,45,2024,Thunderstorm Wind,0,0,0,0,0.00K,34.19,-80.58,"A significant severe weather event featuring multiple rounds of thunderstorms occurred on May 9th, 2024. The first round, a QLCS, produced three tornadoes in the Midlands of South Carolina.",Kershaw County FD reports a tree blocking the roadway along Hwy. 261 at Hwy 521. Time  estimated based on radar.
SOUTH CAROLINA,45,2024,Hail,0,0,0,0,NA,34.86,-82.02,Isolated thunderstorms developed over upstate South Carolina during the late afternoon and evening. A couple of the storms produced brief severe weather.,Public reported quarter size hail just north of Moore.
SOUTH CAROLINA,45,2024,Thunderstorm Wind,0,0,0,0,0.00K,33.95,-80.52,"A significant severe weather event featuring multiple rounds of thunderstorms occurred on May 9th, 2024. The first round, a QLCS, produced three tornadoes in the Midlands of South Carolina.",Sumter County dispatch reports a tree down along 378 and North Kings Highway. Time  estimated by radar.
SOUTH CAROLINA,45,2024,Thunderstorm Wind,0,0,0,0,0.00K,34.19,-80.16,"A significant severe weather event featuring multiple rounds of thunderstorms occurred on May 9th, 2024. The first round, a QLCS, produced three tornadoes in the Midlands of South Carolina.",SCDOT reports a tree in the roadway along I-20. Time estimated by radar.
SOUTH CAROLINA,45,2024,Thunderstorm Wind,0,0,0,0,0.00K,33.96,-82.36,"A significant severe weather event featuring multiple rounds of thunderstorms occurred on May 9th, 2024. The first round, a QLCS, produced three tornadoes in the Midlands of South Carolina.",Reported tree down along Kennedy Road just north of the town of McCormick.
SOUTH CAROLINA,45,2024,Thunderstorm Wind,0,0,0,0,0.00K,33.7,-82.22,"A significant severe weather event featuring multiple rounds of thunderstorms occurred on May 9th, 2024. The first round, a QLCS, produced three tornadoes in the Midlands of South Carolina.",Reported a power line down along Confederate Drive along Lake Thurmond in the Modoc  community.
SOUTH CAROLINA,45,2024,Thunderstorm Wind,0,0,0,0,0.00K,34.48,-80.63,"A significant severe weather event featuring multiple rounds of thunderstorms occurred on May 9th, 2024. The first round, a QLCS, produced three tornadoes in the Midlands of South Carolina.",Kershaw County EM reported a tree down blocking the roadway along Flat Rock Road.
SOUTH CAROLINA,45,2024,Thunderstorm Wind,0,0,0,0,0.00K,33.81,-81.93,"A significant severe weather event featuring multiple rounds of thunderstorms occurred on May 9th, 2024. The first round, a QLCS, produced three tornadoes in the Midlands of South Carolina.","Edgefield County dispatch reports a tree down along Hwy. 430, just outside the city of Edgefield limits. Time estimated based on radar."
SOUTH CAROLINA,45,2024,Thunderstorm Wind,0,0,0,0,0.00K,33.22,-81.19,"A significant severe weather event featuring multiple rounds of thunderstorms occurred on May 9th, 2024. The first round, a QLCS, produced three tornadoes in the Midlands of South Carolina.",Reported trees down near the intersection of Thunder Road and Ehrhardt Road near the town of Govan.
SOUTH CAROLINA,45,2024,Hail,0,0,0,0,0.00K,34.81,-80.53,"An approaching cold front triggered scattered strong to severe thunderstorms, mainly across the Northern Midlands.",Buford FD reported quarter sized hail near the intersection of Wolf Pond Road and SC-207.
SOUTH CAROLINA,45,2024,Thunderstorm Wind,0,0,0,0,0.00K,34.95,-83.02,"A couple of waves of strong to severe thunderstorms moved into upstate South Carolina  from north Georgia and western North Carolina...one during the afternoon and evening of the 8th, and another during the early morning of the 9th. Scattered severe storms produced large hail and isolated swaths of damaging winds over the Upstate and the eastern Piedmont.",NWS employee reported multiple trees blown down on Whitewater Falls Rd.
SOUTH CAROLINA,45,2024,Hail,0,0,0,0,0.00K,34.74,-80.08,"An approaching cold front triggered scattered strong to severe thunderstorms, mainly across the Northern Midlands.",Chesterfield County Emergency Manager reported quarter sized hail in Chesterfield city limits. Time estimated.
SOUTH CAROLINA,45,2024,Hail,0,0,0,0,0.00K,34.75,-80.17,"An approaching cold front triggered scattered strong to severe thunderstorms, mainly across the Northern Midlands.",Broadcast meteorologist reported ping-pong to golf ball sized hail in Ruby.
SOUTH CAROLINA,45,2024,Thunderstorm Wind,0,0,0,0,0.00K,34.74,-80.09,"An approaching cold front triggered scattered strong to severe thunderstorms, mainly across the Northern Midlands.",Chesterfield County Emergency Manager reported a tree down on a house within the Chesterfield city limits. Time estimated.
SOUTH CAROLINA,45,2024,Hail,0,0,0,0,0.00K,34.7,-79.89,"An approaching cold front triggered scattered strong to severe thunderstorms, mainly across the Northern Midlands.",Broadcast meteorologist passed on a public report with photo of roughly ping-pong sized  hail in Cheraw.
SOUTH CAROLINA,45,2024,Hail,0,0,0,0,0.00K,34.71,-79.91,"An approaching cold front triggered scattered strong to severe thunderstorms, mainly across the Northern Midlands.",SKYWARN Spotters noted several reports of quarter sized hail just north of Cheraw along Highway 52.
SOUTH CAROLINA,45,2024,Hail,0,0,0,0,0.00K,34.68,-80.79,"An approaching cold front triggered scattered strong to severe thunderstorms, mainly across the Northern Midlands.",Public report of dime and quarter sized hail near the Lancaster Golf Club. Time estimated.
SOUTH CAROLINA,45,2024,Hail,0,0,0,0,0.00K,34.69,-80.79,"An approaching cold front triggered scattered strong to severe thunderstorms, mainly across the Northern Midlands.",Public report with photos of quarter sized hail just south of Lancaster. Time estimated.
SOUTH CAROLINA,45,2024,Hail,0,0,0,0,0.00K,34.65,-80.38,"An approaching cold front triggered scattered strong to severe thunderstorms, mainly across the Northern Midlands.",Spotter report of penny sized hail in Jefferson. Time estimated.
SOUTH CAROLINA,45,2024,Hail,0,0,0,0,0.00K,34.57,-80.62,"An approaching cold front triggered scattered strong to severe thunderstorms, mainly across the Northern Midlands.",Public report with video of ping pong ball sized hail at Andrew Jackson High School northwest of Kershaw. Time estimated by radar.
SOUTH CAROLINA,45,2024,Hail,0,0,0,0,NA,32.44,-80.64,"Scattered to numerous thunderstorms started to develop around midday in the vicinity of a southward moving cold front. As these thunderstorms tracked to the south through the afternoon, they produced numerous reports of large hail and damaging wind gusts across portions of southeast South Carolina.",A picture of ping pong ball sized hail on Lady's Island was shared via social media.
SOUTH CAROLINA,45,2024,Hail,0,0,0,0,NA,32.45,-80.65,"Scattered to numerous thunderstorms started to develop around midday in the vicinity of a southward moving cold front. As these thunderstorms tracked to the south through the afternoon, they produced numerous reports of large hail and damaging wind gusts across portions of southeast South Carolina.",Beaufort County Emergency Management reported nickel sized hail on Lady's Island.
SOUTH CAROLINA,45,2024,Hail,0,0,0,0,NA,32.47,-80.68,"Scattered to numerous thunderstorms started to develop around midday in the vicinity of a southward moving cold front. As these thunderstorms tracked to the south through the afternoon, they produced numerous reports of large hail and damaging wind gusts across portions of southeast South Carolina.",A CoCoRaHS volunteer reported quarter sized hail in Beaufort that lasted for 12 minutes. The volunteer also said that the hail shredded leaves off nearby trees.
SOUTH CAROLINA,45,2024,Hail,0,0,0,0,NA,32.33,-80.47,"Scattered to numerous thunderstorms started to develop around midday in the vicinity of a southward moving cold front. As these thunderstorms tracked to the south through the afternoon, they produced numerous reports of large hail and damaging wind gusts across portions of southeast South Carolina.",A trained spotter reported golf ball sized hail on Fripp Island.
SOUTH CAROLINA,45,2024,Hail,0,0,0,0,NA,32.37,-80.44,"Scattered to numerous thunderstorms started to develop around midday in the vicinity of a southward moving cold front. As these thunderstorms tracked to the south through the afternoon, they produced numerous reports of large hail and damaging wind gusts across portions of southeast South Carolina.",A Hunting Island State Park employee reported quarter sized hail.
SOUTH CAROLINA,45,2024,Thunderstorm Wind,0,0,0,0,250.00K,34.5,-82.71,"A couple of waves of strong to severe thunderstorms moved into upstate South Carolina  from north Georgia and western North Carolina...one during the afternoon and evening of the 8th, and another during the early morning of the 9th. Scattered severe storms produced large hail and isolated swaths of damaging winds over the Upstate and the eastern Piedmont.",Dept of highways and public reported numerous trees and power lines blown down through the city of Anderson and vicinity. At least one tree fell on a vehicle. Multiple buildings received mostly minor roof damage and damaged awnings in downtown Anderson. A 60 mph gust was measured by the ASOS at the Anderson Regional Airport.
SOUTH CAROLINA,45,2024,Thunderstorm Wind,0,0,0,0,0.00K,34.59,-81.47,"A couple of waves of strong to severe thunderstorms moved into upstate South Carolina  from north Georgia and western North Carolina...one during the afternoon and evening of the 8th, and another during the early morning of the 9th. Scattered severe storms produced large hail and isolated swaths of damaging winds over the Upstate and the eastern Piedmont.",County comms reported multiple trees blown down near Carlisle.
SOUTH CAROLINA,45,2024,Thunderstorm Wind,0,0,0,0,0.00K,35.04,-81.26,"A couple of waves of strong to severe thunderstorms moved into upstate South Carolina  from north Georgia and western North Carolina...one during the afternoon and evening of the 8th, and another during the early morning of the 9th. Scattered severe storms produced large hail and isolated swaths of damaging winds over the Upstate and the eastern Piedmont.",County comms reported a few trees blown down north of York.
SOUTH CAROLINA,45,2024,Thunderstorm Wind,0,0,0,0,0.00K,34.648,-81.418,"A couple of waves of strong to severe thunderstorms moved into upstate South Carolina  from north Georgia and western North Carolina...one during the afternoon and evening of the 8th, and another during the early morning of the 9th. Scattered severe storms produced large hail and isolated swaths of damaging winds over the Upstate and the eastern Piedmont.",County comms reported numerous trees blown down across Chester County.
SOUTH CAROLINA,45,2024,Hail,0,0,0,0,NA,34.91,-82.93,"A couple of waves of strong to severe thunderstorms moved into upstate South Carolina  from north Georgia and western North Carolina...one during the afternoon and evening of the 8th, and another during the early morning of the 9th. Scattered severe storms produced large hail and isolated swaths of damaging winds over the Upstate and the eastern Piedmont.",Public reported (via Social Media) quarter size hail near the northern part of Lake Keowee.
SOUTH CAROLINA,45,2024,Hail,0,0,0,0,0.00K,34.58,-80.58,"An approaching cold front triggered scattered strong to severe thunderstorms, mainly across the Northern Midlands.",Public report of quarter sized hail with photos on the north side of Kershaw.
SOUTH CAROLINA,45,2024,Hail,0,0,0,0,0.00K,34.58,-80.54,"An approaching cold front triggered scattered strong to severe thunderstorms, mainly across the Northern Midlands.",Public report and video of quarter sized hail at the gold mine in Kershaw.
SOUTH CAROLINA,45,2024,Hail,0,0,0,0,0.00K,34.47,-80.26,"An approaching cold front triggered scattered strong to severe thunderstorms, mainly across the Northern Midlands.",Public report of dime sized and quarter sized hail at Highway 151 and 5th street in  McBee.
SOUTH CAROLINA,45,2024,Hail,0,0,0,0,0.00K,34.12,-81.55,"An approaching cold front triggered scattered strong to severe thunderstorms, mainly across the Northern Midlands.",Public report of greater than quarter sized hail along Prosperity Highway. Time estimated by radar.
SOUTH CAROLINA,45,2024,Thunderstorm Wind,0,0,0,0,0.00K,34.01,-81.24,"An approaching cold front triggered scattered strong to severe thunderstorms, mainly across the Northern Midlands.",Spotter reported trees down at Cherokee Trail and Old Cherokee Road. Time estimated  by radar.
SOUTH CAROLINA,45,2024,Thunderstorm Wind,0,0,0,0,0.00K,34.08,-81.22,"An approaching cold front triggered scattered strong to severe thunderstorms, mainly across the Northern Midlands.",Power lines down along Weed Drive. Time estimated by radar.
SOUTH CAROLINA,45,2024,Hail,0,0,0,0,0.00K,34.36,-80.43,"An approaching cold front triggered scattered strong to severe thunderstorms, mainly across the Northern Midlands.",Public report of quarter size hail in Cassatt.
SOUTH CAROLINA,45,2024,Thunderstorm Wind,0,0,0,0,0.00K,34.05,-80.96,"An approaching cold front triggered scattered strong to severe thunderstorms, mainly across the Northern Midlands.",SC Highway Patrol reported trees down on the roadway along Arcadia Woods Road. Time  estimated by radar.
SOUTH CAROLINA,45,2024,Thunderstorm Wind,0,0,0,0,0.00K,34.28,-80.21,"An approaching cold front triggered scattered strong to severe thunderstorms, mainly across the Northern Midlands.",Lee County dispatch reported a tree down on Shirley Circle and Ashland Stokes Bridge  Road. Time estimated by radar.
SOUTH CAROLINA,45,2024,Lightning,0,0,0,0,5.00K,33.04,-79.61,"Scattered to numerous thunderstorms started to develop around midday in the vicinity of a southward moving cold front. As these thunderstorms tracked to the south through the afternoon, they produced numerous reports of large hail and damaging wind gusts across portions of southeast South Carolina.",Awendaw Fire Department reported a lightning strike at a residence. No fire was reported but there was minor damage to the home.
SOUTH CAROLINA,45,2024,Thunderstorm Wind,0,0,0,0,NA,32.48,-80.67,"Scattered to numerous thunderstorms started to develop around midday in the vicinity of a southward moving cold front. As these thunderstorms tracked to the south through the afternoon, they produced numerous reports of large hail and damaging wind gusts across portions of southeast South Carolina.",Beaufort County dispatch reported a tree down at Brickyard Point Road and Pleasant Point Drive.
SOUTH CAROLINA,45,2024,Thunderstorm Wind,0,0,0,0,NA,32.46,-80.64,"Scattered to numerous thunderstorms started to develop around midday in the vicinity of a southward moving cold front. As these thunderstorms tracked to the south through the afternoon, they produced numerous reports of large hail and damaging wind gusts across portions of southeast South Carolina.",Beaufort County dispatch reported a tree down at Middle Road and Needlerush Court.
SOUTH CAROLINA,45,2024,Thunderstorm Wind,0,0,0,0,NA,32.39,-80.58,"Scattered to numerous thunderstorms started to develop around midday in the vicinity of a southward moving cold front. As these thunderstorms tracked to the south through the afternoon, they produced numerous reports of large hail and damaging wind gusts across portions of southeast South Carolina.",A trained spotter reported two trees down near the Penn Center south of Frogmore.
SOUTH CAROLINA,45,2024,Thunderstorm Wind,0,0,0,0,1.00K,32.16,-80.76,"Scattered to numerous thunderstorms started to develop around midday in the vicinity of a southward moving cold front. As these thunderstorms tracked to the south through the afternoon, they produced numerous reports of large hail and damaging wind gusts across portions of southeast South Carolina.",Beaufort County Emergency Management reported a tree down on Gloucester Road.
SOUTH CAROLINA,45,2024,Thunderstorm Wind,0,0,0,0,NA,32.49,-80.7,"Scattered to numerous thunderstorms started to develop around midday in the vicinity of a southward moving cold front. As these thunderstorms tracked to the south through the afternoon, they produced numerous reports of large hail and damaging wind gusts across portions of southeast South Carolina.",The ASOS at Marine Corps Air Station Beaufort (KNBC) measured a 59 knot (68 mph) wind gust.
SOUTH CAROLINA,45,2024,Hail,0,0,0,0,NA,34.88,-82.51,"A couple of waves of strong to severe thunderstorms moved into upstate South Carolina  from north Georgia and western North Carolina...one during the afternoon and evening of the 8th, and another during the early morning of the 9th. Scattered severe storms produced large hail and isolated swaths of damaging winds over the Upstate and the eastern Piedmont.",Public reported quarter size hail on Saluda View Dr.
SOUTH CAROLINA,45,2024,Hail,0,0,0,0,NA,34.85,-82.32,"A couple of waves of strong to severe thunderstorms moved into upstate South Carolina  from north Georgia and western North Carolina...one during the afternoon and evening of the 8th, and another during the early morning of the 9th. Scattered severe storms produced large hail and isolated swaths of damaging winds over the Upstate and the eastern Piedmont.",Multiple public reports of quarter to golf ball size hail along the I-385 corridor in Greenville.
SOUTH CAROLINA,45,2024,Hail,0,0,0,0,NA,34.79,-82.23,"A couple of waves of strong to severe thunderstorms moved into upstate South Carolina  from north Georgia and western North Carolina...one during the afternoon and evening of the 8th, and another during the early morning of the 9th. Scattered severe storms produced large hail and isolated swaths of damaging winds over the Upstate and the eastern Piedmont.",Public reported nickel size hail in the Five Forks area.
SOUTH CAROLINA,45,2024,Hail,0,0,0,0,NA,34.71,-81.83,"A couple of waves of strong to severe thunderstorms moved into upstate South Carolina  from north Georgia and western North Carolina...one during the afternoon and evening of the 8th, and another during the early morning of the 9th. Scattered severe storms produced large hail and isolated swaths of damaging winds over the Upstate and the eastern Piedmont.",Law enforcement reported quarter size hail near the intersection of Highway 56 and Toal Rd.
SOUTH CAROLINA,45,2024,Hail,0,0,0,0,NA,34.63,-81.52,"A couple of waves of strong to severe thunderstorms moved into upstate South Carolina  from north Georgia and western North Carolina...one during the afternoon and evening of the 8th, and another during the early morning of the 9th. Scattered severe storms produced large hail and isolated swaths of damaging winds over the Upstate and the eastern Piedmont.",Public reported (via Social media) golf ball size hail in the Santuc area.
SOUTH CAROLINA,45,2024,Thunderstorm Wind,0,0,0,0,0.00K,33.88,-80.69,"An approaching cold front triggered scattered strong to severe thunderstorms, mainly across the Northern Midlands.",SC Highway Patrol reported trees blocking the roadway in Eastover at Main street and Henry Street. Time estimated by radar.
SOUTH CAROLINA,45,2024,Hail,0,0,0,0,0.00K,33.73,-80.68,"An approaching cold front triggered scattered strong to severe thunderstorms, mainly across the Northern Midlands.",Calhoun County EM reported quarter size hail at the intersection of Adams Road and SC-419. Time estimated by radar.
SOUTH CAROLINA,45,2024,Thunderstorm Wind,0,0,0,0,0.00K,33.72,-80.65,"An approaching cold front triggered scattered strong to severe thunderstorms, mainly across the Northern Midlands.",Public report with numerous photos of farming irrigation pivots flipped and power poles knocked down in the fields one mile southeast of the intersection of US-601 and SC-267. Time estimated by radar.
SOUTH CAROLINA,45,2024,Thunderstorm Wind,0,0,0,0,0.00K,33.61,-80.32,"An approaching cold front triggered scattered strong to severe thunderstorms, mainly across the Northern Midlands.","SC Highway Patrol reported a tree down in roadway on I-95, east of Summerton. Time  estimated by radar."
SOUTH CAROLINA,45,2024,Thunderstorm Wind,0,0,0,0,0.00K,33.74,-81.97,After convection became locally strong to severe across parts of the Midlands.,SC Dept. of Public Safety reports trees down across the road on Sweetwater Rd. near the  intersection of Horn Creek W. Time estimated from radar.
SOUTH CAROLINA,45,2024,Thunderstorm Wind,0,0,0,0,0.00K,33.54,-81.69,After convection became locally strong to severe across parts of the Midlands.,SC Dept. of Public Safety reports trees down on Jehossee Dr. SE in Aiken near Citizens  Park. Time estimated from radar.
SOUTH CAROLINA,45,2024,Hail,0,0,0,0,0.00K,33.8,-79.99,After convection became locally strong to severe across parts of the Midlands.,"Public sent in pictures of hail and wind damage. The pictures shows golf ball size hail along with wind damage to their property. There were several large limbs downed, a tree uprooted, damage to shingles and facia and also lawn objects blown around."
SOUTH CAROLINA,45,2024,Thunderstorm Wind,0,0,0,0,0.00K,33.73,-81.36,After convection became locally strong to severe across parts of the Midlands.,SC Dept. of Public Safety reported a tree down on Convent Church Road near the  intersection of Lawson Road. Time estimated by radar.
SOUTH CAROLINA,45,2024,Thunderstorm Wind,0,0,0,0,0.00K,33.52,-81.42,Several rounds of strong to severe thunderstorms developed in Central Georgia moving into South Carolina during the afternoon and evening hours.,Aiken County Sheriff reported two trees down in this area. Time estimated by radar.
SOUTH CAROLINA,45,2024,Thunderstorm Wind,0,0,0,0,0.00K,33.48,-81.27,Several rounds of strong to severe thunderstorms developed in Central Georgia moving into South Carolina during the afternoon and evening hours.,SCDPS website reported a tree on the roadway on SC-3. Time estimated by radar.
SOUTH CAROLINA,45,2024,Thunderstorm Wind,0,0,0,0,0.00K,33.91,-82.4,Several rounds of strong to severe thunderstorms developed in Central Georgia moving into South Carolina during the afternoon and evening hours.,Social media report of downed trees near the intersection of Sweet Gum Loop and Lake Ridge Drive. Time estimated by radar.
SOUTH CAROLINA,45,2024,Thunderstorm Wind,0,0,0,0,0.00K,33.87,-82.38,Several rounds of strong to severe thunderstorms developed in Central Georgia moving into South Carolina during the afternoon and evening hours.,McCormick County Sheriff's Office reported widespread trees down across the county with  the worst damage in the Sandy Branch area of McCormick. Time estimated by radar.
SOUTH CAROLINA,45,2024,Thunderstorm Wind,0,0,0,0,0.00K,34.21,-81,Several rounds of strong to severe thunderstorms developed in Central Georgia moving into South Carolina during the afternoon and evening hours.,Richland County Sheriff's Office reported downed power lines at the intersection of Muller Road and Blythewood Road. Time estimated by radar.
SOUTH CAROLINA,45,2024,Hail,0,0,0,0,NA,32.27,-80.86,Scattered to numerous thunderstorms developed in the afternoon hours across portions of southeast South Carolina. These storms produced several instances of large hail and damaging wind gusts through the late afternoon hours.,A trained spotter reported penny sized hail near Bluffton.
SOUTH CAROLINA,45,2024,Hail,0,0,0,0,NA,33.29,-79.69,Scattered to numerous thunderstorms developed in the afternoon hours across portions of southeast South Carolina. These storms produced several instances of large hail and damaging wind gusts through the late afternoon hours.,The Jamestown NWS coop observer reported nickel sized hail.
SOUTH CAROLINA,45,2024,Thunderstorm Wind,0,0,0,0,1.00K,32.54,-81.26,Scattered to numerous thunderstorms developed in the afternoon hours across portions of southeast South Carolina. These storms produced several instances of large hail and damaging wind gusts through the late afternoon hours.,DOT reported a tree down on Clyo Road.
SOUTH CAROLINA,45,2024,Thunderstorm Wind,0,0,0,0,NA,32.63,-80.88,Scattered to numerous thunderstorms developed in the afternoon hours across portions of southeast South Carolina. These storms produced several instances of large hail and damaging wind gusts through the late afternoon hours.,Three trees were reported down on Interstate 95.
SOUTH CAROLINA,45,2024,Thunderstorm Wind,0,0,0,0,NA,32.69,-80.84,Scattered to numerous thunderstorms developed in the afternoon hours across portions of southeast South Carolina. These storms produced several instances of large hail and damaging wind gusts through the late afternoon hours.,One tree was reported down in the 100 block of River Road.
SOUTH CAROLINA,45,2024,Thunderstorm Wind,0,0,0,0,NA,32.62,-80.86,Scattered to numerous thunderstorms developed in the afternoon hours across portions of southeast South Carolina. These storms produced several instances of large hail and damaging wind gusts through the late afternoon hours.,DOT reported a tree down on Mackay Point Road.
SOUTH CAROLINA,45,2024,Thunderstorm Wind,0,0,0,0,0.00K,34.18,-80.98,Several rounds of strong to severe thunderstorms developed in Central Georgia moving into South Carolina during the afternoon and evening hours.,SCDPS website reported a tree in the roadway on Community Road. Time estimated by radar.
SOUTH CAROLINA,45,2024,Thunderstorm Wind,0,0,0,0,0.00K,34.33,-81.08,Several rounds of strong to severe thunderstorms developed in Central Georgia moving into South Carolina during the afternoon and evening hours.,Fairfield County dispatch reported trees down at the intersection of Highway 269 and Highway 321. Time estimated by radar.
SOUTH CAROLINA,45,2024,Thunderstorm Wind,0,0,0,0,0.00K,33.9,-82.4,"A line of thunderstorms entered the northern portion of the CSRA causing damage. Later in the day, pulse convection caused additional damage in the Eastern Midlands.",McCormick County officials reported 1 tree on a house and 17 trees down across the Savannah Lakes Subdivision roadways. Time estimated by radar.
SOUTH CAROLINA,45,2024,Thunderstorm Wind,1,0,0,0,NA,33.92,-82.29,"A line of thunderstorms entered the northern portion of the CSRA causing damage. Later in the day, pulse convection caused additional damage in the Eastern Midlands.",McCormick County officials reported a collision between a vehicle and downed tree in roadway along Chestnut Ridge Road north of McCormick. Driver was taken to the hospital for unknown injuries.
SOUTH CAROLINA,45,2024,Hail,0,0,0,0,0.00K,34.01,-80.54,"A line of thunderstorms entered the northern portion of the CSRA causing damage. Later in the day, pulse convection caused additional damage in the Eastern Midlands.",Trained spotter reported penny size hail at his location.
SOUTH CAROLINA,45,2024,Thunderstorm Wind,0,0,0,0,0.00K,34.01,-80.54,"A line of thunderstorms entered the northern portion of the CSRA causing damage. Later in the day, pulse convection caused additional damage in the Eastern Midlands.","Spotter reported power lines down, large trees down, and a pecan tree uprooted."
SOUTH CAROLINA,45,2024,Flood,0,0,0,0,0.00K,34.128,-80.8596,Several rounds of strong to severe thunderstorms developed in Central Georgia moving into South Carolina during the afternoon and evening hours.,Columbia fire department reported flooding due to a blocked storm drain near this  location. Provided pictures showed water covering one side of Two Notch Road.
SOUTH CAROLINA,45,2024,Thunderstorm Wind,0,0,0,0,NA,32.85,-80.77,A large cluster of thunderstorms impacted portions of southeast South Carolina in the early evening hours. These thunderstorms became strong enough to produce damaging wind gusts.,Colleton County Emergency Management reported a tree down blocking one lane near the intersection of Cane Branch Road and Cavanaugh Road.
SOUTH CAROLINA,45,2024,Thunderstorm Wind,0,0,0,0,NA,32.94,-80.66,A large cluster of thunderstorms impacted portions of southeast South Carolina in the early evening hours. These thunderstorms became strong enough to produce damaging wind gusts.,Colleton County Emergency Management reported two trees down in the Walterboro area. One tree was down at Industrial Road and Jefferies Highway and the other tree was down at Otis Road and Sunny Drive.
SOUTH CAROLINA,45,2024,Thunderstorm Wind,0,0,0,0,NA,32.63,-80.79,Scattered to numerous thunderstorms developed in the afternoon hours across portions of southeast South Carolina. These storms produced several instances of large hail and damaging wind gusts through the late afternoon hours.,Beaufort County Emergency Management reported a tree down on Old Sheldon Church Road near Twickenham Road.
SOUTH CAROLINA,45,2024,Thunderstorm Wind,0,0,0,0,NA,32.24,-80.87,Scattered to numerous thunderstorms developed in the afternoon hours across portions of southeast South Carolina. These storms produced several instances of large hail and damaging wind gusts through the late afternoon hours.,Beaufort County Emergency Management reported a tree down at 10 Wharf Street.
SOUTH CAROLINA,45,2024,Thunderstorm Wind,0,0,0,0,NA,32.23,-80.77,Scattered to numerous thunderstorms developed in the afternoon hours across portions of southeast South Carolina. These storms produced several instances of large hail and damaging wind gusts through the late afternoon hours.,Beaufort County Emergency Management reported a tree down on 33 Stoney Crossing Road.
SOUTH CAROLINA,45,2024,Thunderstorm Wind,0,0,0,0,1.00K,32.75,-80.6,Scattered to numerous thunderstorms developed in the afternoon hours across portions of southeast South Carolina. These storms produced several instances of large hail and damaging wind gusts through the late afternoon hours.,Colleton County dispatch reported a large tree down on Magwood Bryan Road near Green Pond.
SOUTH CAROLINA,45,2024,Thunderstorm Wind,0,0,0,0,1.00K,32.9144,-80.6813,Scattered to numerous thunderstorms developed in the afternoon hours across portions of southeast South Carolina. These storms produced several instances of large hail and damaging wind gusts through the late afternoon hours.,Colleton County Emergency Management reported a tree down on Hiers Corner Road.
SOUTH CAROLINA,45,2024,Thunderstorm Wind,0,0,0,0,NA,33.28,-79.92,"A cluster of thunderstorms developed in the early evening hours and tracked southeastward along the Santee River. The storm produced a swath of wind damage between Bonneau and Jamestown, north of Highway 17, in Berkeley County.",Berkeley County Emergency Management reported a tree down in the 1800 block of E Church Street.
SOUTH CAROLINA,45,2024,Thunderstorm Wind,0,0,0,0,NA,33.27,-79.89,"A cluster of thunderstorms developed in the early evening hours and tracked southeastward along the Santee River. The storm produced a swath of wind damage between Bonneau and Jamestown, north of Highway 17, in Berkeley County.",Berkeley County Emergency Management reported a tree down and power lines down near the intersection of Barnyard Road and Full House Lane.
SOUTH CAROLINA,45,2024,Thunderstorm Wind,0,0,0,0,NA,33.28,-79.88,"A cluster of thunderstorms developed in the early evening hours and tracked southeastward along the Santee River. The storm produced a swath of wind damage between Bonneau and Jamestown, north of Highway 17, in Berkeley County.",Berkeley County Emergency Management reported a tree down near the intersection of Edith Lane and Church of God Road.
SOUTH CAROLINA,45,2024,Thunderstorm Wind,0,0,0,0,NA,33.28,-79.87,"A cluster of thunderstorms developed in the early evening hours and tracked southeastward along the Santee River. The storm produced a swath of wind damage between Bonneau and Jamestown, north of Highway 17, in Berkeley County.",Berkeley County Emergency Management reported a couple of trees down near the 2400 block of N Highway 17A.
SOUTH CAROLINA,45,2024,Thunderstorm Wind,0,0,0,0,NA,33.27,-79.87,"A cluster of thunderstorms developed in the early evening hours and tracked southeastward along the Santee River. The storm produced a swath of wind damage between Bonneau and Jamestown, north of Highway 17, in Berkeley County.",Berkeley County Emergency Management reported a tree down on a house east of Bonneau.
SOUTH CAROLINA,45,2024,Thunderstorm Wind,0,0,0,0,NA,33.3,-79.85,"A cluster of thunderstorms developed in the early evening hours and tracked southeastward along the Santee River. The storm produced a swath of wind damage between Bonneau and Jamestown, north of Highway 17, in Berkeley County.","Berkeley County Emergency Management reported approximately 30 trees and 2 power lines down between Bonneau and Jamestown, north of Highway 17."
SOUTH CAROLINA,45,2024,Thunderstorm Wind,0,0,0,0,NA,33.21,-79.9,"A cluster of thunderstorms developed in the early evening hours and tracked southeastward along the Santee River. The storm produced a swath of wind damage between Bonneau and Jamestown, north of Highway 17, in Berkeley County.",Berkeley County Emergency Management reported roof and building damage to Macedonia Middle School and Macedonia High School.
SOUTH CAROLINA,45,2024,Thunderstorm Wind,0,0,0,0,NA,33.29,-79.88,"A cluster of thunderstorms developed in the early evening hours and tracked southeastward along the Santee River. The storm produced a swath of wind damage between Bonneau and Jamestown, north of Highway 17, in Berkeley County.",Berkeley County Emergency Management reported two trees down along Betsy Hole Road.
SOUTH CAROLINA,45,2024,Flash Flood,0,0,0,0,0.00K,33.9875,-81.0276,Early morning thunderstorms produced heavy rainfall across portions of the forecast area prompting the issuance of Flood Advisories and a Flash Flood Warning in the Columbia Metro area.,Minor flooding occurred at the intersection of Whaley Street and Main Street due to  flooding of Rocky Branch Creek. A total of 1.0 to 1.5 inches of rain fell in less than 1 hour.
SOUTH CAROLINA,45,2024,Thunderstorm Wind,0,0,0,0,0.00K,33.92,-81.78,Isolated thunderstorms impacted parts of South Carolina after moving in from Georgia.,SC Highway Patrol reported a tree down blocking the roadway on Daniel Ave. near J. Paul Rd in Johnston. Time estimated by radar.
SOUTH CAROLINA,45,2024,Thunderstorm Wind,0,0,0,0,0.00K,34.49,-81.63,"A significant severe weather event featuring multiple rounds of thunderstorms occurred on May 9th, 2024. The first round, a QLCS, produced three tornadoes in the Midlands of South Carolina.",Newberry County dispatch reported trees down at Kings Lane and Old Airport Road in Whitmire. Time estimated by radar.
SOUTH CAROLINA,45,2024,Thunderstorm Wind,0,0,0,0,0.00K,34.27,-81.67,"A significant severe weather event featuring multiple rounds of thunderstorms occurred on May 9th, 2024. The first round, a QLCS, produced three tornadoes in the Midlands of South Carolina.",Newberry County dispatch reported trees down at the intersection of Belfast and Spearman Roads. Time estimated by radar.
SOUTH CAROLINA,45,2024,Hail,0,0,0,0,0.00K,33.59,-81.96,Several rounds of strong to severe thunderstorms developed in Central Georgia moving into South Carolina during the afternoon and evening hours.,Report from mPING: Dime (0.75). Social media report from the same location relayed pea to dime sized hail and 1 inch of rain in 15 minutes.
SOUTH CAROLINA,45,2024,Thunderstorm Wind,0,0,0,0,0.00K,34.29,-80.12,An isolated thunderstorm caused minor damage.,Large tree down at corner of Galloway Town Road and Indian Branch Road causing two traffic accidents with no injuries reported.
SOUTH CAROLINA,45,2024,Thunderstorm Wind,0,0,0,0,NA,34.95,-80.83,"An upper disturbance and surface boundary, combined with strong atmospheric instability and moderate deep layer shear, to produce severe thunderstorms that caused some wind damage over the NE Midlands of SC in the late afternoon and early evening.",Several trees were downed along Shelley Mullis Rd near Indian Land.  Time estimated.
SOUTH CAROLINA,45,2024,Thunderstorm Wind,0,0,0,0,NA,34.71,-80.74,"An upper disturbance and surface boundary, combined with strong atmospheric instability and moderate deep layer shear, to produce severe thunderstorms that caused some wind damage over the NE Midlands of SC in the late afternoon and early evening.",SCHP reported a tree down in the roadway at Flat Creek Rd and McCowan Lane.  Time estimated.
SOUTH CAROLINA,45,2024,Thunderstorm Wind,0,0,0,0,NA,34.74,-80.83,"An upper disturbance and surface boundary, combined with strong atmospheric instability and moderate deep layer shear, to produce severe thunderstorms that caused some wind damage over the NE Midlands of SC in the late afternoon and early evening.",Trees and limbs were downed on power lines on S Lake Dr.  Time estimated.
SOUTH CAROLINA,45,2024,Thunderstorm Wind,0,0,0,0,NA,34.596,-80.324,"An upper disturbance and surface boundary, combined with strong atmospheric instability and moderate deep layer shear, to produce severe thunderstorms that caused some wind damage over the NE Midlands of SC in the late afternoon and early evening.",A tree was downed on a power line at Sandy Run Creek Rd and Angelus Rd. Time estimated.
SOUTH CAROLINA,45,2024,Thunderstorm Wind,0,0,0,0,NA,34.512,-79.922,"An upper disturbance and surface boundary, combined with strong atmospheric instability and moderate deep layer shear, to produce severe thunderstorms that caused some wind damage over the NE Midlands of SC in the late afternoon and early evening.",A tree was downed on a power line at Patrick Society Hill Rd and Ronnie Byrd Rd.  Time estimated.
SOUTH CAROLINA,45,2024,Thunderstorm Wind,0,0,0,0,NA,34.22,-80.25,"An upper disturbance and surface boundary, combined with strong atmospheric instability and moderate deep layer shear, to produce severe thunderstorms that caused some wind damage over the NE Midlands of SC in the late afternoon and early evening.","A tree was downed, taking down a power line, at Law St and S Heyward St in Bishopville. | Time estimated."
SOUTH CAROLINA,45,2024,Thunderstorm Wind,0,0,0,0,NA,34.33,-80.21,"An upper disturbance and surface boundary, combined with strong atmospheric instability and moderate deep layer shear, to produce severe thunderstorms that caused some wind damage over the NE Midlands of SC in the late afternoon and early evening.",A tree was downed on Hill Rd between Anderson Hill Rd and Ashland Stokes Bridge Rd.  Time estimated.
SOUTH CAROLINA,45,2024,Thunderstorm Wind,0,0,0,0,NA,34.6954,-79.8901,"An upper disturbance and surface boundary, combined with strong atmospheric instability and moderate deep layer shear, to produce severe thunderstorms that caused some wind damage over the NE Midlands of SC in the late afternoon and early evening.",A tree was downed on a power line at Little St and Huger St in Cheraw.  Time estimated.
SOUTH CAROLINA,45,2024,Thunderstorm Wind,0,0,0,0,NA,34.699,-79.8955,"An upper disturbance and surface boundary, combined with strong atmospheric instability and moderate deep layer shear, to produce severe thunderstorms that caused some wind damage over the NE Midlands of SC in the late afternoon and early evening.",A tree was downed on a house on High St in Cheraw.  Time estimated.
SOUTH CAROLINA,45,2024,Hail,0,0,0,0,NA,34.932,-83.016,"A couple of waves of strong to severe thunderstorms moved into upstate South Carolina  from north Georgia and western North Carolina...one during the afternoon and evening of the 8th, and another during the early morning of the 9th. Scattered severe storms produced large hail and isolated swaths of damaging winds over the Upstate and the eastern Piedmont.",A CoCoRaHS observer reported nickel size hail on N Little River Rd.
SOUTH CAROLINA,45,2024,Hail,0,0,0,0,NA,34.91,-82.85,"A couple of waves of strong to severe thunderstorms moved into upstate South Carolina  from north Georgia and western North Carolina...one during the afternoon and evening of the 8th, and another during the early morning of the 9th. Scattered severe storms produced large hail and isolated swaths of damaging winds over the Upstate and the eastern Piedmont.",A CoCoRaHS observer and the public reported quarter to half dollar size hail across western Pickens County.
SOUTH CAROLINA,45,2024,Thunderstorm Wind,0,0,0,0,NA,32.57,-80.27,"A strong line of thunderstorms developed ahead of a strong cold front and moved through southeast South Carolina in the afternoon and early evening hours. The strong line of storms produced damaging wind gusts, resulting in numerous trees down all the way to the coast.",South Carolina Highway Patrol reported a tree down on Indigo Hill Road.
SOUTH CAROLINA,45,2024,Thunderstorm Wind,0,0,0,0,NA,32.6415,-79.9676,"A strong line of thunderstorms developed ahead of a strong cold front and moved through southeast South Carolina in the afternoon and early evening hours. The strong line of storms produced damaging wind gusts, resulting in numerous trees down all the way to the coast.",The Weatherflow site located at the Folly Beach County Park measured a 66.6 mph (57.9 knots) wind gust.
SOUTH CAROLINA,45,2024,Thunderstorm Wind,0,0,0,0,NA,32.91,-80.94,"A strong line of thunderstorms developed ahead of a strong cold front and moved through southeast South Carolina in the afternoon and early evening hours. The strong line of storms produced damaging wind gusts, resulting in numerous trees down all the way to the coast.",Colleton County Emergency Management reported a tree down on Ashton Road.
SOUTH CAROLINA,45,2024,Thunderstorm Wind,0,0,0,0,NA,32.7732,-79.9055,"A strong line of thunderstorms developed ahead of a strong cold front and moved through southeast South Carolina in the afternoon and early evening hours. The strong line of storms produced damaging wind gusts, resulting in numerous trees down all the way to the coast.",The Weatherflow site at Shutes Folly in Charleston Harbor measured a peak wind gust of 67 mph (58.2 knots).
SOUTH CAROLINA,45,2024,Flash Flood,0,0,0,0,0.00K,34.37,-81.08,"A cluster of thunderstorms developed along a weakening frontal boundary in the Upstate. The storms held together into the central Midlands, causing flash flooding in the north central Midlands.",Fairfield County Dispatch reported flash flooding causing cars to stall at the intersection of Old Camden Rd and Columbia Rd.
SOUTH CAROLINA,45,2024,Thunderstorm Wind,0,0,0,0,0.00K,33.6603,-80.7416,"A surface trough moved through the Southeast, sparking scattered thunderstorms across the Midlands and CSRA. Some of these thunderstorms produced damaging winds and hail (mostly sub-severe).","SC Dept of Transportation reported individual trees down at the following locations: intersection of Bridge St and Sikes Rd (power line down also), intersection of Hemlock Rd and Colonel Thompson Hwy (Hwy 601), and near the intersection of Stiffmire Rd and Old Number Six Hwy."
SOUTH CAROLINA,45,2024,Thunderstorm Wind,0,0,0,0,NA,33.1,-80.59,"A strong line of thunderstorms developed ahead of a strong cold front and moved through southeast South Carolina in the afternoon and early evening hours. The strong line of storms produced damaging wind gusts, resulting in numerous trees down all the way to the coast.",Dorchester County Emergency Management reported a tree down along the 3300 block of Wire Road.
SOUTH CAROLINA,45,2024,Thunderstorm Wind,0,0,0,0,NA,33.11,-80.56,"A strong line of thunderstorms developed ahead of a strong cold front and moved through southeast South Carolina in the afternoon and early evening hours. The strong line of storms produced damaging wind gusts, resulting in numerous trees down all the way to the coast.",Dorchester County Emergency Management reported a tree down near the intersection of Overhill Drive and Old Bell Road.
SOUTH CAROLINA,45,2024,Thunderstorm Wind,0,0,0,0,NA,33.04,-80.53,"A strong line of thunderstorms developed ahead of a strong cold front and moved through southeast South Carolina in the afternoon and early evening hours. The strong line of storms produced damaging wind gusts, resulting in numerous trees down all the way to the coast.",Colleton County Emergency Management reported a tree down on Sidneys Road.
SOUTH CAROLINA,45,2024,Thunderstorm Wind,0,0,0,0,NA,32.94,-80.52,"A strong line of thunderstorms developed ahead of a strong cold front and moved through southeast South Carolina in the afternoon and early evening hours. The strong line of storms produced damaging wind gusts, resulting in numerous trees down all the way to the coast.",Colleton County Emergency Management reported a large tree down on Cottageville Highway near Burr Hill Road.
SOUTH CAROLINA,45,2024,Hail,0,0,0,0,0.00K,33.76,-78.92,Storms fired up near/along a stalled front near the NC/SC border ahead of an upper level trough.,Quarter size hail on Dandelion Lane.
SOUTH CAROLINA,45,2024,Thunderstorm Wind,0,0,0,0,0.00K,34.19,-80.07,Storms fired up near/along a stalled front near the NC/SC border ahead of an upper level trough.,Amateur radio relayed report from Darlington Fire Dept of multiple trees down on Cottonflower Road. Time estimated based on time of report and radar.
SOUTH CAROLINA,45,2024,Thunderstorm Wind,0,0,0,0,NA,33.07,-80.33,"A strong line of thunderstorms developed ahead of a strong cold front and moved through southeast South Carolina in the afternoon and early evening hours. The strong line of storms produced damaging wind gusts, resulting in numerous trees down all the way to the coast.",Dorchester County Emergency Management reported a tree down along Carter Road near the entrance of the Carolina Bay neighborhood.
SOUTH CAROLINA,45,2024,Thunderstorm Wind,0,0,0,0,NA,32.58,-80.29,"A strong line of thunderstorms developed ahead of a strong cold front and moved through southeast South Carolina in the afternoon and early evening hours. The strong line of storms produced damaging wind gusts, resulting in numerous trees down all the way to the coast.",South Carolina Highway Patrol reported a tree down on Cypress Bottom Road.
SOUTH CAROLINA,45,2024,Thunderstorm Wind,0,0,0,0,NA,32.89,-80.88,"A strong line of thunderstorms developed ahead of a strong cold front and moved through southeast South Carolina in the afternoon and early evening hours. The strong line of storms produced damaging wind gusts, resulting in numerous trees down all the way to the coast.",Colleton County Emergency Management reported a tree down near the intersection of Sniders Highway and Forks Road.
SOUTH CAROLINA,45,2024,Thunderstorm Wind,0,0,0,0,NA,32.7,-80.81,"A strong line of thunderstorms developed ahead of a strong cold front and moved through southeast South Carolina in the afternoon and early evening hours. The strong line of storms produced damaging wind gusts, resulting in numerous trees down all the way to the coast.",Colleton County Emergency Management reported a tree down on Public Landing Lane.
SOUTH CAROLINA,45,2024,Thunderstorm Wind,0,0,0,0,NA,32.92,-80.8,"A strong line of thunderstorms developed ahead of a strong cold front and moved through southeast South Carolina in the afternoon and early evening hours. The strong line of storms produced damaging wind gusts, resulting in numerous trees down all the way to the coast.",Colleton County Emergency Management reported a tree down near the intersection of Amelia Lane and Hudson Mill Road.
SOUTH CAROLINA,45,2024,Thunderstorm Wind,0,0,0,0,NA,32.93,-80.75,"A strong line of thunderstorms developed ahead of a strong cold front and moved through southeast South Carolina in the afternoon and early evening hours. The strong line of storms produced damaging wind gusts, resulting in numerous trees down all the way to the coast.",Colleton County Emergency Management reported a power pole and powerlines down on Penny Creek Drive.
SOUTH CAROLINA,45,2024,Hail,0,0,0,0,0.00K,33.34,-79.29,Storms fired up near/along a stalled front near the NC/SC border ahead of an upper level trough.,Quarter to ping pong ball size hail in Maryville relayed by media on social media.
SOUTH CAROLINA,45,2024,Thunderstorm Wind,0,0,0,0,NA,33.09,-80.41,"A strong line of thunderstorms developed ahead of a strong cold front and moved through southeast South Carolina in the afternoon and early evening hours. The strong line of storms produced damaging wind gusts, resulting in numerous trees down all the way to the coast.",Dorchester County Emergency Management reported a tree down in the 1300 block of Zion Road.
SOUTH CAROLINA,45,2024,Thunderstorm Wind,0,0,0,0,NA,33.08,-80.37,"A strong line of thunderstorms developed ahead of a strong cold front and moved through southeast South Carolina in the afternoon and early evening hours. The strong line of storms produced damaging wind gusts, resulting in numerous trees down all the way to the coast.",Dorchester County Emergency Management reported a tree down near the intersection of Horseford Road and Haven Road.
SOUTH CAROLINA,45,2024,Thunderstorm Wind,0,0,0,0,NA,32.95,-80.21,"A strong line of thunderstorms developed ahead of a strong cold front and moved through southeast South Carolina in the afternoon and early evening hours. The strong line of storms produced damaging wind gusts, resulting in numerous trees down all the way to the coast.",Dorchester County Emergency Management reported a tree down along Beech Hill Road and Delemar Highway.
SOUTH CAROLINA,45,2024,Thunderstorm Wind,0,0,0,0,NA,33.21,-80.65,"A strong line of thunderstorms developed ahead of a strong cold front and moved through southeast South Carolina in the afternoon and early evening hours. The strong line of storms produced damaging wind gusts, resulting in numerous trees down all the way to the coast.",Dorchester County Emergency Management reported a tree down near the intersection of Johnston Avenue and Main Street.
SOUTH CAROLINA,45,2024,Thunderstorm Wind,0,0,0,0,0.00K,35.02,-80.97,Scattered thunderstorms developed over western North Carolina during the late afternoon and evening. One of the storms produced brief damaging wind gusts in York County.,Emergency manager reported several trees and power lines blown down in Fort Mill and vicinity.
SOUTH CAROLINA,45,2024,Thunderstorm Wind,0,0,0,0,0.00K,34.52,-82.49,Scattered to numerous thunderstorms developed over upstate South Carolina throughout the afternoon. A few of the storms produced brief severe weather in the form of damaging wind gusts.,County comms reported several trees and power lines blown down across the city of Belton.
SOUTH CAROLINA,45,2024,Thunderstorm Wind,0,0,0,0,NA,34.3846,-81.4144,"A weak surface boundary pushed slowly eastward on July 18. With unstable air ahead of the front, strong thunderstorms became numerous by the afternoon hours. Some of these became severe, with downbursts primarily causing wind damage.",SC Department of Public Safety reported trees down on Highway 34 near the intersection of Broad River Road.
SOUTH CAROLINA,45,2024,Thunderstorm Wind,0,0,0,0,NA,33.9645,-81.1988,"A weak surface boundary pushed slowly eastward on July 18. With unstable air ahead of the front, strong thunderstorms became numerous by the afternoon hours. Some of these became severe, with downbursts primarily causing wind damage.",SC Department of Public Safety reported trees down on Emanuel Church Road near the intersection of Two Notch Road.
SOUTH CAROLINA,45,2024,Thunderstorm Wind,0,0,0,0,NA,33.9681,-80.3891,"A weak surface boundary pushed slowly eastward on July 18. With unstable air ahead of the front, strong thunderstorms became numerous by the afternoon hours. Some of these became severe, with downbursts primarily causing wind damage.",Sumter Fire Department reported a tree fell on a vehicle on Azalea Court.
SOUTH CAROLINA,45,2024,Thunderstorm Wind,0,0,0,0,NA,34.0864,-81.0004,"A weak surface boundary pushed slowly eastward on July 18. With unstable air ahead of the front, strong thunderstorms became numerous by the afternoon hours. Some of these became severe, with downbursts primarily causing wind damage.",Richland County Dispatch reported trees and powerlines down on Torwood Drive.
SOUTH CAROLINA,45,2024,Thunderstorm Wind,0,0,0,0,NA,33.9894,-81.2249,"A weak surface boundary pushed slowly eastward on July 18. With unstable air ahead of the front, strong thunderstorms became numerous by the afternoon hours. Some of these became severe, with downbursts primarily causing wind damage.",NWS Employee reported trees and large limbs down along Coventry Lake Drive from the intersection with Treesdale Court to Widgeon Drive.
SOUTH CAROLINA,45,2024,Flash Flood,0,0,0,0,0.00K,34.1567,-80.8861,A stationary front draped across the forecast area provided a focus for convection through the afternoon and evening hours. Flash flooding was favored with mean atmospheric flow parallel to the surface boundary and high precipitable water values. Isolated severe thunderstorms developed as well causing instances of wind damage where they occurred.,Richland County Law Enforcement reported a flooded roadway and a trapped vehicle at Summit Parkway and Summit Ridge Drive.
SOUTH CAROLINA,45,2024,Flood,0,0,0,0,0.00K,34.1267,-79.8636,Slow moving thunderstorms produced minor flooding.,"The public reported flooding on Twin Church Road near Timmonsville, SC with up to a foot of water on portions of the roadway."
SOUTH CAROLINA,45,2024,Thunderstorm Wind,0,0,0,0,0.00K,33.83,-79.54,Very hot and very muggy conditions allowed two pulse thunderstorms to turn severe in the Pee Dee Region.,Numerous power outages were reported along Lake City Highway by both Duke Energy and Santee Electric Cooperative. Large limbs appear to be the cause based upon calls and social media reports.
SOUTH CAROLINA,45,2024,Thunderstorm Wind,0,0,0,0,0.00K,33.8,-79.55,Very hot and very muggy conditions allowed two pulse thunderstorms to turn severe in the Pee Dee Region.,Highway Patrol reported a tree across the road along Vox Highway.
SOUTH CAROLINA,45,2024,Thunderstorm Wind,0,0,0,0,0.00K,34.62,-79.73,A very marginal pulse severe thunderstorm produced a 60 mph wind gust.,Marlboro County Jetport measured a 60 mph wind gust in a thunderstorm.
SOUTH CAROLINA,45,2024,Thunderstorm Wind,0,0,0,0,0.00K,33.7264,-78.849,A cluster of severe thunderstorms moved up along the SC coast ahead of a cold front that interacted with a warm and extremely humid airmass.,Broadcast media posted to social media pictures of a few trees down.
SOUTH CAROLINA,45,2024,Thunderstorm Wind,0,0,0,0,0.00K,34.55,-82.16,"Scattered thunderstorms developed over upstate South Carolina throughout the afternoon and evening. A few of the storms produced damaging wind gusts, mainly in the evening.",County comms reported a tree blown down and blocking Greenpond Rd near Baynes Creek Rd. A few other trees were blown down in the area.
SOUTH CAROLINA,45,2024,Thunderstorm Wind,0,0,0,0,0.00K,34.754,-81.38,"Scattered thunderstorms developed over upstate South Carolina throughout the afternoon and evening. A few of the storms produced damaging wind gusts, mainly in the evening.",County comms reported several trees blown down between Lockhart and the city of Chester.
SOUTH CAROLINA,45,2024,Hail,0,0,0,0,NA,34.87,-82.96,"Scattered thunderstorms developed over upstate South Carolina throughout the afternoon and evening. A few of the storms produced damaging wind gusts, mainly in the evening.",Spotter reported 3/4 inch hail.
SOUTH CAROLINA,45,2024,Flash Flood,0,0,0,0,0.00K,34.1498,-80.9067,A stationary front draped across the forecast area provided a focus for convection through the afternoon and evening hours. Flash flooding was favored with mean atmospheric flow parallel to the surface boundary and high precipitable water values. Isolated severe thunderstorms developed as well causing instances of wind damage where they occurred.,Richland county dispatch reported roadway flooding on Elders Pond Circle. Report time from corresponding SC Department of Public Safety Log.
SOUTH CAROLINA,45,2024,Flash Flood,0,0,0,0,0.00K,34.0209,-81.0772,A stationary front draped across the forecast area provided a focus for convection through the afternoon and evening hours. Flash flooding was favored with mean atmospheric flow parallel to the surface boundary and high precipitable water values. Isolated severe thunderstorms developed as well causing instances of wind damage where they occurred.,Richland county dispatch reported roadway flooding on Greystone Blvd.
SOUTH CAROLINA,45,2024,Flash Flood,0,0,0,0,0.00K,34.0523,-80.9829,A stationary front draped across the forecast area provided a focus for convection through the afternoon and evening hours. Flash flooding was favored with mean atmospheric flow parallel to the surface boundary and high precipitable water values. Isolated severe thunderstorms developed as well causing instances of wind damage where they occurred.,"Richland county dispatch reported roadway flooding at Two Notch Road and Shakespeare Road, with a stranded vehicle in the flood waters. Water height unknown."
SOUTH CAROLINA,45,2024,Flash Flood,0,0,0,0,0.00K,34.0832,-81.0248,A stationary front draped across the forecast area provided a focus for convection through the afternoon and evening hours. Flash flooding was favored with mean atmospheric flow parallel to the surface boundary and high precipitable water values. Isolated severe thunderstorms developed as well causing instances of wind damage where they occurred.,Richland county dispatch reported roadway flooding on Sharpe Road at the intersection of Fairfield Road.
SOUTH CAROLINA,45,2024,Heavy Rain,0,0,0,0,NA,34.149,-80.9091,A stationary front draped across the forecast area provided a focus for convection through the afternoon and evening hours. Flash flooding was favored with mean atmospheric flow parallel to the surface boundary and high precipitable water values. Isolated severe thunderstorms developed as well causing instances of wind damage where they occurred.,Elders Pond RC WINDS rain gauge measured 6.1 inches of rain. 3.3 inches of rain fell in 65 minutes and 1.63 inches of that rain fell in just 20 minutes.
SOUTH CAROLINA,45,2024,Heavy Rain,0,0,0,0,NA,34.23,-80.88,A stationary front draped across the forecast area provided a focus for convection through the afternoon and evening hours. Flash flooding was favored with mean atmospheric flow parallel to the surface boundary and high precipitable water values. Isolated severe thunderstorms developed as well causing instances of wind damage where they occurred.,Bear Creek RC WINDS rain gauge measured 5.63 inches of rain. 2.5 inches fell in a 45 minute period.
SOUTH CAROLINA,45,2024,Thunderstorm Wind,0,0,0,0,NA,33.8299,-80.3919,A stationary front draped across the forecast area provided a focus for convection through the afternoon and evening hours. Flash flooding was favored with mean atmospheric flow parallel to the surface boundary and high precipitable water values. Isolated severe thunderstorms developed as well causing instances of wind damage where they occurred.,Sumter county dispatch reported trees down on Bethel Church Road near the intersection of Lloyd Drive.
SOUTH CAROLINA,45,2024,Flash Flood,0,0,0,0,0.00K,34.1051,-81.0246,"Numerous reports of flash flooding north of Columbia due to training thunderstorms with extremely high rain rates. Moderate instability, weak but parallel mid-level flow to the low level moisture convergence axis, and precipitable water values over 2.1 inches caused several hours with 2-3 inch per hour rain fall rates. Several locations exceeded 3 inch per hour rates and totals exceeded 5 inches locally.",Columbia Fire Department responded to a flooded vehicle on Wessinger Road. Crane Creek had overflowed its banks with 4 to 5 feet of water running over the road.
SOUTH CAROLINA,45,2024,Flash Flood,0,0,0,0,0.00K,34.0845,-81.0214,"Numerous reports of flash flooding north of Columbia due to training thunderstorms with extremely high rain rates. Moderate instability, weak but parallel mid-level flow to the low level moisture convergence axis, and precipitable water values over 2.1 inches caused several hours with 2-3 inch per hour rain fall rates. Several locations exceeded 3 inch per hour rates and totals exceeded 5 inches locally.",SC Department of Public Safety reported roadway flooding due to Crane Creek overflow on Sharpe Road.
SOUTH CAROLINA,45,2024,Flash Flood,0,0,0,0,0.00K,34.0648,-81.049,"Numerous reports of flash flooding north of Columbia due to training thunderstorms with extremely high rain rates. Moderate instability, weak but parallel mid-level flow to the low level moisture convergence axis, and precipitable water values over 2.1 inches caused several hours with 2-3 inch per hour rain fall rates. Several locations exceeded 3 inch per hour rates and totals exceeded 5 inches locally.",SC Department of Public Safety reported roadway flooding due to Crane Creek overflow on Monticello Road.
SOUTH CAROLINA,45,2024,Thunderstorm Wind,0,0,0,0,NA,34.17,-80.91,"Classic summertime pattern favored the development of strong storms, with one such storm becoming severe. This caused a downburst and resulted in wind damage in Richland County. Strong moisture convergence and high precipitable water several hours later caused training thunderstorms over downtown Columbia leading to flash flooding.",Social media report with photos showing multiple downed large trees and broken fencing in a residential neighborhood.
SOUTH CAROLINA,45,2024,Flash Flood,0,0,0,0,0.00K,33.9884,-81.0265,"Classic summertime pattern favored the development of strong storms, with one such storm becoming severe. This caused a downburst and resulted in wind damage in Richland County. Strong moisture convergence and high precipitable water several hours later caused training thunderstorms over downtown Columbia leading to flash flooding.","USGS camera at the intersection of Whaley and Main streets showed a car trapped and partially submerged in flood waters on Whaley Street with rescue ongoing at 1:29 am local. The gage reached the flood stage of 7.2 feet near 12:57 am local and crested at 10.76 feet at 1:27 am local. The stream returned within its banks around 155 am local. Survey of the area this morning shows flooding occurred in Maxcy Gregg Park, the parking area at Sumter and Catawba Streets and also the parking lot along Main Street just NNW of the intersection of Whaley Street and Main Street."
SOUTH CAROLINA,45,2024,Flash Flood,0,0,0,0,0.00K,33.9878,-81.0282,"Northwesterly flow set up across the Carolinas in late July, with several shortwaves pushing over the Appalachians and forcing widespread convection. With significant instability in place on the afternoon of July 30, several strong to severe thunderstorms developed across central SC and east central GA. These resulted in hail and wind damage reports, as well as some isolated flash flooding.","Rocky branch USGS gauge rose above flood stage of 7.2 ft at 00:36 EST. Gauge crested at 7.82 ft with adjacent camera showing significant street flooding on Whaley Street, before falling below flood stage at 01:56 EST."
SOUTH CAROLINA,45,2024,Heavy Rain,0,0,0,0,NA,34.1526,-81.1994,"Northwesterly flow set up across the Carolinas in late July, with several shortwaves pushing over the Appalachians and forcing widespread convection. With significant instability in place on the afternoon of July 30, several strong to severe thunderstorms developed across central SC and east central GA. These resulted in hail and wind damage reports, as well as some isolated flash flooding.",RC WINDS rain gauge at Dutch Fork High School recorded 2.2 inches of rain in the previous hour.
SOUTH CAROLINA,45,2024,Thunderstorm Wind,0,0,0,0,2.00K,34.1809,-81.6323,"A stalled boundary across central South Carolina, combined with extremely high precipitable water values lead to a series of training thunderstorms and flash flooding. Skinny instability and unidirectional flow aloft caused the line of storms to move parallel to the boundary with widespread 2-3 inch per hour rates for several hours in the central Midlands. Saturated soils and some sub-severe gusty outflow winds knocked several trees down in Newberry county.",Newberry county official reported a downed tree on Deadfall Road and Highway 395 with a resulting car accident. No injuries reported.
SOUTH CAROLINA,45,2024,Hail,0,0,0,0,0.00K,33.92,-79.74,Storms fired up near/along a stalled front near the NC/SC border ahead of an upper level trough.,Nickel to quarter size hail relayed by media.  Test.
SOUTH CAROLINA,45,2024,Thunderstorm Wind,0,0,0,0,NA,33.4356,-81.7808,"Northwesterly flow set up across the Carolinas in late July, with several shortwaves pushing over the Appalachians and forcing widespread convection. With significant instability in place on the afternoon of July 30, several strong to severe thunderstorms developed across central SC and east central GA. These resulted in hail and wind damage reports, as well as some isolated flash flooding.",SC Department of Public Safety reported a tree in the roadway at the intersection of Storm Branch Road and Silver Bluff Road.
SOUTH CAROLINA,45,2024,Thunderstorm Wind,0,0,0,0,NA,33.3866,-81.7732,"Northwesterly flow set up across the Carolinas in late July, with several shortwaves pushing over the Appalachians and forcing widespread convection. With significant instability in place on the afternoon of July 30, several strong to severe thunderstorms developed across central SC and east central GA. These resulted in hail and wind damage reports, as well as some isolated flash flooding.","SC Department of Public Safety reported a tree in roadway at the intersection of Green Pond, Road, Desoto Drive, and Dragstrip Road."
SOUTH CAROLINA,45,2024,Thunderstorm Wind,0,0,0,0,NA,33.3587,-80.8971,"Northwesterly flow set up across the Carolinas in late July, with several shortwaves pushing over the Appalachians and forcing widespread convection. With significant instability in place on the afternoon of July 30, several strong to severe thunderstorms developed across central SC and east central GA. These resulted in hail and wind damage reports, as well as some isolated flash flooding.",SC Department of Public Safety reported a tree down in roadway on Cannon Bridge Road.
SOUTH CAROLINA,45,2024,Thunderstorm Wind,0,0,0,0,10.00K,33.4876,-80.867,"Northwesterly flow set up across the Carolinas in late July, with several shortwaves pushing over the Appalachians and forcing widespread convection. With significant instability in place on the afternoon of July 30, several strong to severe thunderstorms developed across central SC and east central GA. These resulted in hail and wind damage reports, as well as some isolated flash flooding.",Orangeburg County EM reported numerous buildings damaged along a path beginning at the intersection of Russell St and Broughton St to Whaley St and Crystal St and ending on Woodbine Drive where there is a large tree on a house. NWS survey team confirmed a microburst occurred in downtown Orangeburg with estimated wind speeds up to 70 mph.
SOUTH CAROLINA,45,2024,Thunderstorm Wind,0,0,0,0,NA,34.27,-81.6,"Northwesterly flow set up across the Carolinas in late July, with several shortwaves pushing over the Appalachians and forcing widespread convection. With significant instability in place on the afternoon of July 30, several strong to severe thunderstorms developed across central SC and east central GA. These resulted in hail and wind damage reports, as well as some isolated flash flooding.",Newberry dispatch reported a tree fell on a house in Newberry. No injuries reported.
SOUTH CAROLINA,45,2024,Thunderstorm Wind,0,0,0,0,NA,34.0127,-81.5389,"Northwesterly flow set up across the Carolinas in late July, with several shortwaves pushing over the Appalachians and forcing widespread convection. With significant instability in place on the afternoon of July 30, several strong to severe thunderstorms developed across central SC and east central GA. These resulted in hail and wind damage reports, as well as some isolated flash flooding.",Saluda county emergency management reported several damaged large chicken sheds with partially torn off tin rooves. Numerous trees also down on the property.
SOUTH CAROLINA,45,2024,Thunderstorm Wind,0,0,0,0,NA,33.3305,-81.7876,"Northwesterly flow set up across the Carolinas in late July, with several shortwaves pushing over the Appalachians and forcing widespread convection. With significant instability in place on the afternoon of July 30, several strong to severe thunderstorms developed across central SC and east central GA. These resulted in hail and wind damage reports, as well as some isolated flash flooding.",Jackson Police reported multiple trees and powerlines down in the town of Jackson along with hail of unknown size.
SOUTH CAROLINA,45,2024,Thunderstorm Wind,0,0,0,0,NA,33.3624,-80.8962,"Northwesterly flow set up across the Carolinas in late July, with several shortwaves pushing over the Appalachians and forcing widespread convection. With significant instability in place on the afternoon of July 30, several strong to severe thunderstorms developed across central SC and east central GA. These resulted in hail and wind damage reports, as well as some isolated flash flooding.",Firefighter and trained spotter with Orangeburg County reported a tree down at the intersection of Cannon Bridge Road and Dry Swamp Road.
SOUTH CAROLINA,45,2024,Hail,0,0,0,0,NA,33.4,-81.87,"Northwesterly flow set up across the Carolinas in late July, with several shortwaves pushing over the Appalachians and forcing widespread convection. With significant instability in place on the afternoon of July 30, several strong to severe thunderstorms developed across central SC and east central GA. These resulted in hail and wind damage reports, as well as some isolated flash flooding.",Received an email with a picture of roughly Quarter Sized Hail at this location at 7:20pm.
SOUTH CAROLINA,45,2024,Thunderstorm Wind,0,0,0,0,0.00K,32.71,-80.57,Scattered thunderstorms developed in the early afternoon hours within a typical summertime environment. A few of these storms became strong enough to produce damaging wind gusts.,Colleton County dispatch reported two trees down along Bennett's Point Road. One tree was down near Wood Duck Lane and the other was down near Octavia Lane.
SOUTH CAROLINA,45,2024,Hail,0,0,0,0,NA,33.41,-81.84,"Northwesterly flow set up across the Carolinas in late July, with several shortwaves pushing over the Appalachians and forcing widespread convection. With significant instability in place on the afternoon of July 30, several strong to severe thunderstorms developed across central SC and east central GA. These resulted in hail and wind damage reports, as well as some isolated flash flooding.",Trained spotter called in a report of Quarter Sized hail covering his yard. He mentioned hail began as Pea Sized around 7pm local and increased to Quarter Sized around 7:30pm local. The storm was accompanied by gusty winds and heavy rain. He is not aware of any damage at this time.
SOUTH CAROLINA,45,2024,Flash Flood,0,0,0,0,0.00K,34.2094,-81.5297,"The highly favorable flash flooding environment continued for another day on 7-25 with high precipitable water over 2.25 inches, parallel deep layer shear to the low level moisture convergence boundary, and moderate instability aloft. High rainfall rates exceeding 2 inches per hour and a series of training thunderstorms caused localized flash flood in the greater Newberry area.",Newberry County EM reported secondary road closures in the town of Prosperity due to flash flooding.
SOUTH CAROLINA,45,2024,Flash Flood,0,0,0,0,0.00K,34.2598,-81.4102,"The highly favorable flash flooding environment continued for another day on 7-25 with high precipitable water over 2.25 inches, parallel deep layer shear to the low level moisture convergence boundary, and moderate instability aloft. High rainfall rates exceeding 2 inches per hour and a series of training thunderstorms caused localized flash flood in the greater Newberry area.",Newberry County EM reported US-176 closed due to Flash Flooding.
SOUTH CAROLINA,45,2024,Hail,0,0,0,0,0.00K,34.37,-80.08,"Abundant instability and shear late afternoon after morning clouds cleared out led to scattered storms, some super cellular, across the area (particularly inland) beginning at 3 PM. Several rounds of storms before the final line along the cold front make its way across between 8 PM and 10 PM.",Estimated half dollar size hail reported in Hartsville. Time estimated from radar.
SOUTH CAROLINA,45,2024,Hail,0,0,0,0,0.00K,34.34,-79.76,"Abundant instability and shear late afternoon after morning clouds cleared out led to scattered storms, some super cellular, across the area (particularly inland) beginning at 3 PM. Several rounds of storms before the final line along the cold front make its way across between 8 PM and 10 PM.",Picture of hail stones larger than a quarter in Mechanicsville submitted via social media. Time estimated via radar.
SOUTH CAROLINA,45,2024,Hail,0,0,0,0,0.00K,34.27,-79.89,"Abundant instability and shear late afternoon after morning clouds cleared out led to scattered storms, some super cellular, across the area (particularly inland) beginning at 3 PM. Several rounds of storms before the final line along the cold front make its way across between 8 PM and 10 PM.",Pictures of quarter sized hail reported via social media along Timmonsville Highway. Time estimated via radar. .
SOUTH CAROLINA,45,2024,Hail,0,0,0,0,0.00K,33.86,-78.81,Storms fired up near/along a stalled front near the NC/SC border ahead of an upper level trough.,Quarter size hail reported via social media just off Highway 22 and Highway 90 near Wendy's restaurant and Speedway gas station.
SOUTH CAROLINA,45,2024,Hail,0,0,0,0,0.00K,33.85,-79.89,Storms fired up near/along a stalled front near the NC/SC border ahead of an upper level trough.,Media relayed report via social media of golf ball size hail in the Barrineau community around 515 pm.
SOUTH CAROLINA,45,2024,Hail,0,0,0,0,0.00K,33.87,-79.75,Storms fired up near/along a stalled front near the NC/SC border ahead of an upper level trough.,Quarter to ping pong size hail in Lake City and Barrineau relayed by media. Time estimated by radar. .
SOUTH CAROLINA,45,2024,Thunderstorm Wind,0,0,0,0,0.00K,34.258,-81.8,"A weak frontal boundary triggered generally slow-moving, pulse thunderstorms, one of which produced severe winds.",Newberry County dispatch reported a tree down on Sandy Run Creek Rd. No cross street given. Time estimated by radar.
SOUTH CAROLINA,45,2024,Flash Flood,0,0,0,0,0.00K,34.73,-80.78,"A cluster of thunderstorms developed along a weakening frontal boundary in the Upstate. The storms held together into the central Midlands, causing flash flooding in the north central Midlands.",Trained spotter in Lancaster reported flash flooding at N Main St and Woodland Dr covering the road up to the tires on cars.
SOUTH CAROLINA,45,2024,Hail,0,0,0,0,0.00K,34.29,-80.11,Steep lapse rates aloft and the warmest temperatures of the year helped develop strong instability with SBCAPE 2500-3000 J/kg and LIs down to -8. Thunderstorms developed in associated with a shortwave moving over the southern Appalachians early in the afternoon. These storms raced eastward and were joined by new convection developing across the coastal plain in the late afternoon. Multicellular convection dominated with transient super cellular characteristics noted due to 0-6 km shear up to 40kt. Large hail and damaging winds resulted.,Darlington County Agricultural Extension Services reported a corn field was damaged by quarter sized hail near the intersection of Highway 15 and Indian Branch Road.
SOUTH CAROLINA,45,2024,Thunderstorm Wind,0,0,0,0,0.00K,34.14,-79.77,Steep lapse rates aloft and the warmest temperatures of the year helped develop strong instability with SBCAPE 2500-3000 J/kg and LIs down to -8. Thunderstorms developed in associated with a shortwave moving over the southern Appalachians early in the afternoon. These storms raced eastward and were joined by new convection developing across the coastal plain in the late afternoon. Multicellular convection dominated with transient super cellular characteristics noted due to 0-6 km shear up to 40kt. Large hail and damaging winds resulted.,Multiple trees down along Freedom Boulevard in south Florence.
SOUTH CAROLINA,45,2024,Hail,0,0,0,0,0.00K,34.63,-79.69,"Abundant instability and shear late afternoon after morning clouds cleared out led to scattered storms, some super cellular, across the area (particularly inland) beginning at 3 PM. Several rounds of storms before the final line along the cold front make its way across between 8 PM and 10 PM.",Quarter-sized hail fell in Bennettsville. Photo evidence tweeted by broadcast media. Event time estimated by radar.
SOUTH CAROLINA,45,2024,Thunderstorm Wind,0,0,0,0,0.00K,33.6767,-80.9306,"A weak shortwave moved across the Southeast, triggering scattered showers and thunderstorms. A few of the storms produced damaging wind gusts in the CSRA and Midlands.",SCDPS website reported a tree down near the intersection of Bull Swamp Rd and Fringetree Rd. The tree was across the road and was struck by a vehicle. Injuries unknown at this time.
SOUTH CAROLINA,45,2024,Thunderstorm Wind,0,0,0,0,0.00K,33.9281,-80.8464,"A weak shortwave moved across the Southeast, triggering scattered showers and thunderstorms. A few of the storms produced damaging wind gusts in the CSRA and Midlands.","SCDPS website reported trees down at the following locations: one in the roadway at the intersection of Air Base Rd and Crosshill Rd, and one tree in the roadway at the intersection of Horrell Gill Rd and Saddlemount Dr."
SOUTH CAROLINA,45,2024,Thunderstorm Wind,0,0,0,0,0.00K,34.93,-82.93,Scattered thunderstorms and storm clusters moved across portions of upstate South Carolina during the afternoon. One of the storms produced brief severe weather in the form of damaging wind gusts in the Lake Keowee area.,Utility company reported trees and large limbs blown down on power lines on the western shores of Lake Keowee north of Highway 11.
SOUTH CAROLINA,45,2024,Thunderstorm Wind,0,0,0,0,0.00K,34.95,-82.9,Scattered thunderstorms and storm clusters moved across portions of upstate South Carolina during the afternoon. One of the storms produced brief severe weather in the form of damaging wind gusts in the Lake Keowee area.,Utility company reported trees and large limbs blown down on power lines on the eastern shores of Lake Keowee north of Highway 11.
SOUTH CAROLINA,45,2024,Thunderstorm Wind,0,0,0,0,0.00K,34.0616,-80.7034,"A weak shortwave moved across the Southeast, triggering scattered showers and thunderstorms. A few of the storms produced damaging wind gusts in the CSRA and Midlands.",SCDPS website reported tree down in roadway at the intersection of McCords Ferry Rd (Hwy 601) and Screaming Eagle Rd.
SOUTH CAROLINA,45,2024,Thunderstorm Wind,0,0,0,0,0.00K,33.8744,-80.8965,"A weak shortwave moved across the Southeast, triggering scattered showers and thunderstorms. A few of the storms produced damaging wind gusts in the CSRA and Midlands.",SCDPS website reported tree down in roadway at the intersection of Bluff Rd and Lower Richland Blvd.
SOUTH CAROLINA,45,2024,Thunderstorm Wind,0,0,0,0,0.00K,33.83,-80.99,"A weak shortwave moved across the Southeast, triggering scattered showers and thunderstorms. A few of the storms produced damaging wind gusts in the CSRA and Midlands.",Calhoun County Dispatch reported that Old State Rd had to be closed due to power lines down in the roadway.
SOUTH CAROLINA,45,2024,Thunderstorm Wind,0,0,0,0,0.00K,34,-80.5,"A weak shortwave moved across the Southeast, triggering scattered showers and thunderstorms. A few of the storms produced damaging wind gusts in the CSRA and Midlands.",Broadcast meteorologist passed along a public report of uprooted tree in Oakland.
SOUTH CAROLINA,45,2024,Thunderstorm Wind,0,0,0,0,0.00K,33.89,-80.3,"A weak shortwave moved across the Southeast, triggering scattered showers and thunderstorms. A few of the storms produced damaging wind gusts in the CSRA and Midlands.",Dispatch from 911 Call Center reports a powerline down along Craig Rd in Sumter.
SOUTH CAROLINA,45,2024,Thunderstorm Wind,0,0,0,0,0.00K,33.65,-80.75,"A weak shortwave moved across the Southeast, triggering scattered showers and thunderstorms. A few of the storms produced damaging wind gusts in the CSRA and Midlands.",Calhoun County Emergency Manager reported multiple trees down near the town of St Matthews.
SOUTH CAROLINA,45,2024,Thunderstorm Wind,0,0,0,0,0.00K,34.98,-82.12,Scattered thunderstorms moved into upstate South Carolina during the evening. One of the storms produced brief damaging wind gusts in Spartanburg County.,"Ham radio operator reported two trees blown down across Highway 292, blocking both lanes of traffic, with power lines also blown down across the road close to this location."
SOUTH CAROLINA,45,2024,Thunderstorm Wind,0,0,0,0,0.00K,34.881,-82.45,Scattered thunderstorms and storm clusters developed over upstate South Carolina during the evening. One of the storms produced brief damaging wind gusts in Greenville County.,Media reported a tree blown down on power lines on Cedar Lane Rd. Public reported another tree down on Old Buncombe Rd.
SOUTH CAROLINA,45,2024,Thunderstorm Wind,0,0,0,0,0.00K,34.5831,-79.8819,"A surface trough moved through the Southeast, sparking scattered thunderstorms across the Midlands and CSRA. Some of these thunderstorms produced damaging winds and hail (mostly sub-severe).",Reported a tree down near the intersection of Hwy 52 and Bethel Church Rd at the cemetery. They also reported several limbs down along with dime size hail.
SOUTH CAROLINA,45,2024,Hail,0,0,0,0,0.00K,34.6183,-79.8766,"A surface trough moved through the Southeast, sparking scattered thunderstorms across the Midlands and CSRA. Some of these thunderstorms produced damaging winds and hail (mostly sub-severe).","Broadcast media received a report of large hail in the Cash community, just south of Cheraw."
SOUTH CAROLINA,45,2024,Thunderstorm Wind,0,0,0,0,0.00K,33.9969,-81.4176,"A surface trough moved through the Southeast, sparking scattered thunderstorms across the Midlands and CSRA. Some of these thunderstorms produced damaging winds and hail (mostly sub-severe).","Trained Spotter reported (with pictures) multiple trees uprooted and knocked down, and power poles broken at the intersection of Priceville Rd and Windmill Rd north of Gilbert. SC Highway Patrol also reported tree down in roadway at Windmill Rd and Lewie Rd."
SOUTH CAROLINA,45,2024,Flash Flood,0,0,0,0,0.00K,33.9883,-81.0266,"A stalled boundary across central South Carolina, combined with extremely high precipitable water values lead to a series of training thunderstorms and flash flooding. Skinny instability and unidirectional flow aloft caused the line of storms to move parallel to the boundary with widespread 2-3 inch per hour rates for several hours in the central Midlands. Saturated soils and some sub-severe gusty outflow winds knocked several trees down in Newberry county.",Rocky Branch Creek exceeded flood stage of 7.2 feet at 5:48 pm local. Rocky Branch Creek flooded the Main and Waley intersection and crested at 9.33 feet at 6:11 pm local and fell below flood stage at 6:37 pm local.
SOUTH CAROLINA,45,2024,Flash Flood,0,0,0,0,0.00K,33.9808,-81.108,"A stalled boundary across central South Carolina, combined with extremely high precipitable water values lead to a series of training thunderstorms and flash flooding. Skinny instability and unidirectional flow aloft caused the line of storms to move parallel to the boundary with widespread 2-3 inch per hour rates for several hours in the central Midlands. Saturated soils and some sub-severe gusty outflow winds knocked several trees down in Newberry county.",SC Highway Patrol reported roadway washout near the Augusta Highway and I-26 interchange.
SOUTH CAROLINA,45,2024,Thunderstorm Wind,0,0,0,0,0.00K,34.603,-82.113,Scattered to numerous thunderstorms developed over upstate South Carolina throughout the afternoon. A few of the storms produced brief severe weather in the form of damaging wind gusts.,"County comms and spotter reported at least nine trees and several power lines blown down across the Gray Court area, including two large trees down on Georgia Rd."
SOUTH CAROLINA,45,2024,Thunderstorm Wind,0,0,0,0,0.00K,34.731,-81.612,Scattered to numerous thunderstorms developed over upstate South Carolina throughout the afternoon. A few of the storms produced brief severe weather in the form of damaging wind gusts.,County comms reported several trees and power lines blown down along Lakeside Dr.
SOUTH CAROLINA,45,2024,Thunderstorm Wind,0,0,0,0,0.00K,34.26,-82.56,Scattered to numerous thunderstorms developed over upstate South Carolina throughout the afternoon. A few of the storms produced brief severe weather in the form of damaging wind gusts.,County comms reported several trees and power lines blown down along Highway 284.
SOUTH CAROLINA,45,2024,Thunderstorm Wind,0,0,0,0,0.00K,35.03,-81.179,Scattered to numerous thunderstorms developed over upstate South Carolina throughout the afternoon. A few of the storms produced brief severe weather in the form of damaging wind gusts.,County comms reported a tree blown down across Highway 49 and multiple trees down along Mount Gallant Rd.
SOUTH CAROLINA,45,2024,Thunderstorm Wind,0,0,0,0,0.00K,34.0692,-81.2202,"A surface trough moved through the Southeast, sparking scattered thunderstorms across the Midlands and CSRA. Some of these thunderstorms produced damaging winds and hail (mostly sub-severe).",Photo report from public of medium sized tree down near the Lake Murray Dam.
SOUTH CAROLINA,45,2024,Thunderstorm Wind,0,0,0,0,0.00K,34.0068,-81.3112,"A surface trough moved through the Southeast, sparking scattered thunderstorms across the Midlands and CSRA. Some of these thunderstorms produced damaging winds and hail (mostly sub-severe).",SC Highway Patrol reported trees down in roadway along Beechwood Dr.
SOUTH CAROLINA,45,2024,Thunderstorm Wind,0,0,0,0,0.00K,33.9451,-81.1687,"A surface trough moved through the Southeast, sparking scattered thunderstorms across the Midlands and CSRA. Some of these thunderstorms produced damaging winds and hail (mostly sub-severe).",NWS Employee reported tree down near the intersection of Old Barnwell Rd and Emmanuel Church Rd.
SOUTH CAROLINA,45,2024,Thunderstorm Wind,0,0,0,0,0.00K,34.2052,-81.0143,"A surface trough moved through the Southeast, sparking scattered thunderstorms across the Midlands and CSRA. Some of these thunderstorms produced damaging winds and hail (mostly sub-severe).",SC Highway Patrol reported a tree down along Loner Rd near Blythewood.
SOUTH CAROLINA,45,2024,Thunderstorm Wind,0,0,0,0,0.00K,33.5275,-81.9269,"A surface trough moved through the Southeast, sparking scattered thunderstorms across the Midlands and CSRA. Some of these thunderstorms produced damaging winds and hail (mostly sub-severe).",SC Highway Patrol reported a tree down blocking roadway at Belvedere-Clearwater Rd and Irene St. The Aiken County Dispatch also reported that a large tree fell on a building in the 300 block of Edgefield Rd in North Augusta.
SOUTH CAROLINA,45,2024,Thunderstorm Wind,0,0,0,0,14.00K,34.2023,-81.3679,"A stalled boundary across central South Carolina, combined with extremely high precipitable water values lead to a series of training thunderstorms and flash flooding. Skinny instability and unidirectional flow aloft caused the line of storms to move parallel to the boundary with widespread 2-3 inch per hour rates for several hours in the central Midlands. Saturated soils and some sub-severe gusty outflow winds knocked several trees down in Newberry county.",Newberry County Emergency Management reported a tree had fallen across I-26 westbound at mile marker 88. Seven cars were then involved in accident after hitting the tree with all lanes blocked.
SOUTH CAROLINA,45,2024,Flash Flood,0,0,0,0,0.00K,34.23,-79.83,"Back-building thunderstorms trained over a small area led to localized flooding in Florence County, SC.",Street flooding observed in the vicinity of the intersection of Summergate Drive and Pisgah Street.
SOUTH CAROLINA,45,2024,Thunderstorm Wind,0,0,0,0,0.00K,33.88,-79.05,Hot and humid atmosphere allowed for the development of storms along a trough positioned inland. Storms flourished and progressed with outflow boundaries and convergence along the sea breeze. There were some reports of downed limbs and trees. Additional reports of mostly pea sized hail and sub-severe winds were also received.,"Multiple large limbs were reported down near the Homewood, SC area. Some were making contact with electrical wires. Horry County Electric Cooperative reports over 200 power outages in the area."
SOUTH CAROLINA,45,2024,Thunderstorm Wind,0,0,0,0,0.00K,33.9,-79.17,Hot and humid atmosphere allowed for the development of storms along a trough positioned inland. Storms flourished and progressed with outflow boundaries and convergence along the sea breeze. There were some reports of downed limbs and trees. Additional reports of mostly pea sized hail and sub-severe winds were also received.,Pictures of a large downed tree were shared on social media.
SOUTH CAROLINA,45,2024,Thunderstorm Wind,0,0,0,0,0.00K,33.73,-79.52,Hot and humid atmosphere allowed for the development of storms along a trough positioned inland. Storms flourished and progressed with outflow boundaries and convergence along the sea breeze. There were some reports of downed limbs and trees. Additional reports of mostly pea sized hail and sub-severe winds were also received.,Trees reported down on Mount Carmel Road.
SOUTH CAROLINA,45,2024,Thunderstorm Wind,0,0,0,0,0.00K,33.38,-79.7,Hot and humid atmosphere allowed for the development of storms along a trough positioned inland. Storms flourished and progressed with outflow boundaries and convergence along the sea breeze. There were some reports of downed limbs and trees. Additional reports of mostly pea sized hail and sub-severe winds were also received.,Downed power lines were reported on Island Road.
SOUTH CAROLINA,45,2024,Thunderstorm Wind,0,0,0,0,NA,34.4217,-81.2975,"Unusually deep trough across the Great Lakes helped create weak shortwaves across the southeastern US during mid-July. With hot surface temperatures in the mid and upper 90s, an unstable atmosphere developed and resulted in scattered strong to severe thunderstorms on the afternoon and evening of July 17. Microbursts were the primary cause of damaging winds.",Fairfield County Dispatch reported trees down on Newberry Road near Salem Crossroads. Time estimated by radar.
SOUTH CAROLINA,45,2024,Thunderstorm Wind,0,0,0,0,NA,34.3725,-80.4461,"Unusually deep trough across the Great Lakes helped create weak shortwaves across the southeastern US during mid-July. With hot surface temperatures in the mid and upper 90s, an unstable atmosphere developed and resulted in scattered strong to severe thunderstorms on the afternoon and evening of July 17. Microbursts were the primary cause of damaging winds.",SC Department of Public Safety reported trees down on Providence Road near Holland Road. Time Estimated.
SOUTH CAROLINA,45,2024,Thunderstorm Wind,0,0,0,0,NA,33.8964,-80.788,"Unusually deep trough across the Great Lakes helped create weak shortwaves across the southeastern US during mid-July. With hot surface temperatures in the mid and upper 90s, an unstable atmosphere developed and resulted in scattered strong to severe thunderstorms on the afternoon and evening of July 17. Microbursts were the primary cause of damaging winds.",SC Department of Public Safety reported trees down on Congaree Road near the intersection of Old Ferry Road. Time estimated by radar.
SOUTH CAROLINA,45,2024,Thunderstorm Wind,0,0,0,0,NA,34.3278,-80.5967,"Unusually deep trough across the Great Lakes helped create weak shortwaves across the southeastern US during mid-July. With hot surface temperatures in the mid and upper 90s, an unstable atmosphere developed and resulted in scattered strong to severe thunderstorms on the afternoon and evening of July 17. Microbursts were the primary cause of damaging winds.",Kershaw County dispatch reported trees down on Lockhart Road near Belton Road. Dispatch also reported several other trees down throughout the county leading to power outages.
SOUTH CAROLINA,45,2024,Thunderstorm Wind,0,0,0,0,NA,33.9428,-80.7721,"Unusually deep trough across the Great Lakes helped create weak shortwaves across the southeastern US during mid-July. With hot surface temperatures in the mid and upper 90s, an unstable atmosphere developed and resulted in scattered strong to severe thunderstorms on the afternoon and evening of July 17. Microbursts were the primary cause of damaging winds.",SC Highway Patrol reported a tree down at Garners Ferry Road and Old Eastover Road.
SOUTH CAROLINA,45,2024,Thunderstorm Wind,0,0,0,0,NA,33.933,-80.9039,"Unusually deep trough across the Great Lakes helped create weak shortwaves across the southeastern US during mid-July. With hot surface temperatures in the mid and upper 90s, an unstable atmosphere developed and resulted in scattered strong to severe thunderstorms on the afternoon and evening of July 17. Microbursts were the primary cause of damaging winds.",SC Department of Public Safety reported a tree down near Montgomery Lane and Old Hopkins Road. Time estimated by radar.
SOUTH CAROLINA,45,2024,Thunderstorm Wind,0,0,0,0,NA,33.8347,-80.4383,"Unusually deep trough across the Great Lakes helped create weak shortwaves across the southeastern US during mid-July. With hot surface temperatures in the mid and upper 90s, an unstable atmosphere developed and resulted in scattered strong to severe thunderstorms on the afternoon and evening of July 17. Microbursts were the primary cause of damaging winds.",SC Department of Public Safety reported trees down on Pinewood Road near Starks Ferry Road. Time estimated by radar.
SOUTH CAROLINA,45,2024,Thunderstorm Wind,0,0,0,0,NA,33.853,-80.4339,"Unusually deep trough across the Great Lakes helped create weak shortwaves across the southeastern US during mid-July. With hot surface temperatures in the mid and upper 90s, an unstable atmosphere developed and resulted in scattered strong to severe thunderstorms on the afternoon and evening of July 17. Microbursts were the primary cause of damaging winds.",SC Department of Public Safety reported trees down on Pinewood Road near South Saint Pauls Church Road. Time estimated by radar.
SOUTH CAROLINA,45,2024,Thunderstorm Wind,0,0,0,0,NA,33.8461,-80.0299,"Unusually deep trough across the Great Lakes helped create weak shortwaves across the southeastern US during mid-July. With hot surface temperatures in the mid and upper 90s, an unstable atmosphere developed and resulted in scattered strong to severe thunderstorms on the afternoon and evening of July 17. Microbursts were the primary cause of damaging winds.",SC Department of Public Safety reported trees down at the intersection of Salem and Old Manning Roads. Time estimated by radar.
SOUTH CAROLINA,45,2024,Thunderstorm Wind,0,0,0,0,0.00K,35.073,-81.663,"Scattered thunderstorms developed over upstate South Carolina throughout the afternoon and evening. A few of the storms produced damaging wind gusts, mainly in the evening.","County comms reported numerous trees and powerlines blown down across the city of Gaffney, with additional trees down in the Blacksburg area."
SOUTH CAROLINA,45,2024,Thunderstorm Wind,0,0,0,0,0.00K,35.074,-82.297,"Scattered thunderstorms developed over upstate South Carolina throughout the afternoon and evening. A few of the storms produced damaging wind gusts, mainly in the evening.",Utility company reported trees blown down on power lines  in the area around Coal Pit Rd.
SOUTH CAROLINA,45,2024,Thunderstorm Wind,0,0,0,0,0.00K,34.78,-82.02,"Scattered thunderstorms developed over upstate South Carolina throughout the afternoon and evening. A few of the storms produced damaging wind gusts, mainly in the evening.",Utility company reported trees blown down on power lines.
SOUTH CAROLINA,45,2024,Thunderstorm Wind,0,0,0,0,NA,33.94,-80.4877,"Isolated storms developed along a weak front that moved through the area. While most of these storms remained below severe limits, one storm did cause tree damage.",Sumter County dispatch reported a tree fell on Panda Rd at Cane Savannah Rd.
SOUTH CAROLINA,45,2024,Thunderstorm Wind,0,0,0,0,NA,33.8569,-80.7258,Scattered thunderstorms developed in a moderate to highly unstable airmass. One of these storms produced damaging wind gusts.,Tri-County Electric Cooperative reported multiple trees fell on power lines between Gadsden and Eastover.
SOUTH CAROLINA,45,2024,Thunderstorm Wind,0,0,0,0,NA,34.2937,-80.6207,A line of thunderstorms developed ahead of a front in the southern Appalachians and produced significant wind damage as it moved into the northern Midlands from the northwest.,Kershaw County dispatch reported multiple trees fell along a line from the northside to eastside of the town of Camden.
SOUTH CAROLINA,45,2024,Thunderstorm Wind,0,0,0,0,0.00K,35.05,-82.17,Scattered thunderstorms developed over upstate South Carolina during the afternoon. A couple of the storms produced brief damaging wind gusts.,Utility company reported trees blown down on power lines.
SOUTH CAROLINA,45,2024,Thunderstorm Wind,0,0,0,0,0.00K,35.014,-81.939,Scattered thunderstorms developed over upstate South Carolina during the afternoon. A couple of the storms produced brief damaging wind gusts.,Utility company reported several trees and power lines blown down on the south side of Boiling Springs near I-85.
SOUTH CAROLINA,45,2024,Thunderstorm Wind,0,0,0,0,0.00K,34.92,-82.67,Scattered thunderstorms developed over upstate South Carolina during the afternoon. A couple of the storms produced brief damaging wind gusts.,Public reported (via Social Media) multiple trees blown down just northeast of Pickens.
SOUTH CAROLINA,45,2024,Thunderstorm Wind,0,0,0,0,NA,34.6238,-80.8024,A line of thunderstorms developed ahead of a front in the southern Appalachians and produced significant wind damage as it moved into the northern Midlands from the northwest.,"SC Hwy Patrol reported several trees down along J B Denton, beginning at the intersection of Major Evans Rd and ending at New Hope Rd."
SOUTH CAROLINA,45,2024,Thunderstorm Wind,0,0,0,0,NA,33.9813,-80.0609,A line of thunderstorms developed ahead of a front in the southern Appalachians and produced significant wind damage as it moved into the northern Midlands from the northwest.,A trained spotter reported a large tree limb from an Oak Tree fell on a property along Trinity Rd at Twomile Rd.
SOUTH CAROLINA,45,2024,Thunderstorm Wind,0,0,0,0,NA,34.331,-80.7021,A line of thunderstorms developed ahead of a front in the southern Appalachians and produced significant wind damage as it moved into the northern Midlands from the northwest.,Kershaw County dispatch reported a tree fell along Tail Race Rd at the Wateree Dam.
SOUTH CAROLINA,45,2024,Thunderstorm Wind,0,0,0,0,150.00K,33.42,-79.13,Some strong thunderstorms developed ahead of an approaching cold front in an environment with minimal instability and even some capping but strong shear was present.,"Several trees were down along with power outages. Brookgreen Gardens reported $150,000 in damages."
SOUTH CAROLINA,45,2024,Thunderstorm Wind,0,0,0,0,0.00K,33.92,-79.74,A lone severe thunderstorm caused damage in Florence County.,A tree was down near the intersection of BallPark Road and High Heel Road (East Main Street).
SOUTH CAROLINA,45,2024,Thunderstorm Wind,0,0,0,0,0.00K,33.92,-79.74,A lone severe thunderstorm caused damage in Florence County.,A tree fell near the intersection of Ballpark and High Heel Roads.
SOUTH CAROLINA,45,2024,Thunderstorm Wind,0,0,0,0,0.00K,34.4335,-80.8681,"Numerous thunderstorms developed in a strongly unstable airmass, enhanced by a robust upper shortwave. Several storms reached severe limits, producing damaging wind gusts.",Lake Wateree State Park Tackle Shop reported 2 trees down within the park.
SOUTH CAROLINA,45,2024,Thunderstorm Wind,0,0,0,0,NA,33.6189,-80.7392,"Numerous thunderstorms developed in a strongly unstable airmass, enhanced by a robust upper shortwave. Several storms reached severe limits, producing damaging wind gusts.",Calhoun County dispatch reported power lines down in a field along Sikes Rd.
SOUTH CAROLINA,45,2024,Thunderstorm Wind,0,0,0,0,NA,33.9753,-81.5737,"Numerous thunderstorms developed in a strongly unstable airmass, enhanced by a robust upper shortwave. Several storms reached severe limits, producing damaging wind gusts.",Saluda County dispatch reported several trees and power lines down along West Creek Rd between Double Bridges Rd and Beulah Rd.
SOUTH CAROLINA,45,2024,Thunderstorm Wind,0,0,0,0,NA,33.8712,-81.385,"Numerous thunderstorms developed in a strongly unstable airmass, enhanced by a robust upper shortwave. Several storms reached severe limits, producing damaging wind gusts.",SC Highway Patrol reported a tree down on I20 near mile marker 44.
SOUTH CAROLINA,45,2024,Thunderstorm Wind,0,0,0,0,NA,33.9525,-81.2334,"A moist, unstable airmass generated scattered thunderstorms, enhanced by a weak shortwave. A few of these storms produced sub-severe hail and damaging winds.",SC Highway Patrol reported power lines down in the roadway near the intersection of Two Notch Rd and South Lake Dr.
SOUTH CAROLINA,45,2024,Hail,0,0,0,0,NA,33.9603,-81.2307,"A moist, unstable airmass generated scattered thunderstorms, enhanced by a weak shortwave. A few of these storms produced sub-severe hail and damaging winds.",Spotter relayed through social media an estimate of nickel-sized hail.
SOUTH CAROLINA,45,2024,Thunderstorm Wind,0,0,0,0,0.00K,33.8523,-81.2953,"A moist, unstable airmass generated scattered thunderstorms, enhanced by a weak shortwave. A few of these storms produced sub-severe hail and damaging winds.",SC Highway Patrol reported a tree down along Platt Springs Rd south of Boiling Springs Rd.
SOUTH CAROLINA,45,2024,Thunderstorm Wind,0,0,0,0,NA,33.7699,-81.0135,"A moist, unstable airmass generated scattered thunderstorms, enhanced by a weak shortwave. A few of these storms produced sub-severe hail and damaging winds.",Local power company reported a tree on a power line along Farm Rd.
SOUTH CAROLINA,45,2024,Thunderstorm Wind,0,0,0,0,0.00K,34.18,-79.78,Steep lapse rates aloft and the warmest temperatures of the year helped develop strong instability with SBCAPE 2500-3000 J/kg and LIs down to -8. Thunderstorms developed in associated with a shortwave moving over the southern Appalachians early in the afternoon. These storms raced eastward and were joined by new convection developing across the coastal plain in the late afternoon. Multicellular convection dominated with transient super cellular characteristics noted due to 0-6 km shear up to 40kt. Large hail and damaging winds resulted.,Several trees blown down across the city.
SOUTH CAROLINA,45,2024,Thunderstorm Wind,0,0,0,0,NA,34.4025,-80.9625,"A moist, unstable airmass generated scattered thunderstorms, enhanced by a weak shortwave. A few of these storms produced sub-severe hail and damaging winds.",Local power coop reported a tree down on a power line along Hope Rd near Old River Rd.
SOUTH CAROLINA,45,2024,Thunderstorm Wind,0,0,0,0,0.00K,34.17,-80.12,Storms fired up near/along a stalled front near the NC/SC border ahead of an upper level trough.,Amateur radio relayed report from Darlington Fire Department of a tree down on Mill Branch Road. Time estimated by time of report and radar.
SOUTH CAROLINA,45,2024,Flood,0,0,0,0,1.00K,34.021,-80.9501,Thunderstorms developed ahead of a cold front in a hot and moist airmass. Storms produced heavy rain and flooding in poor drainage areas.,Columbia Fire Department reported a flooded roadway at the intersection of Percival Rd and Forest Dr due to a blocked storm drain. A car stalled in the floodwaters but the passenger made it safely out of the vehicle.
SOUTH CAROLINA,45,2024,Flood,0,0,0,0,0.00K,33.9836,-80.9039,Thunderstorms developed ahead of a cold front in a hot and moist airmass. Storms produced heavy rain and flooding in poor drainage areas.,Columbia Fire Department reported roadway flooding along Leesburg Rd near Ulmer Rd.
SOUTH CAROLINA,45,2024,Thunderstorm Wind,0,0,0,0,0.00K,33.84,-79.06,"Abundant instability and shear late afternoon after morning clouds cleared out led to scattered storms, some super cellular, across the area (particularly inland) beginning at 3 PM. Several rounds of storms before the final line along the cold front make its way across between 8 PM and 10 PM.",Public call reported a large limb down at a home in Conway.
SOUTH CAROLINA,45,2024,Tornado,0,0,0,0,200.00K,34.1715,-79.409,Some low-topped supercells occurred in association with an upper level disturbance in an environment with minimal instability but strong wind shear was present.,"Storm survey of damage in the Marion, SC area indicated that a |tornado touched down briefly on Tuesday May 14, 2024 between 6:10 |PM EDT and was on the ground until 6:13 PM EDT before ending north|of Luther Rogers Road. ||The tornado formed near the intersection of Baker Street and |Baptist Street in southeast Marion, SC. Large limbs were down |across nearby roadways and minor roof damage was observed near |this location. The tornado continued northeast and created some |damage near Mullins Street and Withlacoochee Street. Damage here |remained rated at EF-0 (approximately 70 mph). Power lines were |wrapped around tree limbs and an electrical meter head had been |detached from the side of the house. A large tree fell near the |intersection and damaged a small fence. Additional minor roof |damage to surrounding homes was observed. Large downed tree limbs |were observed along McEachern Heights Street, 2nd Avenue, and in |Amazing Grace Park.||The most significant damage occurred in downtown Marion along |Main Street. A roof completely collapsed near the city center with|limited damage to the exterior walls. Across the street, windows |and window dividers were completely blown out. A wall on the |second floor was pushed inward and its attached window and window |seals were missing. An adjacent building lost a large portion of |roof covering which fell to the street below. All debris was |scattered in multiple directions.||The tornado continued toward the northeast and snapped tree tops |near the intersection of Fairlee Street and Wheeler Street. |Portions of roof coverings were missing from a few homes and |businesses. Damage here was not as significant as on Main Street. |Additional damage was not observed for one mile indicating the |tornado was likely making contact with the ground intermittently. |Along Luther Rogers Road, a trampoline that had previously been |secured with large metal stakes was lofted into the side of a |neighbors home two homes to the east. As the trampoline was |lofted, it made contact with siding and solar panels of the |adjacent neighbor before hitting the side and penetrating the |vinyl siding of the neighbor two homes east. ||The majority of the damage was rated at EF-0 and 70 mph, but |significant damage downtown indicated peak intensity as described |above. There was a lack of significant tree damage typically seen |with tornadoes which may indicate that the tornado did not contact|the ground for a long period of time. It is worth noting all |buildings on Main Street that observed significant damage were two|to three story masonry buildings."
SOUTH CAROLINA,45,2024,Tornado,0,0,0,0,2.00K,34.4198,-79.6459,Some low-topped supercells occurred in association with an upper level disturbance in an environment with minimal instability but strong wind shear was present.,"A narrow tornado started near River Road where a few oak trees|were uprooted and snapped, along with numerous downed limbs in the|area. The tornado appeared to peak in strength as it continued|northeastward and reached Screwpin Road where it caused extensive|shingle removal on the southwest side of a single-family|residence, snapped 4 Bradford Pear trees at the front of the|property, tossed one whole tree about 50-60 yards to the west of|its base, and uprooted numerous oak trees with a converging|pattern in a grove of trees just northwest of the property. On|the adjacent property to the immediate west, a small water pump|shed was destroyed and a 50-60 ft flagpole was snapped about 5 ft|above the base and thrown an unknown distance.||The tornado then tracked northeastward across a farm field with a |few large limbs scattered across the field and some weak but noticeable |ground scouring amongst new crops from the grove of trees northeastward|to a private lake. At the lake, a small boat with an attached|motor was flipped within a covered dock on its southwest side and|additional downed oak trees and large limbs were observed on its|northeast side. The tornado may have briefly lifted as it moved|across SC Highway 38 with minimal tree limb damage observed on|either side of the highway before it appeared to strengthen again|when moving into another property. ||Additional large limbs were snapped on the southwest side of this |property and an old home suffered considerable metal roof panel removal |with the panels scattered northwest and west of the home. Minor metal |roof damage to a few equipment shelters, a newer barn door which was pushed|in enough to break it from its hinges, and several large pecan|tree limbs which snapped off were observed on the northwest side|of this property. Lastly, young corn crops were nearly flattened|and an open two-tier wood fence was blown down and tossed to the|northwest just before the tornado crossed Old Highway 38 South.|The tornado dissipated just northeast of this road with no|additional damage observed at Allen Ridge Road."
SOUTH CAROLINA,45,2024,Thunderstorm Wind,0,0,0,0,1.00K,34.18,-79.89,"An isolated storm in Florence, South Carolina downed a few trees.",A report of a tree down on a house and vehicles on Heather Drive in West Florence.
SOUTH CAROLINA,45,2024,Lightning,0,0,0,0,3.00K,33.83,-78.64,Lightning caused some structural damage in the Myrtle Beach area.,Lightning caused an attic fire in a home on 33rd Avenue in Cherry Grove.
SOUTH CAROLINA,45,2024,Lightning,0,0,0,0,4.00K,33.87,-78.62,Lightning caused some structural damage in the Myrtle Beach area.,"Media reported an apartment fire caused by lightning along Pinehurst Circle in Little River, SC."
SOUTH CAROLINA,45,2024,Thunderstorm Wind,0,0,0,0,NA,34.6934,-80.8236,A line of thunderstorms developed ahead of a front in the southern Appalachians and produced significant wind damage as it moved into the northern Midlands from the northwest.,"Numerous hardwood trees were uprooted, many large branches were snapped, and power lines were downed in the Irwin area."
SOUTH CAROLINA,45,2024,Thunderstorm Wind,0,1,0,0,NA,34.6008,-80.8795,A line of thunderstorms developed ahead of a front in the southern Appalachians and produced significant wind damage as it moved into the northern Midlands from the northwest.,"NWS survey team found several uprooted trees along Hwy 97, beginning near the intersection of Hwy 200, ending near the Kershaw county line. The county EM reported an indirect injury when a person drove into a downed tree on Hwy 97, near Ember Ln."
SOUTH CAROLINA,45,2024,Thunderstorm Wind,0,0,0,0,NA,34.0259,-80.2758,A line of thunderstorms developed ahead of a front in the southern Appalachians and produced significant wind damage as it moved into the northern Midlands from the northwest.,Sumter County dispatch reported trees down along Oswego Hwy near the Lee County border.
SOUTH CAROLINA,45,2024,Thunderstorm Wind,0,0,0,0,NA,34.4191,-80.5998,A line of thunderstorms developed ahead of a front in the southern Appalachians and produced significant wind damage as it moved into the northern Midlands from the northwest.,Kershaw County dispatch reported a tree down at Knotty Pine Rd and Hwy 521 north of Camden.
SOUTH CAROLINA,45,2024,Thunderstorm Wind,0,0,0,0,NA,34.468,-80.8033,A line of thunderstorms developed ahead of a front in the southern Appalachians and produced significant wind damage as it moved into the northern Midlands from the northwest.,Kershaw County dispatch reported a tree fell along Hwy 97 at the post office.
SOUTH CAROLINA,45,2024,Thunderstorm Wind,0,0,0,0,5.00K,34.57,-81.62,"Scattered thunderstorms developed over upstate South Carolina during the afternoon and evening. A few of the storms produced severe weather, mainly in the form of damaging wind gusts, but some marginal large hail also occurred.","Emergency manager reported multiple trees blown down in the area around Hickory Nut Hollow Rd and Eaves Rd, with one tree on a barn."
SOUTH CAROLINA,45,2024,Thunderstorm Wind,0,0,0,0,25.00K,34.774,-81.038,A cluster of storms moved southeast across the South Carolina Piedmont during the evening. The storms produced significant damaging wind gusts as it moved across eastern Chester County.,"A storm survey performed by NWS Columbia found straight line wind damage across eastern Chester County from Richburg and Fort Lawn to Great Falls. Other than numerous trees blown down (including trees that blocked I-77), a couple of gas station awnings were flipped in Fort Lawn and in Great Falls. The awning in Fort Lawn landed on a vehicle."
SOUTH CAROLINA,45,2024,Thunderstorm Wind,0,0,0,0,NA,32.9942,-80.1595,"Mid-level shortwave energy approaching the region along with a nearly stationary cold front across the area provided ample forcing within an environment displaying strong instability, deep moisture, ample shear and very strong downdraft CAPE, leading to strong and severe thunderstorms capable of producing large hail and damaging winds across Southeast South Carolina. A notable supercell thunderstorm developed near the Savannah River during the afternoon and tracked northeast through the Tri-County Area during early evening hours, producing a long and wide swath of damaging winds and large hail across inland portions of the Charleston Metro Area.","A National Weather Service Storm Survey Team confirmed straight-line thunderstorm wind damage with an estimated maximum wind speed of 80 to 85 mph along a path approximately 8.75 miles long and 3.5 miles wide beginning in east-central Dorchester County at 642 PM, then tracking across extreme western Charleston County starting at 645 PM, before ending across west-central Berkeley County at 658 PM.||In Charleston County, the survey team found isolated to scattered damage, most of which consisted of large softwood trees snapped and uprooted and some hardwood tree limbs snapped across southern portions of Summerville to Ladson. Emergency management also reported numerous trees snapped off or blown down in neighborhoods near Miles Jamison Road. The path of damage then continued into the west-central portion of Berkeley County at 648 PM. Based on the uniform damage direction (north to northeast), a strong downburst producing straight-line winds was determined to be the cause of the event."
SOUTH CAROLINA,45,2024,Thunderstorm Wind,0,0,0,0,1.00K,32.8,-80.5,"Mid-level shortwave energy approaching the region along with a nearly stationary cold front across the area provided ample forcing within an environment displaying strong instability, deep moisture, ample shear and very strong downdraft CAPE, leading to strong and severe thunderstorms capable of producing large hail and damaging winds across Southeast South Carolina. A notable supercell thunderstorm developed near the Savannah River during the afternoon and tracked northeast through the Tri-County Area during early evening hours, producing a long and wide swath of damaging winds and large hail across inland portions of the Charleston Metro Area.",A Colleton County emergency manager reported a tree down along the 12000 Block of Charleston Highway.
SOUTH CAROLINA,45,2024,Hail,0,0,0,0,NA,32.8,-80.4,"Mid-level shortwave energy approaching the region along with a nearly stationary cold front across the area provided ample forcing within an environment displaying strong instability, deep moisture, ample shear and very strong downdraft CAPE, leading to strong and severe thunderstorms capable of producing large hail and damaging winds across Southeast South Carolina. A notable supercell thunderstorm developed near the Savannah River during the afternoon and tracked northeast through the Tri-County Area during early evening hours, producing a long and wide swath of damaging winds and large hail across inland portions of the Charleston Metro Area.",The public reported hail up to 1 inch diameter along the 6800 Block of Parkers Ferry Road.
SOUTH CAROLINA,45,2024,Hail,0,0,0,0,NA,32.95,-80.26,"Mid-level shortwave energy approaching the region along with a nearly stationary cold front across the area provided ample forcing within an environment displaying strong instability, deep moisture, ample shear and very strong downdraft CAPE, leading to strong and severe thunderstorms capable of producing large hail and damaging winds across Southeast South Carolina. A notable supercell thunderstorm developed near the Savannah River during the afternoon and tracked northeast through the Tri-County Area during early evening hours, producing a long and wide swath of damaging winds and large hail across inland portions of the Charleston Metro Area.",A mPING report of 2 inch hail was received by the public.
SOUTH CAROLINA,45,2024,Thunderstorm Wind,1,0,0,0,NA,33.007,-80.1272,"Mid-level shortwave energy approaching the region along with a nearly stationary cold front across the area provided ample forcing within an environment displaying strong instability, deep moisture, ample shear and very strong downdraft CAPE, leading to strong and severe thunderstorms capable of producing large hail and damaging winds across Southeast South Carolina. A notable supercell thunderstorm developed near the Savannah River during the afternoon and tracked northeast through the Tri-County Area during early evening hours, producing a long and wide swath of damaging winds and large hail across inland portions of the Charleston Metro Area.","A National Weather Service Storm Survey Team confirmed straight-line thunderstorm wind damage with an estimated maximum wind speed of 80 to 85 mph along a path approximately 8.75 miles long and 3.5 miles wide beginning in east-central Dorchester County at 642 PM, then tracking across extreme western Charleston County starting at 645 PM, before ending across west-central Berkeley County at 658 PM.||In Berkeley County, the survey team found isolated to scattered damage, most of which consisted of large softwood trees snapped and uprooted and some hardwood tree limbs snapped across eastern portions of Summerville to around Main Street on the north side of Sangaree and south across Ladson and into the College Park area, ending as far east as Highway 176. One area of extensive damage occurred around Wisteria Street and the Tall Pines Neighborhood along Interstate 26 on the north side of Ladson. Within this area, both soft and hardwood trees were observed to have snapped near the trunks, several of which fell on residences and vehicles. Additionally, some minor damage to residential property was observed, including shingles and siding blown off and privacy fences blown down. The path of damage continued east-northeastward from the Tall Pines Neighborhood where a tree was reported down on a vehicle along with damage to a fence and siding in the Hunter's Bend Neighborhood before the path of damage continued across much of the College Park area. A Berkeley County emergency manager indicated at least 28 homes damaged by falling trees in the College Park vicinity and a pole barn significantly damaged along Cindy Drive. One female was reported injured when a tree fell on her residence on College Park Drive. Emergency management also reported at least 18 additional downed trees and power lines in the area not directly impacting homes. The damage path then continued east-northward across Fairfax and Oakbrook Neighborhoods where a Berkeley County emergency manager indicated numerous trees down on roadways, homes and cars, before the damage path ended near Highway 176 at 658 PM. Based on the uniform damage direction (north to northeast), a strong downburst producing straight-line winds was determined to be the cause of the event."
SOUTH CAROLINA,45,2024,Thunderstorm Wind,0,0,0,0,150.00K,34.841,-82.421,"Scattered thunderstorms developed over upstate South Carolina during the afternoon and evening. A few of the storms produced severe weather, mainly in the form of damaging wind gusts, but some marginal large hail also occurred.","NWS employees and emergency management reported numerous trees blown down throughout the city of Greenville, with multiple trees down on homes."
SOUTH CAROLINA,45,2024,Thunderstorm Wind,0,0,0,0,0.00K,35.159,-81.516,"Scattered thunderstorms developed over upstate South Carolina during the afternoon and evening. A few of the storms produced severe weather, mainly in the form of damaging wind gusts, but some marginal large hail also occurred.","Emergency management reported numerous trees blown down and several power poles snapped in an area centered around North Mountain St, mainly between Mount Paran Rd and Holly Ridge Rd."
SOUTH CAROLINA,45,2024,Hail,0,0,0,0,NA,34.932,-83.017,"Scattered thunderstorms developed over upstate South Carolina during the afternoon and evening. A few of the storms produced severe weather, mainly in the form of damaging wind gusts, but some marginal large hail also occurred.",Ham radio operator reported quarter size hail along North Little River Rd.
SOUTH CAROLINA,45,2024,Thunderstorm Wind,0,0,0,0,NA,33.7553,-81.0817,"A moist, unstable airmass generated scattered thunderstorms, enhanced by a weak shortwave. A few of these storms produced sub-severe hail and damaging winds.",Lexington County EM reported a tree down across Huckabee Mill Rd just north of the town of Swansea.
SOUTH CAROLINA,45,2024,Thunderstorm Wind,0,0,0,0,NA,33.7672,-81.1123,"A moist, unstable airmass generated scattered thunderstorms, enhanced by a weak shortwave. A few of these storms produced sub-severe hail and damaging winds.",Lexington County EM reported tree down blocking Happy Town Rd near the town of Swansea.
SOUTH CAROLINA,45,2024,Thunderstorm Wind,0,0,0,0,0.00K,33.4929,-80.5452,Isolated convection developed across the eastern Midlands in a very unstable and moist environment.,SC Dept of public Safety reported a tree down blocking the roadway on Tee Vee Rd.
SOUTH CAROLINA,45,2024,Hail,0,0,0,0,NA,32.95,-80.22,"Mid-level shortwave energy approaching the region along with a nearly stationary cold front across the area provided ample forcing within an environment displaying strong instability, deep moisture, ample shear and very strong downdraft CAPE, leading to strong and severe thunderstorms capable of producing large hail and damaging winds across Southeast South Carolina. A notable supercell thunderstorm developed near the Savannah River during the afternoon and tracked northeast through the Tri-County Area during early evening hours, producing a long and wide swath of damaging winds and large hail across inland portions of the Charleston Metro Area.",The public reported ping pong ball size hail near Beech Hill Elementary.
SOUTH CAROLINA,45,2024,Hail,0,0,0,0,NA,32.99,-80.23,"Mid-level shortwave energy approaching the region along with a nearly stationary cold front across the area provided ample forcing within an environment displaying strong instability, deep moisture, ample shear and very strong downdraft CAPE, leading to strong and severe thunderstorms capable of producing large hail and damaging winds across Southeast South Carolina. A notable supercell thunderstorm developed near the Savannah River during the afternoon and tracked northeast through the Tri-County Area during early evening hours, producing a long and wide swath of damaging winds and large hail across inland portions of the Charleston Metro Area.",A NWS employee reported golf ball size hail.
SOUTH CAROLINA,45,2024,Hail,0,0,0,0,NA,32.97,-80.14,"Mid-level shortwave energy approaching the region along with a nearly stationary cold front across the area provided ample forcing within an environment displaying strong instability, deep moisture, ample shear and very strong downdraft CAPE, leading to strong and severe thunderstorms capable of producing large hail and damaging winds across Southeast South Carolina. A notable supercell thunderstorm developed near the Savannah River during the afternoon and tracked northeast through the Tri-County Area during early evening hours, producing a long and wide swath of damaging winds and large hail across inland portions of the Charleston Metro Area.",The public reported golf ball size hail along Ladson Road.
SOUTH CAROLINA,45,2024,Hail,0,0,0,0,NA,32.97,-80.15,"Mid-level shortwave energy approaching the region along with a nearly stationary cold front across the area provided ample forcing within an environment displaying strong instability, deep moisture, ample shear and very strong downdraft CAPE, leading to strong and severe thunderstorms capable of producing large hail and damaging winds across Southeast South Carolina. A notable supercell thunderstorm developed near the Savannah River during the afternoon and tracked northeast through the Tri-County Area during early evening hours, producing a long and wide swath of damaging winds and large hail across inland portions of the Charleston Metro Area.",A spotter reported quarter size hail and gusty winds.
SOUTH CAROLINA,45,2024,Thunderstorm Wind,0,0,0,0,1.00K,32.86,-80.69,"Mid-level shortwave energy along with lingering boundaries, modest instability and high levels of moisture led to thunderstorms capable of producing damaging winds.",Colleton County Emergency Management reported a tree down along the 2600 Block of Hendersonville Highway due to thunderstorm outflow.
SOUTH CAROLINA,45,2024,Hail,0,0,0,0,NA,33.01,-80.1,"Mid-level shortwave energy approaching the region along with a nearly stationary cold front across the area provided ample forcing within an environment displaying strong instability, deep moisture, ample shear and very strong downdraft CAPE, leading to strong and severe thunderstorms capable of producing large hail and damaging winds across Southeast South Carolina. A notable supercell thunderstorm developed near the Savannah River during the afternoon and tracked northeast through the Tri-County Area during early evening hours, producing a long and wide swath of damaging winds and large hail across inland portions of the Charleston Metro Area.",The public reported 1.75 to 2.0 size hail causing damage to house siding near the intersection of Hermitage Lane and Discovery Drive.
SOUTH CAROLINA,45,2024,Lightning,0,0,0,0,5.00K,33.04,-80.09,"Mid-level shortwave energy approaching the region along with a nearly stationary cold front across the area provided ample forcing within an environment displaying strong instability, deep moisture, ample shear and very strong downdraft CAPE, leading to strong and severe thunderstorms capable of producing large hail and damaging winds across Southeast South Carolina. A notable supercell thunderstorm developed near the Savannah River during the afternoon and tracked northeast through the Tri-County Area during early evening hours, producing a long and wide swath of damaging winds and large hail across inland portions of the Charleston Metro Area.",Lightning struck a tree causing it to fall on a house along Fredericksburg Drive. Another lightning strike hit a tree causing it to lean onto a power line off of Myers Road.
SOUTH CAROLINA,45,2024,Thunderstorm Wind,0,0,0,0,NA,32.5,-80.97,"Mid-level shortwave energy approaching the region along with a nearly stationary cold front across the area provided ample forcing within an environment displaying strong instability, deep moisture, ample shear and very strong downdraft CAPE, leading to strong and severe thunderstorms capable of producing large hail and damaging winds across Southeast South Carolina. A notable supercell thunderstorm developed near the Savannah River during the afternoon and tracked northeast through the Tri-County Area during early evening hours, producing a long and wide swath of damaging winds and large hail across inland portions of the Charleston Metro Area.",The Jasper County 911 Call Center reported a tree down along the 12000 Block of North Jacob Smart Boulevard.
SOUTH CAROLINA,45,2024,Thunderstorm Wind,0,0,0,0,NA,32.69,-80.74,"Mid-level shortwave energy approaching the region along with a nearly stationary cold front across the area provided ample forcing within an environment displaying strong instability, deep moisture, ample shear and very strong downdraft CAPE, leading to strong and severe thunderstorms capable of producing large hail and damaging winds across Southeast South Carolina. A notable supercell thunderstorm developed near the Savannah River during the afternoon and tracked northeast through the Tri-County Area during early evening hours, producing a long and wide swath of damaging winds and large hail across inland portions of the Charleston Metro Area.",A Colleton County emergency manager reported a tree down along the 3000 Block of Combahee Road.
SOUTH CAROLINA,45,2024,Thunderstorm Wind,0,0,0,0,1.25K,32.72,-80.69,"Mid-level shortwave energy approaching the region along with a nearly stationary cold front across the area provided ample forcing within an environment displaying strong instability, deep moisture, ample shear and very strong downdraft CAPE, leading to strong and severe thunderstorms capable of producing large hail and damaging winds across Southeast South Carolina. A notable supercell thunderstorm developed near the Savannah River during the afternoon and tracked northeast through the Tri-County Area during early evening hours, producing a long and wide swath of damaging winds and large hail across inland portions of the Charleston Metro Area.",The South Carolina Highway Patrol reported power lines down near the intersection of White Hall Road and Combahee Road.
SOUTH CAROLINA,45,2024,Thunderstorm Wind,0,0,0,0,NA,32.77,-80.63,"Mid-level shortwave energy approaching the region along with a nearly stationary cold front across the area provided ample forcing within an environment displaying strong instability, deep moisture, ample shear and very strong downdraft CAPE, leading to strong and severe thunderstorms capable of producing large hail and damaging winds across Southeast South Carolina. A notable supercell thunderstorm developed near the Savannah River during the afternoon and tracked northeast through the Tri-County Area during early evening hours, producing a long and wide swath of damaging winds and large hail across inland portions of the Charleston Metro Area.",The South Carolina Highway Patrol reported a tree down along Green Pond Highway.
SOUTH CAROLINA,45,2024,Hail,0,0,0,0,NA,32.97,-80.71,Strong heating and deep moisture near a weak surface trough led to thunderstorms capable of producing small hail and damaging winds.,A trained spotter reported dime to nickel size hail along Wolfe Creek Road.
SOUTH CAROLINA,45,2024,Thunderstorm Wind,0,0,0,0,1.00K,33.01,-80.7,Strong heating and deep moisture near a weak surface trough led to thunderstorms capable of producing small hail and damaging winds.,A Colleton County emergency manager reported a tree down near the intersection of Can City Road and Mount Carmel Road.
SOUTH CAROLINA,45,2024,Thunderstorm Wind,0,0,0,0,1.00K,32.94,-80.78,A mid-upper level trough extending across the area along with modest instability and moisture led to thunderstorms capable of producing damaging winds.,A Colleton County emergency manager reported a tree down at 410 Tabor Road.
SOUTH CAROLINA,45,2024,Thunderstorm Wind,0,0,0,0,1.25K,32.79,-80.48,"Mid-level shortwave energy approaching the region along with a nearly stationary cold front across the area provided ample forcing within an environment displaying strong instability, deep moisture, ample shear and very strong downdraft CAPE, leading to strong and severe thunderstorms capable of producing large hail and damaging winds across Southeast South Carolina. A notable supercell thunderstorm developed near the Savannah River during the afternoon and tracked northeast through the Tri-County Area during early evening hours, producing a long and wide swath of damaging winds and large hail across inland portions of the Charleston Metro Area.",The South Carolina Highway Patrol reported power lines down on Highway 64 near the intersection with Sparks Drive.
SOUTH CAROLINA,45,2024,Thunderstorm Wind,0,0,0,0,NA,32.8,-80.49,"Mid-level shortwave energy approaching the region along with a nearly stationary cold front across the area provided ample forcing within an environment displaying strong instability, deep moisture, ample shear and very strong downdraft CAPE, leading to strong and severe thunderstorms capable of producing large hail and damaging winds across Southeast South Carolina. A notable supercell thunderstorm developed near the Savannah River during the afternoon and tracked northeast through the Tri-County Area during early evening hours, producing a long and wide swath of damaging winds and large hail across inland portions of the Charleston Metro Area.",A Colleton County emergency manager reported a tree down along the 13000 Block of Charleston Highway.
SOUTH CAROLINA,45,2024,Thunderstorm Wind,0,0,0,0,NA,32.8,-80.5,"Mid-level shortwave energy approaching the region along with a nearly stationary cold front across the area provided ample forcing within an environment displaying strong instability, deep moisture, ample shear and very strong downdraft CAPE, leading to strong and severe thunderstorms capable of producing large hail and damaging winds across Southeast South Carolina. A notable supercell thunderstorm developed near the Savannah River during the afternoon and tracked northeast through the Tri-County Area during early evening hours, producing a long and wide swath of damaging winds and large hail across inland portions of the Charleston Metro Area.",The South Carolina Highway Patrol reported a tree down on Parkers Ferry Road.
SOUTH CAROLINA,45,2024,Thunderstorm Wind,0,0,0,0,NA,32.78,-80.46,"Mid-level shortwave energy approaching the region along with a nearly stationary cold front across the area provided ample forcing within an environment displaying strong instability, deep moisture, ample shear and very strong downdraft CAPE, leading to strong and severe thunderstorms capable of producing large hail and damaging winds across Southeast South Carolina. A notable supercell thunderstorm developed near the Savannah River during the afternoon and tracked northeast through the Tri-County Area during early evening hours, producing a long and wide swath of damaging winds and large hail across inland portions of the Charleston Metro Area.",A Colleton County emergency manager reported a tree down and blocking both lanes of Capital Road.
SOUTH CAROLINA,45,2024,Thunderstorm Wind,0,0,0,0,NA,32.8,-80.4,"Mid-level shortwave energy approaching the region along with a nearly stationary cold front across the area provided ample forcing within an environment displaying strong instability, deep moisture, ample shear and very strong downdraft CAPE, leading to strong and severe thunderstorms capable of producing large hail and damaging winds across Southeast South Carolina. A notable supercell thunderstorm developed near the Savannah River during the afternoon and tracked northeast through the Tri-County Area during early evening hours, producing a long and wide swath of damaging winds and large hail across inland portions of the Charleston Metro Area.",The public reported numerous trees blown down or snapped off along the 6800 Block of Parkers Ferry Road.
SOUTH CAROLINA,45,2024,Thunderstorm Wind,0,0,0,0,NA,32.83,-80.39,"Mid-level shortwave energy approaching the region along with a nearly stationary cold front across the area provided ample forcing within an environment displaying strong instability, deep moisture, ample shear and very strong downdraft CAPE, leading to strong and severe thunderstorms capable of producing large hail and damaging winds across Southeast South Carolina. A notable supercell thunderstorm developed near the Savannah River during the afternoon and tracked northeast through the Tri-County Area during early evening hours, producing a long and wide swath of damaging winds and large hail across inland portions of the Charleston Metro Area.",The public reported numerous trees down along the 7300 Block of Parkers Ferry Road.
SOUTH CAROLINA,45,2024,Thunderstorm Wind,0,0,0,0,NA,32.8,-80.49,"Mid-level shortwave energy approaching the region along with a nearly stationary cold front across the area provided ample forcing within an environment displaying strong instability, deep moisture, ample shear and very strong downdraft CAPE, leading to strong and severe thunderstorms capable of producing large hail and damaging winds across Southeast South Carolina. A notable supercell thunderstorm developed near the Savannah River during the afternoon and tracked northeast through the Tri-County Area during early evening hours, producing a long and wide swath of damaging winds and large hail across inland portions of the Charleston Metro Area.",The Colleton County 911 Call Center reported a tree down on Jacksonboro Road.
SOUTH CAROLINA,45,2024,Hail,0,0,0,0,NA,32.95,-80.26,"Mid-level shortwave energy approaching the region along with a nearly stationary cold front across the area provided ample forcing within an environment displaying strong instability, deep moisture, ample shear and very strong downdraft CAPE, leading to strong and severe thunderstorms capable of producing large hail and damaging winds across Southeast South Carolina. A notable supercell thunderstorm developed near the Savannah River during the afternoon and tracked northeast through the Tri-County Area during early evening hours, producing a long and wide swath of damaging winds and large hail across inland portions of the Charleston Metro Area.",A Dorchester County emergency manager reported hail up to the size of golf balls.
SOUTH CAROLINA,45,2024,Thunderstorm Wind,0,0,0,0,NA,32.95,-80.23,"Mid-level shortwave energy approaching the region along with a nearly stationary cold front across the area provided ample forcing within an environment displaying strong instability, deep moisture, ample shear and very strong downdraft CAPE, leading to strong and severe thunderstorms capable of producing large hail and damaging winds across Southeast South Carolina. A notable supercell thunderstorm developed near the Savannah River during the afternoon and tracked northeast through the Tri-County Area during early evening hours, producing a long and wide swath of damaging winds and large hail across inland portions of the Charleston Metro Area.",The public reported trees down along Legend Oaks Way.
SOUTH CAROLINA,45,2024,Thunderstorm Wind,0,0,0,0,NA,33.02,-80.19,"Mid-level shortwave energy approaching the region along with a nearly stationary cold front across the area provided ample forcing within an environment displaying strong instability, deep moisture, ample shear and very strong downdraft CAPE, leading to strong and severe thunderstorms capable of producing large hail and damaging winds across Southeast South Carolina. A notable supercell thunderstorm developed near the Savannah River during the afternoon and tracked northeast through the Tri-County Area during early evening hours, producing a long and wide swath of damaging winds and large hail across inland portions of the Charleston Metro Area.",The public reported trees down along Charlie Lane.
SOUTH CAROLINA,45,2024,Thunderstorm Wind,0,0,0,0,NA,33.04,-80.16,"Mid-level shortwave energy approaching the region along with a nearly stationary cold front across the area provided ample forcing within an environment displaying strong instability, deep moisture, ample shear and very strong downdraft CAPE, leading to strong and severe thunderstorms capable of producing large hail and damaging winds across Southeast South Carolina. A notable supercell thunderstorm developed near the Savannah River during the afternoon and tracked northeast through the Tri-County Area during early evening hours, producing a long and wide swath of damaging winds and large hail across inland portions of the Charleston Metro Area.",The media reported several trees down along Interstate 26.
SOUTH CAROLINA,45,2024,Thunderstorm Wind,0,0,0,0,NA,32.9792,-80.1973,"Mid-level shortwave energy approaching the region along with a nearly stationary cold front across the area provided ample forcing within an environment displaying strong instability, deep moisture, ample shear and very strong downdraft CAPE, leading to strong and severe thunderstorms capable of producing large hail and damaging winds across Southeast South Carolina. A notable supercell thunderstorm developed near the Savannah River during the afternoon and tracked northeast through the Tri-County Area during early evening hours, producing a long and wide swath of damaging winds and large hail across inland portions of the Charleston Metro Area.","A National Weather Service Storm Survey Team confirmed straight-line thunderstorm wind damage with an estimated maximum wind speed of 80 to 85 mph along a path approximately 8.75 miles long and 3.5 miles wide beginning in east-central Dorchester County at 642 PM, then tracking across extreme western Charleston County starting at 645 PM, before ending across west-central Berkeley County at 658 PM.||In Dorchester County, the survey team found isolated to scattered damage across areas starting around Bacons Bridge Road to Old Trolley Road, following a general path east-northeast through southern and eastern portions of Summerville. Most of this damage consisted of large softwood trees snapped and uprooted and some hardwood tree limbs snapped. One area of extensive damage occurred around the Quail Arbor Neighborhood off Old Trolley Road, where both soft and hardwood trees were observed to have snapped near the trunks, some of which fell on residences and vehicles. Further east along the path of damage, a Dorchester County emergency manager indicated numerous trees snapped off or blown down within four neighborhoods between Old Trolley Road and Miles Jamison Road. The path of damage then continued into the extreme western portion of Charleston County starting at 645 PM. Based on the uniform damage direction (north to northeast), a strong downburst producing straight-line winds was determined to be the cause of the event."
SOUTH CAROLINA,45,2024,Thunderstorm Wind,0,0,0,0,NA,32.88,-80.69,Mid-level shortwave energy advancing into the area and encountering an environment displaying modest instability and strong downdraft CAPE led to thunderstorms capable of producing damaging wind gusts across Southeast South Carolina.,"Colleton County Emergency Management reported a tree down at 665 and 3385 Hendersonville Highway, 1261 South Jefferies Road and 607 Churchill Road."
SOUTH CAROLINA,45,2024,Thunderstorm Wind,0,0,0,0,NA,32.94,-80.48,Mid-level shortwave energy advancing into the area and encountering an environment displaying modest instability and strong downdraft CAPE led to thunderstorms capable of producing damaging wind gusts across Southeast South Carolina.,"Colleton County Emergency Management reported a tree down at 10825 Cottageville Highway, 9200 Jacksonboro Road and 643 Jacksonboro Road."
SOUTH CAROLINA,45,2024,Thunderstorm Wind,0,0,0,0,NA,32.46,-80.79,Mid-level shortwave energy advancing into the area and encountering an environment displaying modest instability and strong downdraft CAPE led to thunderstorms capable of producing damaging wind gusts across Southeast South Carolina.,"Beaufort County Emergency Management reported a tree down near the intersections of Joe Frazier Road and Laurel Bay Road, Robert Smalls Parkway and Parris Island Gateway, Agnes Major Road and Cuthbert Farm Road, and a tree down on Young Circle."
SOUTH CAROLINA,45,2024,Thunderstorm Wind,0,0,0,0,0.50K,32.43,-80.67,Mid-level shortwave energy advancing into the area and encountering an environment displaying modest instability and strong downdraft CAPE led to thunderstorms capable of producing damaging wind gusts across Southeast South Carolina.,A spotter reported several large tree limbs down near the intersection of Carteret Street and Craven Street.
SOUTH CAROLINA,45,2024,Flash Flood,0,0,1,0,30.00K,35.192,-82.149,"Tropical Cyclone Helene began organizing over the western Caribbean on the 23rd and 24th of September before rapidly intensifying as it moved north through the eastern Gulf of Mexico on the 25th and 26th. A plume of moisture extending from the intensifying storm interacted with a slow-moving cold front to produce a band of widespread heavy rain showers and embedded scattered thunderstorms over the southern Appalachians and vicinity on the 25th and 26th, resulting in a predecessor heavy rainfall event over the mountains and portions of the foothills. Helene made landfall in the Florida Big Bend and moved quickly N/NE through Georgia before turning toward the N/NW once the remnant center reached northeast Georgia. Tropical rainbands around the center of Helene swept over areas with already-saturated soils over the mountains and foothills during the early morning of the 27th, resulting in very heavy rainfall and significant flash flooding across multiple basins with headwaters near the Blue Ridge escarpment. Due to its quick movement, Helene was still a strong tropical storm when the wind field reached the western Carolinas and northeast Georgia. Frequent wind gusts of 55 to 70 mph, with occasional gusts of 80 mph...and likely as high as 90 mph across the higher elevations combined with saturated soils to produce widespread damage to trees and electrical infrastructure. Hundreds of trees fell on houses, vehicles, and power lines throughout the area, resulting in several fatalities. Almost all customers in several counties lost power for at least a brief period. Most people were without power for at least a couple of days, while thousands were without power for a week or more.","Stream gauges across the Pacolet River basin indicated flash flooding developed after 10-15 inches of rain fell across northern Spartanburg County over three days, with even heavier rainfall occurring over the headwaters in the mountains. The North Pacolet inundated several roads in the north part of the county, including Highway 14, roads near the water treatment plant. Several tributaries of also overflowed their banks, including Buck Creek, which inundated several secondary roads, and Lawsons Fork Creek in Spartanburg, which overflowed onto Heathwood Dr and Lake Forest Dr, as well as at least one private drive. Additionally, the South  Pacolet flooded areas of Depot St and Highway 11 in Campobello, while backwater effects into Motlow Creek caused inundation of Old Mill Rd. Other tributaries flooded throughout the norther part of the county, including a tributary of Dillard Creek, which flooded East Howell Rd in Greer. An 88-year-old male was killed when his vehicle was submerged in floodwater near Landrum."
SOUTH CAROLINA,45,2024,Hail,0,0,0,0,0.00K,34.4,-79.59,Severe thunderstorms developed along and ahead of a cold front when then ran into the sea breeze. The environment was quite unstable and the shear was fairly strong.,Quarter sized hail reported at intersection of SC 34 and Highway 38.
SOUTH CAROLINA,45,2024,Hail,0,0,0,0,0.00K,34.06,-78.89,Severe thunderstorms developed along and ahead of a cold front when then ran into the sea breeze. The environment was quite unstable and the shear was fairly strong.,"Quarter and ping-pong sized hail observed in downtown Loris, SC. Large limbs were also reported down."
SOUTH CAROLINA,45,2024,Hail,0,0,0,0,0.00K,34.06,-78.89,Severe thunderstorms developed along and ahead of a cold front when then ran into the sea breeze. The environment was quite unstable and the shear was fairly strong.,The public reported quarter sized hail in Loris.
SOUTH CAROLINA,45,2024,Thunderstorm Wind,0,0,0,0,0.00K,34.52,-79.85,Severe thunderstorms developed along and ahead of a cold front when then ran into the sea breeze. The environment was quite unstable and the shear was fairly strong.,Trees and power lines down near Hwy 52 and Burlington Dr.
SOUTH CAROLINA,45,2024,Thunderstorm Wind,0,0,0,0,0.00K,34.44,-79.63,Severe thunderstorms developed along and ahead of a cold front when then ran into the sea breeze. The environment was quite unstable and the shear was fairly strong.,Trees down in the Brownsville Community.
SOUTH CAROLINA,45,2024,Thunderstorm Wind,0,0,0,0,0.00K,34.23,-79.15,Severe thunderstorms developed along and ahead of a cold front when then ran into the sea breeze. The environment was quite unstable and the shear was fairly strong.,"Power outages affecting most of Nichols, SC due to fallen trees."
SOUTH CAROLINA,45,2024,Thunderstorm Wind,0,0,0,0,10.00K,34.13,-78.96,Severe thunderstorms developed along and ahead of a cold front when then ran into the sea breeze. The environment was quite unstable and the shear was fairly strong.,Public reported large hail of unknown size that damaged vehicle windows.
SOUTH CAROLINA,45,2024,Hail,0,0,0,0,0.00K,34.37,-80.1,Severe thunderstorms developed along and ahead of a cold front when then ran into the sea breeze. The environment was quite unstable and the shear was fairly strong.,"Quarter sized hail observed in Hartsville, SC."
SOUTH CAROLINA,45,2024,Thunderstorm Wind,0,0,0,0,NA,33.84,-82.33,"A band of showers and thunderstorms, associated with a cold front, moved through the region during the early morning of April 3, 2024.  Some of the storms produced strong damaging wind gusts.","Report and photo, observed on social media, showed a pine tree down on a vehicle in Hawe Creek Campground, site number 30.  Damage to the vehicle appeared minor. | Time estimated."
SOUTH CAROLINA,45,2024,Thunderstorm Wind,0,0,0,0,NA,33.84,-82.26,"A band of showers and thunderstorms, associated with a cold front, moved through the region during the early morning of April 3, 2024.  Some of the storms produced strong damaging wind gusts.","A tree was downed at Hwy 28 S and Ga Ln, just south of Plum Branch.  Time estimated."
SOUTH CAROLINA,45,2024,Thunderstorm Wind,0,0,0,0,1.00K,32.78,-80.64,Scattered thunderstorms developed in the early afternoon hours within a typical summertime environment. A few of these storms became strong enough to produce damaging wind gusts.,Colleton County dispatch reported a tree down along Ritter Road between Possum Corner Road and Blue House Lane.
SOUTH CAROLINA,45,2024,Thunderstorm Wind,0,0,0,0,NA,33.79,-82.22,"A band of showers and thunderstorms, associated with a cold front, moved through the region during the early morning of April 3, 2024.  Some of the storms produced strong damaging wind gusts.","A tree was downed on Hwy 28 S at Wiggleton Rd, just NW of Parksville.  Time estimated."
SOUTH CAROLINA,45,2024,Thunderstorm Wind,0,0,0,0,NA,33.88,-81.93,"A band of showers and thunderstorms, associated with a cold front, moved through the region during the early morning of April 3, 2024.  Some of the storms produced strong damaging wind gusts.","Public report and photo, submitted via social media, of large tree branches down on the road on Meeting Street Rd, north of Edgefield.  Exact location and time estimated."
SOUTH CAROLINA,45,2024,Thunderstorm Wind,0,0,0,0,NA,33.98,-81.23,"A band of showers and thunderstorms, associated with a cold front, moved through the region during the early morning of April 3, 2024.  Some of the storms produced strong damaging wind gusts.",Lexington PD reported a large tree blocking Harmon St near Taylor Dr.  Time estimated.
SOUTH CAROLINA,45,2024,Thunderstorm Wind,0,0,0,0,NA,33.99,-81.16,"A band of showers and thunderstorms, associated with a cold front, moved through the region during the early morning of April 3, 2024.  Some of the storms produced strong damaging wind gusts.",Columbia FD relayed a report of a tree that fell through a home on Meadow Wood Dr in Oak Grove.
SOUTH CAROLINA,45,2024,Thunderstorm Wind,0,0,0,0,NA,34.01,-81.02,"A band of showers and thunderstorms, associated with a cold front, moved through the region during the early morning of April 3, 2024.  Some of the storms produced strong damaging wind gusts.",Richland Co EM reported power lines down in the roadway at Hampton St and Laurens St in Columbia.
SOUTH CAROLINA,45,2024,Thunderstorm Wind,0,0,0,0,NA,33.98,-81.12,"A band of showers and thunderstorms, associated with a cold front, moved through the region during the early morning of April 3, 2024.  Some of the storms produced strong damaging wind gusts.",SCHP reported trees down on Methodist Park Rd near Augusta Rd (US Hwy 1).  Time estimated.
SOUTH CAROLINA,45,2024,Thunderstorm Wind,0,0,0,0,NA,33.84,-81.23,"A band of showers and thunderstorms, associated with a cold front, moved through the region during the early morning of April 3, 2024.  Some of the storms produced strong damaging wind gusts.",SCHP reported trees down on Crystal Springs Dr near Edmund Hwy (SC Hwy 302).  Time estimated.
SOUTH CAROLINA,45,2024,Hail,0,0,0,0,NA,35.05,-81.25,An isolated thunderstorm developed over the North Carolina foothills during the afternoon and steadily intensified as it moved southeast into the South Carolina Piedmont. The storm evolved into an intense supercell over York County and produced downburst winds up to 90 mph and very large hail up to baseball size. Wind-driven hail caused extensive structural damage in the city of Rock Hill.,Ham radio operator reported quarter size hail.
SOUTH CAROLINA,45,2024,Lightning,0,0,0,0,10.00K,32.24,-80.99,"Numerous thunderstorms developed in the late afternoon hours across Beaufort County. These thunderstorms produced frequent cloud to ground lightning, with several lightning strikes to homes and other structures.",A lightning strike started a structure fire on Breakwater Court.
SOUTH CAROLINA,45,2024,Thunderstorm Wind,0,0,0,0,1.00K,32.89,-80.62,"Isolated to scattered thunderstorms developed across portions of southeast South Carolina in the late afternoon hours and produced strong, gusty winds.",Colleton County Emergency Management reported a tree down blocking both lanes on Sandy Dam Lane.
SOUTH CAROLINA,45,2024,Thunderstorm Wind,0,0,0,0,1.00K,32.95,-80.46,"Isolated to scattered thunderstorms developed across portions of southeast South Carolina in the late afternoon hours and produced strong, gusty winds.",Colleton County Emergency Management reported a tree down blocking one lane at the intersection of Rhode Drive and Peirce Road.
SOUTH CAROLINA,45,2024,Thunderstorm Wind,0,0,0,0,NA,34.02,-81.05,"A band of showers and thunderstorms, associated with a cold front, moved through the region during the early morning of April 3, 2024.  Some of the storms produced strong damaging wind gusts.",Richland Co EM reported a tree fell at Chester St and Gadsden St in north Columbia. | Time estimated.
SOUTH CAROLINA,45,2024,Thunderstorm Wind,0,0,0,0,NA,34.02,-81.02,"A band of showers and thunderstorms, associated with a cold front, moved through the region during the early morning of April 3, 2024.  Some of the storms produced strong damaging wind gusts.",Columbia FD reported a tree fell on a residence at Barhamville Rd at Slighs Ave.  Time estimated.
SOUTH CAROLINA,45,2024,Thunderstorm Wind,0,0,0,0,NA,33.98,-80.99,"A band of showers and thunderstorms, associated with a cold front, moved through the region during the early morning of April 3, 2024.  Some of the storms produced strong damaging wind gusts.","Richland Co EM reported a tree fell on power lines at S Ott Rd and Gill St, near Owens Field.  Time estimated."
SOUTH CAROLINA,45,2024,Thunderstorm Wind,0,0,0,0,NA,33.99,-81.09,"A band of showers and thunderstorms, associated with a cold front, moved through the region during the early morning of April 3, 2024.  Some of the storms produced strong damaging wind gusts.",Columbia FD relayed a report of a tree falling on a residence along Joyner Ave in West Columbia.  Time estimated.
SOUTH CAROLINA,45,2024,Thunderstorm Wind,0,0,0,0,NA,34,-81.01,"A band of showers and thunderstorms, associated with a cold front, moved through the region during the early morning of April 3, 2024.  Some of the storms produced strong damaging wind gusts.",Richland Co EM reported a tree fell along Woodrow St at Wheat St.
SOUTH CAROLINA,45,2024,Thunderstorm Wind,0,0,0,0,0.10K,33.5661,-81.73,"A band of showers and thunderstorms, associated with a cold front, moved through the region during the early morning of April 3, 2024.  Some of the storms produced strong damaging wind gusts.","Gage at ETV tower in Aiken, on Barnwell Ave NW near John Elliot Ln, measured a peak wind gust of 55 mph."
SOUTH CAROLINA,45,2024,Thunderstorm Wind,0,0,0,0,0.10K,34.009,-81.021,"A band of showers and thunderstorms, associated with a cold front, moved through the region during the early morning of April 3, 2024.  Some of the storms produced strong damaging wind gusts.","RCWINDS gage at Richland Co EM HQ, near Harden St and Hampton St, measured a wind gust of 54 mph."
SOUTH CAROLINA,45,2024,Thunderstorm Wind,0,0,0,0,NA,32.48,-81.12,Scattered thunderstorms developed in the early afternoon hours within a typical summertime environment. A few of these storms became strong enough to produce damaging wind gusts.,Jasper County dispatch reported a tree down along Hoover Plantation Drive near Cotton Hill Road.
SOUTH CAROLINA,45,2024,Thunderstorm Wind,0,0,0,0,0.00K,32.72,-81,Scattered thunderstorms developed in the early afternoon hours within a typical summertime environment. A few of these storms became strong enough to produce damaging wind gusts.,Jasper County dispatch reported a tree down near the intersection of Big Branch Road and Cat Branch Road.
SOUTH CAROLINA,45,2024,Thunderstorm Wind,0,0,0,0,0.10K,33.97,-81,"A band of showers and thunderstorms, associated with a cold front, moved through the region during the early morning of April 3, 2024.  Some of the storms produced strong damaging wind gusts.",ASOS unit at Owens Field Airport measured a peak wind gust of 49 mph.
SOUTH CAROLINA,45,2024,Thunderstorm Wind,0,0,0,0,0.10K,33.9416,-81.1174,"A band of showers and thunderstorms, associated with a cold front, moved through the region during the early morning of April 3, 2024.  Some of the storms produced strong damaging wind gusts.",ASOS unit at Columbia Metropolitan Airport measured a peak wind gust of 48 mph.
SOUTH CAROLINA,45,2024,Thunderstorm Wind,0,0,0,0,0.00K,34.36,-80.07,"Thunderstorms associated with a cold front produced some strong wind gusts, sub-severe storms, and one instance of severe thunderstorm wind in Hartsville, SC.",Several trees fell on an apartment building near the Myrtle Street and Manning Avenue intersection.
SOUTH CAROLINA,45,2024,Thunderstorm Wind,0,0,0,0,NA,32.49,-80.7,A cold front positioned near the southeast South Carolina coast along with modest instability led to thunderstorms capable of producing severe/damaging winds gusts.,The Beaufort Marine Corps Air Station ASOS measured a wind gust of 58 mph.
SOUTH CAROLINA,45,2024,Hail,0,0,0,0,0.10K,34.6258,-80.1428,"An isolated sub-severe thunderstorm developed over Chesterfield Co SC, along a stalled frontal boundary, and produced small hail.",A trained spotter reported pea size hail on Cassidy Mill Rd.
SOUTH CAROLINA,45,2024,Thunderstorm Wind,0,0,0,0,NA,33.74,-81.52,An upper impulse contributed to an isolated severe thunderstorm.,"A power pole was broken, taking down some power lines, along Indian Trail Rd near Craven Rd."
SOUTH CAROLINA,45,2024,Thunderstorm Wind,0,0,0,0,NA,33.79,-81.49,An upper impulse contributed to an isolated severe thunderstorm.,"Trees were downed near the intersection of Huckleberry Finn Rd and Holder Rd, also bringing down some power lines."
SOUTH CAROLINA,45,2024,Hail,0,0,0,0,NA,33.1107,-81.0367,"A strong upper level disturbance contributed to scattered showers and thunderstorms, one of which reached severe limits.","Quarter size hail was reported by the public near Ehrhardt Rd and Pocketville Rd, NW of Ehrhardt.  Time estimated."
SOUTH CAROLINA,45,2024,Hail,0,0,0,0,0.10K,33.29,-80.82,"A strong upper level disturbance contributed to scattered showers and thunderstorms, one of which reached severe limits.","A trained spotter submitted photos of one quarter to one half inch hail, via social media, 3 miles north of Branchville on Hwy 21.  Time estimated."
SOUTH CAROLINA,45,2024,Thunderstorm Wind,0,0,0,0,1.00K,33.1,-80.68,"Thunderstorms developed across the South Carolina Midlands and moved into the Lowcountry during the late evening hours. A couple of thunderstorms became strong enough to produce gusty winds, knocking down a few trees in Colleton County.",Colleton County Emergency Management reported a tree down at the 8700 block of Augusta Highway.
SOUTH CAROLINA,45,2024,Thunderstorm Wind,0,0,0,0,1.00K,32.95,-80.65,"Thunderstorms developed across the South Carolina Midlands and moved into the Lowcountry during the late evening hours. A couple of thunderstorms became strong enough to produce gusty winds, knocking down a few trees in Colleton County.",Colleton County Emergency Management reported a tree down at Jefferies Highway and Cougar Nation Drive.
SOUTH CAROLINA,45,2024,Thunderstorm Wind,0,0,0,0,NA,34,-81.02,"A band of showers and thunderstorms, associated with a cold front, moved through the region during the early morning of April 3, 2024.  Some of the storms produced strong damaging wind gusts.",University of SC PD reported a large tree fell on campus along Barnwell Rd between Pendleton St and Gibbes Ct.
SOUTH CAROLINA,45,2024,Thunderstorm Wind,0,0,0,0,1.00K,32.8,-80.78,Isolated to scattered thunderstorms developed across portions of southeast South Carolina in the late afternoon hours. One storm produced gusty winds in Colleton County.,Colleton County Emergency Management reported a tree and power lines down along the 3500 block of Black Creek Road.
SOUTH CAROLINA,45,2024,Hail,0,0,0,0,NA,34.78,-80.79,Considerable atmospheric instability and deep-layer shear produced severe thunderstorms  in the late afternoon along a cold frontal boundary that was stretched across the NE Midlands of SC.,"A public report, submitted via mPING, of quarter sized hail north of Lancaster."
SOUTH CAROLINA,45,2024,Hail,0,0,0,0,NA,34.75,-80.73,Considerable atmospheric instability and deep-layer shear produced severe thunderstorms  in the late afternoon along a cold frontal boundary that was stretched across the NE Midlands of SC.,"A trained spotter relayed a report, via social media, of 2 inch diameter hail, NE of Lancaster. Exact location not provided."
SOUTH CAROLINA,45,2024,Hail,0,0,0,0,NA,34.6992,-80.6779,Considerable atmospheric instability and deep-layer shear produced severe thunderstorms  in the late afternoon along a cold frontal boundary that was stretched across the NE Midlands of SC.,"Public reported quarter to ping pong ball sized hail near the intersection of Potter Rd and Beacon Rd, east of Lancaster."
SOUTH CAROLINA,45,2024,Hail,0,0,0,0,NA,34.65,-80.39,Considerable atmospheric instability and deep-layer shear produced severe thunderstorms  in the late afternoon along a cold frontal boundary that was stretched across the NE Midlands of SC.,"A trained spotter reported pea to dime sized hail, lasting about 5 minutes, in Jefferson. | Photos were relayed via social media."
SOUTH CAROLINA,45,2024,Hail,0,0,0,0,NA,34.908,-81.885,Isolated thunderstorms developed across upstate South Carolina during the late afternoon and evening. One of the storms produced isolated large hail and locally damaging wind gusts.,Public reported up to half dollar size hail.
SOUTH CAROLINA,45,2024,Thunderstorm Wind,0,0,0,0,0.00K,34.83,-81.87,Isolated thunderstorms developed across upstate South Carolina during the late afternoon and evening. One of the storms produced isolated large hail and locally damaging wind gusts.,County comms reported a tree and power lines blown down in the Pauline area.
SOUTH CAROLINA,45,2024,Thunderstorm Wind,0,0,0,0,0.00K,34.72,-81.68,Isolated thunderstorms developed across upstate South Carolina during the late afternoon and evening. One of the storms produced isolated large hail and locally damaging wind gusts.,County comms reported a couple of trees blown down in the  Buffalo area.
SOUTH CAROLINA,45,2024,Thunderstorm Wind,0,0,0,0,500.00K,35.007,-81.255,An isolated thunderstorm developed over the North Carolina foothills during the afternoon and steadily intensified as it moved southeast into the South Carolina Piedmont. The storm evolved into an intense supercell over York County and produced downburst winds up to 90 mph and very large hail up to baseball size. Wind-driven hail caused extensive structural damage in the city of Rock Hill.,"NWS storm survey found a virtually continuous path of downburst damage from the city of York, southeast across the city of Rock Hill, across the Catawba community to the Lancaster County border. Widespread trees and power lines were blow down along this path. Numerous homes experienced mostly minor structural damage."
SOUTH CAROLINA,45,2024,Thunderstorm Wind,0,0,0,0,1.00M,34.928,-81.063,An isolated thunderstorm developed over the North Carolina foothills during the afternoon and steadily intensified as it moved southeast into the South Carolina Piedmont. The storm evolved into an intense supercell over York County and produced downburst winds up to 90 mph and very large hail up to baseball size. Wind-driven hail caused extensive structural damage in the city of Rock Hill.,"Within a larger swath of wind damage, an especially intense downburst producing wind gusts of around 90 mph developed over the city of Rock Hill. Mostly minor structural damage due solely to wind occurred to hundreds of structures, mainly just south of the city center. Wind-driven very large hail further exacerbated the damage (see York County large hail entry for more info)."
SOUTH CAROLINA,45,2024,Hail,0,0,0,0,NA,34.54,-80.6,Considerable atmospheric instability and deep-layer shear produced severe thunderstorms  in the late afternoon along a cold frontal boundary that was stretched across the NE Midlands of SC.,Small hail was reported by a trained spotter in Kershaw. Time estimated.
SOUTH CAROLINA,45,2024,Thunderstorm Wind,0,0,0,0,NA,34.6113,-80.4006,Considerable atmospheric instability and deep-layer shear produced severe thunderstorms  in the late afternoon along a cold frontal boundary that was stretched across the NE Midlands of SC.,"A trained spotter relayed a report of a large oak tree which was downed on Mount Pisgah Church Rd, about one half mile NE of the bridge over the Lynches River.  Time estimated."
SOUTH CAROLINA,45,2024,Thunderstorm Wind,0,0,0,0,NA,34.64,-80.34,Considerable atmospheric instability and deep-layer shear produced severe thunderstorms  in the late afternoon along a cold frontal boundary that was stretched across the NE Midlands of SC.,"A trained spotter relayed photos, via social media, of multiple power poles snapped at Long Branch Church Rd and Sandhills VFD Rd near Jefferson.  Time estimated."
SOUTH CAROLINA,45,2024,Thunderstorm Wind,0,0,0,0,NA,34.4054,-80.2555,Considerable atmospheric instability and deep-layer shear produced severe thunderstorms  in the late afternoon along a cold frontal boundary that was stretched across the NE Midlands of SC.,"SCDPS website listed a tree down in the roadway at Union School Rd and Floyd Farm Rd, south of McBee.  Time estimated."
SOUTH CAROLINA,45,2024,Thunderstorm Wind,0,0,0,0,NA,34.6349,-80.4114,Considerable atmospheric instability and deep-layer shear produced severe thunderstorms  in the late afternoon along a cold frontal boundary that was stretched across the NE Midlands of SC.,Trees and power lines were downed at Hwy 265 and Hilton Rd.  Time estimated.
SOUTH CAROLINA,45,2024,Thunderstorm Wind,0,0,0,0,NA,34.6587,-80.3879,Considerable atmospheric instability and deep-layer shear produced severe thunderstorms  in the late afternoon along a cold frontal boundary that was stretched across the NE Midlands of SC.,"Thunderstorm downburst winds took down numerous trees and power lines in a swath stretching from the town of Jefferson to east of Jefferson.  Locations of downed trees and power lines included N Main St at Funderburk St, Billy Jenkins Ln, Hwy 265 at C P Simpson Rd, Long Branch Rd and Steen Rd, Hwy 265 at Long Branch Church Rd, and McCaskill Rd."
SOUTH CAROLINA,45,2024,Thunderstorm Wind,0,0,0,0,1.00K,32.77,-80.46,"Thunderstorms developed across the South Carolina Midlands and moved into the Lowcountry during the late evening hours. A couple of thunderstorms became strong enough to produce gusty winds, knocking down a few trees in Colleton County.",Colleton County Emergency Management reported a tree down at Ace Basin Parkway and Charleston Highway.
SOUTH CAROLINA,45,2024,Hail,0,0,0,0,25.00M,34.99,-81.223,An isolated thunderstorm developed over the North Carolina foothills during the afternoon and steadily intensified as it moved southeast into the South Carolina Piedmont. The storm evolved into an intense supercell over York County and produced downburst winds up to 90 mph and very large hail up to baseball size. Wind-driven hail caused extensive structural damage in the city of Rock Hill.,"Multiple sources reported an almost continuous swath of very large hail ranging from 2-inch diameter up to baseball size from the city of York through the city of Rock Hill. Intense downbursts producing wind gusts as high as 90 mph resulted in areas of wind-driven hail that produced extensive damage to structures and vehicles. The largest hail and most intense damage was in the city of Rock Hill, especially just south of the city center. Extensive roof damage, blown out windows, and facade/siding damage shredded by very large hail resulted in more than a dozen structures being considered a total loss. Hundreds of other structures experienced at least minor damage. Thousands of vehicles were damaged or destroyed. A few minor injuries also occurred."
SOUTH CAROLINA,45,2024,Hail,0,0,0,0,NA,34.893,-80.974,An isolated thunderstorm developed over the North Carolina foothills during the afternoon and steadily intensified as it moved southeast into the South Carolina Piedmont. The storm evolved into an intense supercell over York County and produced downburst winds up to 90 mph and very large hail up to baseball size. Wind-driven hail caused extensive structural damage in the city of Rock Hill.,Ham radio operators reported quarter size hail from the Lesslie community through Catawba to the Lancaster County border.
SOUTH CAROLINA,45,2024,Hail,0,0,0,0,NA,34.99,-81.01,An isolated thunderstorm developed over the North Carolina foothills during the afternoon and steadily intensified as it moved southeast into the South Carolina Piedmont. The storm evolved into an intense supercell over York County and produced downburst winds up to 90 mph and very large hail up to baseball size. Wind-driven hail caused extensive structural damage in the city of Rock Hill.,Public reported 3/4 inch hail in the Tega Cay area.
SOUTH CAROLINA,45,2024,Thunderstorm Wind,0,0,0,0,NA,34.7504,-80.5053,Considerable atmospheric instability and deep-layer shear produced severe thunderstorms  in the late afternoon along a cold frontal boundary that was stretched across the NE Midlands of SC.,"Trees and power lines were downed on SC Hwy 9 at Hills Creek Rd, west of Pageland.  Time estimated."
SOUTH CAROLINA,45,2024,Thunderstorm Wind,0,0,0,0,NA,34.6331,-80.2708,Considerable atmospheric instability and deep-layer shear produced severe thunderstorms  in the late afternoon along a cold frontal boundary that was stretched across the NE Midlands of SC.,Trees were downed on Sycamore Rd and Angelus Rd. Time estimated.
SOUTH CAROLINA,45,2024,Thunderstorm Wind,0,0,0,0,NA,34.5289,-79.8955,Considerable atmospheric instability and deep-layer shear produced severe thunderstorms  in the late afternoon along a cold frontal boundary that was stretched across the NE Midlands of SC.,Trees were downed on Byrd Rd at Funderburk Rd.  Time estimated.
SOUTH CAROLINA,45,2024,Thunderstorm Wind,0,0,0,0,0.00K,34.2,-80.07,"Widespread showers and storms were all sub-severe except for an apparent very small scale wet microburst in Darlington County, SC.","Multiple trees were reported down along Cottonflower Road near Lamar, SC."
SOUTH CAROLINA,45,2024,Hail,0,0,0,0,NA,32.89,-79.99,Isolated thunderstorms developed in the afternoon hours along the sea breeze. One of these thunderstorms became strong enough to produce strong wind gusts and large hail in the North Charleston area.,A trained spotter reported quarter sized hail near the 5100 block of Lancaster Street.
SOUTH CAROLINA,45,2024,Thunderstorm Wind,0,0,0,0,NA,32.9,-80.04,Isolated thunderstorms developed in the afternoon hours along the sea breeze. One of these thunderstorms became strong enough to produce strong wind gusts and large hail in the North Charleston area.,A severe thunderstorm produced a 59 mph (51 knot) wind gust at the Charleston International Airport (KCHS).
SOUTH CAROLINA,45,2024,Lightning,0,0,0,0,10.00K,32.43,-80.74,"Numerous thunderstorms developed in the late afternoon hours across Beaufort County. These thunderstorms produced frequent cloud to ground lightning, with several lightning strikes to homes and other structures.",Beaufort County dispatch reported that lightning struck a home in Burton and started a fire. No injuries were reported.
SOUTH CAROLINA,45,2024,Lightning,0,0,0,0,10.00K,32.23,-80.91,"Numerous thunderstorms developed in the late afternoon hours across Beaufort County. These thunderstorms produced frequent cloud to ground lightning, with several lightning strikes to homes and other structures.",A lightning strike started a structure fire on Foxchase Lane.
SOUTH CAROLINA,45,2024,Lightning,0,0,0,0,10.00K,32.29,-80.95,"Numerous thunderstorms developed in the late afternoon hours across Beaufort County. These thunderstorms produced frequent cloud to ground lightning, with several lightning strikes to homes and other structures.",A lightning strike started a structure fire on Lake Somerset Circle.
SOUTH CAROLINA,45,2024,Thunderstorm Wind,0,0,0,0,1.00K,33,-80.24,Scattered to numerous thunderstorms developed in the early afternoon hours across southeast South Carolina and moved toward the coast. A few of these thunderstorms became strong enough to produce damaging wind gusts.,South Carolina Highway Patrol reported a tree down on Stephanie Circle.
SOUTH CAROLINA,45,2024,Thunderstorm Wind,0,0,0,0,1.00K,32.91,-80.67,Scattered to numerous thunderstorms developed in the early afternoon hours across southeast South Carolina and moved toward the coast. A few of these thunderstorms became strong enough to produce damaging wind gusts.,Colleton County Emergency Management reported a tree down on Lands End Road.
SOUTH CAROLINA,45,2024,Thunderstorm Wind,0,0,0,0,1.00K,32.8,-80.86,Scattered to numerous thunderstorms developed in the early afternoon hours across southeast South Carolina and moved toward the coast. A few of these thunderstorms became strong enough to produce damaging wind gusts.,Colleton County Emergency Management reported a tree down on Low Country Highway near State Road S-15-28.
SOUTH CAROLINA,45,2024,Thunderstorm Wind,0,0,0,0,NA,32.49,-81,Scattered to numerous thunderstorms developed in the early afternoon hours across southeast South Carolina and moved toward the coast. A few of these thunderstorms became strong enough to produce damaging wind gusts.,Jasper County dispatch reported two small trees down near the intersection of Great Swamp Road and Gensie Shuman Road.
SOUTH CAROLINA,45,2024,Thunderstorm Wind,0,0,0,0,NA,32.55,-80.77,Scattered to numerous thunderstorms developed in the early afternoon hours across southeast South Carolina and moved toward the coast. A few of these thunderstorms became strong enough to produce damaging wind gusts.,Beaufort County dispatch reported a tree limb down on a power line in the 1900 block of Trask Parkway. The downed power line eventually started a fire on the tree.
SOUTH CAROLINA,45,2024,Thunderstorm Wind,0,0,0,0,1.00K,32.75,-80.75,Scattered to numerous thunderstorms developed in the early afternoon hours across southeast South Carolina and moved toward the coast. A few of these thunderstorms became strong enough to produce damaging wind gusts.,Colleton County dispatch reported a tree down at the intersection of Hendersonville Highway and Combahee Road.
SOUTH CAROLINA,45,2024,Thunderstorm Wind,0,0,0,0,NA,32.57,-80.92,Scattered to numerous thunderstorms developed in the early afternoon hours across southeast South Carolina and moved toward the coast. A few of these thunderstorms became strong enough to produce damaging wind gusts.,South Carolina Highway Patrol reported a tree down on Coosaw Scenic Drive.
SOUTH CAROLINA,45,2024,Thunderstorm Wind,0,0,0,0,NA,32.5,-80.74,Scattered to numerous thunderstorms developed in the early afternoon hours across southeast South Carolina and moved toward the coast. A few of these thunderstorms became strong enough to produce damaging wind gusts.,Beaufort County Emergency Management reported a tree down at 58 Big Road.
SOUTH CAROLINA,45,2024,Thunderstorm Wind,0,0,0,0,1.00K,32.64,-80.78,Scattered to numerous thunderstorms developed in the early afternoon hours across southeast South Carolina and moved toward the coast. A few of these thunderstorms became strong enough to produce damaging wind gusts.,Beaufort County Emergency Management reported a tree down at 156 Twickenham Road.
SOUTH CAROLINA,45,2024,Lightning,0,0,0,0,50.00K,32.14,-80.81,Scattered to numerous thunderstorms developed in the early afternoon hours across southeast South Carolina and moved toward the coast. A few of these thunderstorms became strong enough to produce damaging wind gusts.,Hilton Head Island Emergency Management reported four structures struck by lightning near the Harbour Town area. The lightning strikes occurred between 8 pm EST and 9 pm EST. A fire occurred at one of the structures.
SOUTH CAROLINA,45,2024,Flash Flood,0,0,0,0,0.00K,33.9877,-81.0284,"Tropical Storm Helene formed in the NW Caribbean Sea on September 24. Helene moved northward into the Gulf of Mexico where it strengthened into a hurricane on September 25. During the day on September 26, Helene remained off the coast of Florida and an upper low over the southeast US led to strong moisture transport and strong forcing over the area. Heavy rain rates and training bands led to flash flooding developing. Increasing shear associated with the hurricane also led to the development of several tornadoes in heavy rain bands.",USGS gage along Rocky Branch Creek at the intersection of Whaley St and Main St in Columbia exceed flood stage and crested at 9.56 feet. The roadway was closed due to flooding.
SOUTH CAROLINA,45,2024,Flash Flood,0,0,0,0,0.00K,33.9884,-81.027,"Tropical Storm Helene formed in the NW Caribbean Sea on September 24. Helene moved northward into the Gulf of Mexico where it strengthened into a hurricane on September 25. During the day on September 26, Helene remained off the coast of Florida and an upper low over the southeast US led to strong moisture transport and strong forcing over the area. Heavy rain rates and training bands led to flash flooding developing. Increasing shear associated with the hurricane also led to the development of several tornadoes in heavy rain bands.","USGS stream gage along Rocky Branch Creek went above flood stage, causing the intersection of Main St and Whaley St to flood. Columbia Police closed the roadway due to the flooding. The stream crested at 10.32 feet."
SOUTH CAROLINA,45,2024,Flash Flood,0,0,0,0,0.00K,34.1283,-80.8588,"Tropical Storm Helene formed in the NW Caribbean Sea on September 24. Helene moved northward into the Gulf of Mexico where it strengthened into a hurricane on September 25. During the day on September 26, Helene remained off the coast of Florida and an upper low over the southeast US led to strong moisture transport and strong forcing over the area. Heavy rain rates and training bands led to flash flooding developing. Increasing shear associated with the hurricane also led to the development of several tornadoes in heavy rain bands.",SC Hwy Patrol reported Two Notch Rd near Spears Creek Church Rd was washed out.
SOUTH CAROLINA,45,2024,Flash Flood,0,0,0,0,0.00K,33.9892,-81.0441,"Tropical Storm Helene formed in the NW Caribbean Sea on September 24. Helene moved northward into the Gulf of Mexico where it strengthened into a hurricane on September 25. During the day on September 26, Helene remained off the coast of Florida and an upper low over the southeast US led to strong moisture transport and strong forcing over the area. Heavy rain rates and training bands led to flash flooding developing. Increasing shear associated with the hurricane also led to the development of several tornadoes in heavy rain bands.",Columbia Police closed the intersection of Blossom St and Huger St due to flooding.
SOUTH CAROLINA,45,2024,Flash Flood,0,0,0,0,0.00K,34.0311,-80.9832,"Tropical Storm Helene formed in the NW Caribbean Sea on September 24. Helene moved northward into the Gulf of Mexico where it strengthened into a hurricane on September 25. During the day on September 26, Helene remained off the coast of Florida and an upper low over the southeast US led to strong moisture transport and strong forcing over the area. Heavy rain rates and training bands led to flash flooding developing. Increasing shear associated with the hurricane also led to the development of several tornadoes in heavy rain bands.",Covenant Rd impassable due to flooding near Roberts Spring Rd.
SOUTH CAROLINA,45,2024,Flash Flood,0,0,0,0,3.00K,34.0285,-80.978,"Tropical Storm Helene formed in the NW Caribbean Sea on September 24. Helene moved northward into the Gulf of Mexico where it strengthened into a hurricane on September 25. During the day on September 26, Helene remained off the coast of Florida and an upper low over the southeast US led to strong moisture transport and strong forcing over the area. Heavy rain rates and training bands led to flash flooding developing. Increasing shear associated with the hurricane also led to the development of several tornadoes in heavy rain bands.",Atascadero Dr was closed due to flooding of Eightmile Branch. Homes along Atascadero Dr were taking on water.
SOUTH CAROLINA,45,2024,Flash Flood,0,0,0,0,2.00K,34.0191,-80.9633,"Tropical Storm Helene formed in the NW Caribbean Sea on September 24. Helene moved northward into the Gulf of Mexico where it strengthened into a hurricane on September 25. During the day on September 26, Helene remained off the coast of Florida and an upper low over the southeast US led to strong moisture transport and strong forcing over the area. Heavy rain rates and training bands led to flash flooding developing. Increasing shear associated with the hurricane also led to the development of several tornadoes in heavy rain bands.",Gills Creek flooded making Forest Dr in Forest Acres impassable. A vehicle become stuck in floodwaters.
SOUTH CAROLINA,45,2024,Flash Flood,0,0,0,0,0.00K,34.0271,-81.0407,"Tropical Storm Helene formed in the NW Caribbean Sea on September 24. Helene moved northward into the Gulf of Mexico where it strengthened into a hurricane on September 25. During the day on September 26, Helene remained off the coast of Florida and an upper low over the southeast US led to strong moisture transport and strong forcing over the area. Heavy rain rates and training bands led to flash flooding developing. Increasing shear associated with the hurricane also led to the development of several tornadoes in heavy rain bands.",USGS stream gage along Smith Branch at N Main St indicated the creek overflowed its banks leading to some inundation of roads near the creek. The creek crested at 10.65 ft.
SOUTH CAROLINA,45,2024,Tornado,0,0,0,0,NA,33.3231,-80.915,"Tropical Storm Helene formed in the NW Caribbean Sea on September 24. Helene moved northward into the Gulf of Mexico where it strengthened into a hurricane on September 25. During the day on September 26, Helene remained off the coast of Florida and an upper low over the southeast US led to strong moisture transport and strong forcing over the area. Heavy rain rates and training bands led to flash flooding developing. Increasing shear associated with the hurricane also led to the development of several tornadoes in heavy rain bands.","A long-track, EF1 tornado touched down east of Canaan, SC on|9/26/24. It produced widespread tree damage along its path|northwestward, producing EF1 damage to trees in multiple spots|west of Cordova, SC. The tornado initially moved north before crossing |Blewer Road and Elder Branch Road, causing EF1 tree damage in the |area. The tornado then turned northwest near Cordova and caused |additional EF1 tree damage along Leraleigh Road. It finally lifted near |Gravel Hill, SC after producing mostly minor tree damage near the town."
SOUTH CAROLINA,45,2024,Tornado,0,0,0,0,0.00K,33.0754,-80.9887,"Tropical Storm Helene formed in the NW Caribbean Sea on September 24. Helene moved northward into the Gulf of Mexico where it strengthened into a hurricane on September 25. During the day on September 26, Helene remained off the coast of Florida and an upper low over the southeast US led to strong moisture transport and strong forcing over the area. Heavy rain rates and training bands led to flash flooding developing. Increasing shear associated with the hurricane also led to the development of several tornadoes in heavy rain bands.","Tornado continued into Bamberg County after it touched down in Colleton County. The tornado moved to the northwest before it turned more northward and passed to the east of Ehrhardt, where several trees were noted snapped at the trunk along Bells Highway and Morningstar Ln. The tornado then lifted near or just east of 601, near Baucham Rd."
SOUTH CAROLINA,45,2024,Tornado,0,0,0,0,0.00K,33.223,-80.7256,"Tropical Storm Helene formed in the NW Caribbean Sea on September 24. Helene moved northward into the Gulf of Mexico where it strengthened into a hurricane on September 25. Helene made landfall as a major hurricane in the Big Bend area of Florida the night of September 26 before quickly moving inland into east central Georgia by early morning on September 27. Helene weakened to a strong tropical storm and produced widespread significant wind damage, including wind gusts above 100 mph across east central Georgia and central South Carolina as well as numerous tornadoes. Numerous fatalities and injuries were reported associated with the passage of Helene.","A weak tornado developed early on 9/27 in association with|Hurricane Helene's outer rain bands. Weak, EF0 tree damage began|near Highway 78 just inside Orangeburg County and then moved|north-northwestward. The tornado crossed Cattle Creek Road, then|turned slightly more northerly before crossing Bowman Branch|Highway. Continuing north, the tornado caused damage along|Funchess Rd and continued north-northwestward before ending near|Garland Road north of Rowesville."
SOUTH CAROLINA,45,2024,Tornado,0,0,0,0,0.00K,33.2558,-80.6651,"Tropical Storm Helene formed in the NW Caribbean Sea on September 24. Helene moved northward into the Gulf of Mexico where it strengthened into a hurricane on September 25. Helene made landfall as a major hurricane in the Big Bend area of Florida the night of September 26 before quickly moving inland into east central Georgia by early morning on September 27. Helene weakened to a strong tropical storm and produced widespread significant wind damage, including wind gusts above 100 mph across east central Georgia and central South Carolina as well as numerous tornadoes. Numerous fatalities and injuries were reported associated with the passage of Helene.","A weak tornado occurred on 9/27 in association with Hurricane|Helene's outer rain bands. This tornado began just inside the|Orangeburg county line along Reevesville Rd near Rigby Rd.|EF0 tree damage was most common along the path as the tornado|moved northward, crossing Wayside Dr and Highway 210. The tornado|then turned northwestward along Highway 178 then veering back|north before dissipating on the north side of Highway 301."
SOUTH CAROLINA,45,2024,Tornado,0,0,0,0,0.00K,33.7245,-81.0061,"Tropical Storm Helene formed in the NW Caribbean Sea on September 24. Helene moved northward into the Gulf of Mexico where it strengthened into a hurricane on September 25. Helene made landfall as a major hurricane in the Big Bend area of Florida the night of September 26 before quickly moving inland into east central Georgia by early morning on September 27. Helene weakened to a strong tropical storm and produced widespread significant wind damage, including wind gusts above 100 mph across east central Georgia and central South Carolina as well as numerous tornadoes. Numerous fatalities and injuries were reported associated with the passage of Helene.","The tornado, which began in Calhoun County and produced EF1 damage, continued into Lexington County and crossed St Matthews Rd near Chaplin Rd where EF0 tree damage occurred. The tornado continued to the northwest and continued in Calhoun County."
SOUTH CAROLINA,45,2024,Tornado,0,0,0,0,0.00K,33.7572,-81.0342,"Tropical Storm Helene formed in the NW Caribbean Sea on September 24. Helene moved northward into the Gulf of Mexico where it strengthened into a hurricane on September 25. Helene made landfall as a major hurricane in the Big Bend area of Florida the night of September 26 before quickly moving inland into east central Georgia by early morning on September 27. Helene weakened to a strong tropical storm and produced widespread significant wind damage, including wind gusts above 100 mph across east central Georgia and central South Carolina as well as numerous tornadoes. Numerous fatalities and injuries were reported associated with the passage of Helene.","A tornado began in Calhoun County, continued into Lexington County and then moved back into the westernmost portion of Calhoun County. While EF1 damage occurred in the first segment in Calhoun County, EF0 tree damage occurred in this part of the county along the Lexington County line at Pine Plain Rd. The tornado continued northwest back into Lexington County."
SOUTH CAROLINA,45,2024,Tornado,0,0,0,0,0.00K,33.4088,-80.3067,"Tropical Storm Helene formed in the NW Caribbean Sea on September 24. Helene moved northward into the Gulf of Mexico where it strengthened into a hurricane on September 25. Helene made landfall as a major hurricane in the Big Bend area of Florida the night of September 26 before quickly moving inland into east central Georgia by early morning on September 27. Helene weakened to a strong tropical storm and produced widespread significant wind damage, including wind gusts above 100 mph across east central Georgia and central South Carolina as well as numerous tornadoes. Numerous fatalities and injuries were reported associated with the passage of Helene.","A brief, EF0 tornado touched down northwest of the town of Eutaw|Springs on September 27. It began along Sinkler Avenue and|produced minor tree damage along its path before lifting along|Belvedere Dr near Fountain Lake."
SOUTH CAROLINA,45,2024,Tornado,0,0,0,0,0.00K,33.5197,-80.4321,"Tropical Storm Helene formed in the NW Caribbean Sea on September 24. Helene moved northward into the Gulf of Mexico where it strengthened into a hurricane on September 25. Helene made landfall as a major hurricane in the Big Bend area of Florida the night of September 26 before quickly moving inland into east central Georgia by early morning on September 27. Helene weakened to a strong tropical storm and produced widespread significant wind damage, including wind gusts above 100 mph across east central Georgia and central South Carolina as well as numerous tornadoes. Numerous fatalities and injuries were reported associated with the passage of Helene.","A brief tornado touched down on the east side of I95, crossing|over and doing minor tree damage along Saint Paul Rd and Cooper|Lane."
SOUTH CAROLINA,45,2024,Tornado,0,0,0,0,0.00K,33.7838,-81.0509,"Tropical Storm Helene formed in the NW Caribbean Sea on September 24. Helene moved northward into the Gulf of Mexico where it strengthened into a hurricane on September 25. Helene made landfall as a major hurricane in the Big Bend area of Florida the night of September 26 before quickly moving inland into east central Georgia by early morning on September 27. Helene weakened to a strong tropical storm and produced widespread significant wind damage, including wind gusts above 100 mph across east central Georgia and central South Carolina as well as numerous tornadoes. Numerous fatalities and injuries were reported associated with the passage of Helene.",Tornado continued into Lexington County from Calhoun County. EF0 tree damage was observed along the Calhoun-Lexington County line at Pine Plain Rd. The tornado continued northwest and produced EF0 tree damage along Mack St east of Gaston and dissipated near the intersection of Sturkie Ln and Irvin Jumper St.
SOUTH CAROLINA,45,2024,Flash Flood,0,0,0,0,0.00K,33.6129,-82.0258,"Tropical Storm Helene formed in the NW Caribbean Sea on September 24. Helene moved northward into the Gulf of Mexico where it strengthened into a hurricane on September 25. Helene made landfall as a major hurricane in the Big Bend area of Florida the night of September 26 before quickly moving inland into east central Georgia by early morning on September 27. Helene weakened to a strong tropical storm and produced widespread significant wind damage, including wind gusts above 100 mph across east central Georgia and central South Carolina as well as numerous tornadoes. Numerous fatalities and injuries were reported associated with the passage of Helene.",Spotter sent pictures of flash flooding off of Stevens Creek along W Martintown Rd from rainfall that occurred in the core of Helene.
SOUTH CAROLINA,45,2024,Tornado,0,0,0,0,0.00K,33.388,-80.5684,"Tropical Storm Helene formed in the NW Caribbean Sea on September 24. Helene moved northward into the Gulf of Mexico where it strengthened into a hurricane on September 25. Helene made landfall as a major hurricane in the Big Bend area of Florida the night of September 26 before quickly moving inland into east central Georgia by early morning on September 27. Helene weakened to a strong tropical storm and produced widespread significant wind damage, including wind gusts above 100 mph across east central Georgia and central South Carolina as well as numerous tornadoes. Numerous fatalities and injuries were reported associated with the passage of Helene.","A long track EF-1 tornado from an outer band of Tropical Storm Helene began in eastern Orangeburg County and crossed into western Calhoun county north of Cameron Rd, just southwest of Cameron. The tornado began west of Providence near Little Bull Swamp and then continued northwest crossing Five Chop Road. Moving northwest, EF-1 tree damage was observed along Wild Hearts Road, Whisperwood Road, and Sleepy Hollow Road. The tornado then crossed Cameron Road northeast of Orangeburg. Scattered EF-0 damage was observed in Calhoun County."
SOUTH CAROLINA,45,2024,Tornado,0,0,0,0,0.00K,33.552,-80.7351,"Tropical Storm Helene formed in the NW Caribbean Sea on September 24. Helene moved northward into the Gulf of Mexico where it strengthened into a hurricane on September 25. Helene made landfall as a major hurricane in the Big Bend area of Florida the night of September 26 before quickly moving inland into east central Georgia by early morning on September 27. Helene weakened to a strong tropical storm and produced widespread significant wind damage, including wind gusts above 100 mph across east central Georgia and central South Carolina as well as numerous tornadoes. Numerous fatalities and injuries were reported associated with the passage of Helene.","A long track EF-1 tornado from an outer band of Tropical Storm Helene began in eastern Orangeburg County and crossed into western Calhoun county north of Cameron Rd, just southwest of Cameron. While EF-1 damage was observed in Orangeburg County, EF-0 tree damage was observed in Calhoun County along Hwy 176. The tornado lifted along Highway 176 near Big Beaver Creek."
SOUTH CAROLINA,45,2024,Tornado,0,0,0,0,0.00K,33.5577,-80.2287,"Tropical Storm Helene formed in the NW Caribbean Sea on September 24. Helene moved northward into the Gulf of Mexico where it strengthened into a hurricane on September 25. During the day on September 26, Helene remained off the coast of Florida and an upper low over the southeast US led to strong moisture transport and strong forcing over the area. Heavy rain rates and training bands led to flash flooding developing. Increasing shear associated with the hurricane also led to the development of several tornadoes in heavy rain bands.","A brief, EF0 tornado touched down along the northeastern side of|Lake Marion on Sept 26, 2024. The tornado began its life near|Russel Dr and produced minor tree damage along its path before|lifting north of Pearson Rd."
SOUTH CAROLINA,45,2024,Flash Flood,0,0,0,0,0.00K,33.2337,-81.1572,"Tropical Storm Helene formed in the NW Caribbean Sea on September 24. Helene moved northward into the Gulf of Mexico where it strengthened into a hurricane on September 25. During the day on September 26, Helene remained off the coast of Florida and an upper low over the southeast US led to strong moisture transport and strong forcing over the area. Heavy rain rates and training bands led to flash flooding developing. Increasing shear associated with the hurricane also led to the development of several tornadoes in heavy rain bands.",SCDOT closed Middle Place Rd near Govan Rd due to flooding.
SOUTH CAROLINA,45,2024,Flash Flood,0,0,0,0,10.00K,33.2979,-81.035,"Tropical Storm Helene formed in the NW Caribbean Sea on September 24. Helene moved northward into the Gulf of Mexico where it strengthened into a hurricane on September 25. During the day on September 26, Helene remained off the coast of Florida and an upper low over the southeast US led to strong moisture transport and strong forcing over the area. Heavy rain rates and training bands led to flash flooding developing. Increasing shear associated with the hurricane also led to the development of several tornadoes in heavy rain bands.",Bamberg County Government reported significant flooding along Hwy 301 in the town of Bamberg.
SOUTH CAROLINA,45,2024,Flash Flood,0,0,0,0,5.00K,33.9732,-81.0161,"Tropical Storm Helene formed in the NW Caribbean Sea on September 24. Helene moved northward into the Gulf of Mexico where it strengthened into a hurricane on September 25. During the day on September 26, Helene remained off the coast of Florida and an upper low over the southeast US led to strong moisture transport and strong forcing over the area. Heavy rain rates and training bands led to flash flooding developing. Increasing shear associated with the hurricane also led to the development of several tornadoes in heavy rain bands.",Richland County EM reported a car stuck in floodwaters at Key Rd near Market St.
SOUTH CAROLINA,45,2024,Tornado,0,0,0,0,45.00K,33.9291,-80.4901,"Tropical Storm Helene formed in the NW Caribbean Sea on September 24. Helene moved northward into the Gulf of Mexico where it strengthened into a hurricane on September 25. Helene made landfall as a major hurricane in the Big Bend area of Florida the night of September 26 before quickly moving inland into east central Georgia by early morning on September 27. Helene weakened to a strong tropical storm and produced widespread significant wind damage, including wind gusts above 100 mph across east central Georgia and central South Carolina as well as numerous tornadoes. Numerous fatalities and injuries were reported associated with the passage of Helene.","A brief, but wide, EF-0 tornado associated with Hurricane Helene |began near Squaw Valley Road north of Wedgefield in Sumter County |at 532 AM. The tornado uprooted multiple trees and snapped large|branches as it moved north across Cane Savannah Rd and eventually|Route 76/378. It continued into a neighborhood causing additional|large tree damage, with a tree falling across Brookland Drive.|One home on Brookland Drive suffered damage from a large|tree falling on it, while other yards had multiple large limbs|snapped and/or trees uprooted. The tornado continued northwest|causing a large tree to uproot and fall across powerlines and|North Kings Highway which caused traffic delays. The tornado|turned slightly more northward where it uprooted trees and|snapped large limbs near the Beech Creek Golf Club before it|lifted around 538 AM."
SOUTH CAROLINA,45,2024,Tornado,0,0,0,0,0.00K,33.6433,-80.9454,"Tropical Storm Helene formed in the NW Caribbean Sea on September 24. Helene moved northward into the Gulf of Mexico where it strengthened into a hurricane on September 25. Helene made landfall as a major hurricane in the Big Bend area of Florida the night of September 26 before quickly moving inland into east central Georgia by early morning on September 27. Helene weakened to a strong tropical storm and produced widespread significant wind damage, including wind gusts above 100 mph across east central Georgia and central South Carolina as well as numerous tornadoes. Numerous fatalities and injuries were reported associated with the passage of Helene.","An EF1 tornado touched down associated with the outer bands of Helene in Calhoun County along Providence Rd near the Orangeburg County line. The tornado|produced EF1 damage to trees along Bull Swamp Rd near Kennerly Rd before continuing northwest, producing EF0 tree damage along Kennerly Rd. The tornado then continued into Lexington County."
SOUTH CAROLINA,45,2024,Thunderstorm Wind,0,0,0,0,10.00K,34.656,-83.119,"Scattered thunderstorms and storm clusters developed across upstate South Carolina during the afternoon into the evening. A few of the storms produced brief strong-to-damaging wind gusts. In addition, the storms tended to move slowly, and one slow-moving storm cluster produced very heavy rainfall and flash flooding in York County.",Public reported a large tree blew down onto and destroyed a car on Pump House Rd.
SOUTH CAROLINA,45,2024,Thunderstorm Wind,0,0,0,0,0.00K,35.03,-82.5,"Scattered thunderstorms and storm clusters developed across upstate South Carolina during the afternoon into the evening. A few of the storms produced brief strong-to-damaging wind gusts. In addition, the storms tended to move slowly, and one slow-moving storm cluster produced very heavy rainfall and flash flooding in York County.",Utility company reported several trees blown down on power lines in the Marietta area.
SOUTH CAROLINA,45,2024,Thunderstorm Wind,0,0,0,0,0.00K,34.562,-82.745,Widely scattered thunderstorms developed over upstate South Carolina throughout the afternoon. A couple of the storms produced brief damaging wind gusts.,Public reported multiple large trees blown down in the area around Upper View Terrace.
SOUTH CAROLINA,45,2024,Thunderstorm Wind,0,0,0,0,0.00K,34.54,-82.72,"Scattered thunderstorms and storm clusters developed across upstate South Carolina during the afternoon into the evening. A few of the storms produced brief strong-to-damaging wind gusts. In addition, the storms tended to move slowly, and one slow-moving storm cluster produced very heavy rainfall and flash flooding in York County.",Utility company reported trees blown down on power lines.
SOUTH CAROLINA,45,2024,Thunderstorm Wind,0,0,0,0,50.00K,35.12,-81.52,"Scattered thunderstorms and storm clusters developed across upstate South Carolina during the afternoon into the evening. A few of the storms produced brief strong-to-damaging wind gusts. In addition, the storms tended to move slowly, and one slow-moving storm cluster produced very heavy rainfall and flash flooding in York County.","Emergency manager reported multiple trees blown down in the Blacksburg area, with some on houses and roads."
SOUTH CAROLINA,45,2024,Flash Flood,0,0,0,0,2.00K,35.029,-80.971,"Scattered thunderstorms and storm clusters developed across upstate South Carolina during the afternoon into the evening. A few of the storms produced brief strong-to-damaging wind gusts. In addition, the storms tended to move slowly, and one slow-moving storm cluster produced very heavy rainfall and flash flooding in York County.","Law enforcement reported Jones Branch overflowed its banks in the Fort Mill Area after 4 to 5 inches of rain fell in just a couple of hours in association with a slow-moving cluster of thunderstorms. Harris Rd was inundated near I-77 by water from the creek. Additionally, media reported that a portion of I-77 was closed in this same area due to several feet of water inundating the roadway. It was not clear if this water was due to a tributary of Jones Branch overflowing its banks, or due to poor drainage."
SOUTH CAROLINA,45,2024,Flash Flood,0,0,0,0,25.00K,34.862,-81.064,"The remnants Tropical Storm Debby made landfall in the Florida Big Bend on the 5th, lifted steadily northeast across southeast Georgia before turning north through the South Carolina coastal plain and the North Carolina Piedmont on the 7th and 8th. Rainfall amounts of 4 to 7 inches with locally higher amounts resulted in flash flooding across York County. In addition, very gusty winds caused scattered downed trees, which resulted in sporadic damage to structures.","Multiple sources reported flash flooding developed across a portion of York County, mainly in areas just west and southwest of Rock Hill, after 4 to 7 inches of rain fell. The main streams impacted were Wildcat Creek, Fishing Creek and their tributaries. Water from a tributary inundated King Drive and College Downs Park with several inches of water. Stony Fork flooded Skyline Road and Highway 324, as well as Rambo Rd, with water over several driveways and entering the crawlspace of at least one home and surrounding another. Water from a tributary of Stony Fork inundated Williamson Rd. Fishing Creek overflowed onto Ogden Rd. Finally, a stream gauge on Wildcat Creek at Robertson Rd exceeded its established flood stage, indicating inundation of McConnells Highway. In addition, Calabash Branch overflowed onto Calabash Rd in the Clover area."
SOUTH CAROLINA,45,2024,Flash Flood,0,0,0,0,1.00K,34.981,-81.939,"The remnants Tropical Storm Debby made landfall in the Florida Big Bend on the 5th, lifted steadily northeast across southeast Georgia before turning north through the South Carolina coastal plain and the North Carolina Piedmont on the 7th and 8th. Rainfall amounts of 4 to 7 inches with locally higher amounts resulted in flash flooding across York County. In addition, very gusty winds caused scattered downed trees, which resulted in sporadic damage to structures.","Emergency manager reported isolated flash flooding developed across northern Spartanburg County after 2 to 4 inches of rain fell in just a few hours. Fish Camp road was inundated by flood water, most likely from Little Buck Creek. Old Whitney Rd was closed on the north side of Spartanburg due to flooding from a tributary of Lawsons Fork Creek."
SOUTH CAROLINA,45,2024,Thunderstorm Wind,0,0,0,0,NA,33.9201,-81.5049,"An upper trough axis remained just to the west of the forecast area with a stalled frontal boundary across the Midlands which became a focus for convection on the afternoon of 8/4. Strong instability developed by the afternoon with surface based CAPE values around 3000 J/kg, although wind shear remained weak, less than 25 knots. Mid level flow parallel to the northeast-southwest oriented frontal boundary increased the threat of training storms and flash flooding. Pre-existing extreme soil moisture from previous days of heavy rain significantly lowered flash flood guidance across parts of Richland county where flash flooding was again observed for the second consecutive day.",Trained spotter reports multiple large trees down near the intersection of E Columbia Ave and James St. Time estimated by radar.
SOUTH CAROLINA,45,2024,Thunderstorm Wind,0,0,0,0,0.00K,34.05,-80.96,Scattered strong thunderstorms moved through the Midlands producing scattered tree damage in the Columbia area.,SC Department of Public Safety reported a tree down on Arcadia Lake Drive.
SOUTH CAROLINA,45,2024,Thunderstorm Wind,0,0,0,0,0.00K,33.88,-81.19,"Scattered showers and thunderstorms developed across the forecast area which resulted in a singular report of wind damage in Lexington County, SC.",Pictures of tree damage to a property and adjacent wooded area on Pleasant View Drive in Lexington shared on social media. Time estimated by radar. Three inches of rain was also reported with this thunderstorm.
SOUTH CAROLINA,45,2024,Thunderstorm Wind,0,0,0,0,0.00K,34.42,-81.35,"The combination of a digging mid-level trough supported by a shortwave served as the forcing mechanism for thunderstorms across the Upstate of South Carolina. Strong to severe thunderstorms moved into the Northwestern Midlands during the evening hours resulting in areas of wind damage, especially across Newberry and Fairfield counties.",Fairfield County dispatch reported numerous trees down and power outages all across Fairfield County.
SOUTH CAROLINA,45,2024,Thunderstorm Wind,0,0,0,0,0.00K,34.36,-81.46,"The combination of a digging mid-level trough supported by a shortwave served as the forcing mechanism for thunderstorms across the Upstate of South Carolina. Strong to severe thunderstorms moved into the Northwestern Midlands during the evening hours resulting in areas of wind damage, especially across Newberry and Fairfield counties.",SC Highway Patrol reported a tree down near Highway 34 and Ringer Road.
SOUTH CAROLINA,45,2024,Flash Flood,0,0,0,0,0.00K,33.9631,-80.421,Training thunderstorms moved through Central Sumter County on the evening of August 12th producing up to 3.5 inches of rain in a few hours resulting in areas of localized flooding.,Sumter County dispatch reports flash flooding ongoing between Carter Road and Mason Road in Sumter.
SOUTH CAROLINA,45,2024,Flash Flood,0,0,0,0,5.00K,34.1501,-81.0004,"An upper trough and frontal boundary was approaching the region from the west. The atmosphere was quite unstable with surface based CAPE around 3000-4000 J/kg, 3000 J/kg of mixed layer CAPE. Wind shear was relatively weak with effective bulk shear less than 25 knots and atmospheric moisture was high with precipitable water values around 2 inches and dewpoints in the mid to upper 70s. Relatively weak wind shear combined with the very moist and unstable air mass supported slow moving and training thunderstorms conducive to flash flooding.  Several days of rainfall preceding this event contributed to the occurrence and severity of flash flooding in the Blythewood area and north of downtown Columbia due to saturated ground.",Columbia Fire responded to a vehicle caught in floodwaters along Fulmer Rd near Beasley Creek.
SOUTH CAROLINA,45,2024,Thunderstorm Wind,0,0,0,0,0.00K,35.01,-82.51,Scattered thunderstorms developed across upstate South Carolina during the afternoon. One of the storms produced brief damaging wind gusts in northern Greenville County.,Utility company reported trees blown down on power lines in the Marietta area.
SOUTH CAROLINA,45,2024,Thunderstorm Wind,0,0,0,0,0.00K,34.42,-81.71,"The combination of a digging mid-level trough supported by a shortwave served as the forcing mechanism for thunderstorms across the Upstate of South Carolina. Strong to severe thunderstorms moved into the Northwestern Midlands during the evening hours resulting in areas of wind damage, especially across Newberry and Fairfield counties.",SC Highway Patrol reported a tree down along I-26.
SOUTH CAROLINA,45,2024,Thunderstorm Wind,0,0,0,0,0.00K,34.27,-81.36,"The combination of a digging mid-level trough supported by a shortwave served as the forcing mechanism for thunderstorms across the Upstate of South Carolina. Strong to severe thunderstorms moved into the Northwestern Midlands during the evening hours resulting in areas of wind damage, especially across Newberry and Fairfield counties.",SC Highway Patrol reported trees down at Peak Road and Broad River Road.
SOUTH CAROLINA,45,2024,Thunderstorm Wind,0,0,0,0,0.00K,34.34,-81.68,"The combination of a digging mid-level trough supported by a shortwave served as the forcing mechanism for thunderstorms across the Upstate of South Carolina. Strong to severe thunderstorms moved into the Northwestern Midlands during the evening hours resulting in areas of wind damage, especially across Newberry and Fairfield counties.","Newberry County sheriff reported wind damage near the intersection of Beaver Dam Creek Road and US Highway 76. Damage included a tree on a house, shaved treetops, and uprooted hardwood trees. Time estimated by radar."
SOUTH CAROLINA,45,2024,Thunderstorm Wind,0,0,0,0,0.00K,34.36,-81.67,"The combination of a digging mid-level trough supported by a shortwave served as the forcing mechanism for thunderstorms across the Upstate of South Carolina. Strong to severe thunderstorms moved into the Northwestern Midlands during the evening hours resulting in areas of wind damage, especially across Newberry and Fairfield counties.","SC Highway Patrol reported trees down along I-26, north of Jalapa."
SOUTH CAROLINA,45,2024,Thunderstorm Wind,0,0,0,0,0.00K,34.33,-81.78,"The combination of a digging mid-level trough supported by a shortwave served as the forcing mechanism for thunderstorms across the Upstate of South Carolina. Strong to severe thunderstorms moved into the Northwestern Midlands during the evening hours resulting in areas of wind damage, especially across Newberry and Fairfield counties.",Newberry County dispatch reported multiple trees down along Bush River Road near Crowder Road. Time estimated by radar.
SOUTH CAROLINA,45,2024,Flash Flood,0,0,0,0,5.00K,34.2123,-80.886,"An upper trough and frontal boundary was approaching the region from the west. The atmosphere was quite unstable with surface based CAPE around 3000-4000 J/kg, 3000 J/kg of mixed layer CAPE. Wind shear was relatively weak with effective bulk shear less than 25 knots and atmospheric moisture was high with precipitable water values around 2 inches and dewpoints in the mid to upper 70s. Relatively weak wind shear combined with the very moist and unstable air mass supported slow moving and training thunderstorms conducive to flash flooding.  Several days of rainfall preceding this event contributed to the occurrence and severity of flash flooding in the Blythewood area and north of downtown Columbia due to saturated ground.",Columbia Fire Dept reported a person had to be rescued from a flooded vehicle along Bowhunter Dr.
SOUTH CAROLINA,45,2024,Flash Flood,0,0,0,0,10.00K,34.0662,-81.05,"An upper trough and frontal boundary was approaching the region from the west. The atmosphere was quite unstable with surface based CAPE around 3000-4000 J/kg, 3000 J/kg of mixed layer CAPE. Wind shear was relatively weak with effective bulk shear less than 25 knots and atmospheric moisture was high with precipitable water values around 2 inches and dewpoints in the mid to upper 70s. Relatively weak wind shear combined with the very moist and unstable air mass supported slow moving and training thunderstorms conducive to flash flooding.  Several days of rainfall preceding this event contributed to the occurrence and severity of flash flooding in the Blythewood area and north of downtown Columbia due to saturated ground.",SCHP reported a roadway washout at Blue Ridge Terrace and Monticello Rd.
SOUTH CAROLINA,45,2024,Flash Flood,0,0,0,0,10.00K,34.1328,-80.9752,"An upper trough and frontal boundary was approaching the region from the west. The atmosphere was quite unstable with surface based CAPE around 3000-4000 J/kg, 3000 J/kg of mixed layer CAPE. Wind shear was relatively weak with effective bulk shear less than 25 knots and atmospheric moisture was high with precipitable water values around 2 inches and dewpoints in the mid to upper 70s. Relatively weak wind shear combined with the very moist and unstable air mass supported slow moving and training thunderstorms conducive to flash flooding.  Several days of rainfall preceding this event contributed to the occurrence and severity of flash flooding in the Blythewood area and north of downtown Columbia due to saturated ground.",SCDOT reported a portion of Killian Rd west of I-77 had to be closed due to damage from flash flooding of a creek flowing over the road.
SOUTH CAROLINA,45,2024,Thunderstorm Wind,0,0,0,0,0.00K,34.376,-82.697,Widely scattered thunderstorms and isolated storm clusters moved across upstate South Carolina during the late afternoon and evening. A few of the storms produced damaging wind gusts.,County comms reported multiple trees blown down across the southern part of the county from Starr to near Honea Path.
SOUTH CAROLINA,45,2024,Thunderstorm Wind,0,0,0,0,0.00K,34.125,-82.188,Widely scattered thunderstorms and isolated storm clusters moved across upstate South Carolina during the late afternoon and evening. A few of the storms produced damaging wind gusts.,"County comms reported multiple trees blown down from south of Greenwood to Ninety Six. This included on Highway 221 at Whitehall Rd, on Holmes Rd, on Highway 178, and on Golf Course Rd at Aiton Rd."
SOUTH CAROLINA,45,2024,Thunderstorm Wind,0,0,0,0,0.00K,34.19,-82.16,"Isolated thunderstorms and storm clusters moved across upstate South Carolina throughout the afternoon and evening. A couple of the storms produced brief damaging wind gusts. One cluster of storms became nearly stationary for a while across Spartanburg County during the evening, resulting in flash flooding.","Utility company reported several trees blown down in Greenwood and vicinity, some of which fell on power lines."
SOUTH CAROLINA,45,2024,Thunderstorm Wind,0,0,0,0,0.00K,34.98,-81.95,"Isolated thunderstorms and storm clusters moved across upstate South Carolina throughout the afternoon and evening. A couple of the storms produced brief damaging wind gusts. One cluster of storms became nearly stationary for a while across Spartanburg County during the evening, resulting in flash flooding.",Public reported two trees blown down on Graham Rd at California Ave.
SOUTH CAROLINA,45,2024,Thunderstorm Wind,0,0,0,0,0.00K,33.79,-81.92,"The combination of a digging mid-level trough supported by a shortwave served as the forcing mechanism for thunderstorms across the Upstate of South Carolina. Strong to severe thunderstorms moved into the Northwestern Midlands during the evening hours resulting in areas of wind damage, especially across Newberry and Fairfield counties.",Edgefield County dispatch reported trees down along Addison Street in Edgefield.
SOUTH CAROLINA,45,2024,Thunderstorm Wind,0,0,0,0,NA,34.7217,-80.7686,Scattered strong to severe storms develop during the late afternoon hours on 8/18. The environment featured a gradient in instability with weaker instability across the western Midlands (mixed layer CAPE around 1000 J/kg) to stronger instability across the central and eastern Midlands (mixed layer CAPE around 2000-2500 J/kg) with sufficient effective bulk shear around 30-35 knots. There was a gradient in moisture with Precipitable water values ranging from 1.5 inches to 1.8 inches in the eastern counties. Some drier air aloft was moving into the area with some downsloping winds at 850/700mb as the upper trough axis approached. The best forcing remained to our north over VA/NC.,Lancaster county dispatch reported multiple trees down within the city limits.
SOUTH CAROLINA,45,2024,Hail,0,0,0,0,NA,34.7203,-80.7705,Scattered strong to severe storms develop during the late afternoon hours on 8/18. The environment featured a gradient in instability with weaker instability across the western Midlands (mixed layer CAPE around 1000 J/kg) to stronger instability across the central and eastern Midlands (mixed layer CAPE around 2000-2500 J/kg) with sufficient effective bulk shear around 30-35 knots. There was a gradient in moisture with Precipitable water values ranging from 1.5 inches to 1.8 inches in the eastern counties. Some drier air aloft was moving into the area with some downsloping winds at 850/700mb as the upper trough axis approached. The best forcing remained to our north over VA/NC.,Lancaster county 911 reported 1 inch hail at their location. Time estimated by radar.
SOUTH CAROLINA,45,2024,Thunderstorm Wind,0,0,0,0,NA,34.6932,-80.6552,Scattered strong to severe storms develop during the late afternoon hours on 8/18. The environment featured a gradient in instability with weaker instability across the western Midlands (mixed layer CAPE around 1000 J/kg) to stronger instability across the central and eastern Midlands (mixed layer CAPE around 2000-2500 J/kg) with sufficient effective bulk shear around 30-35 knots. There was a gradient in moisture with Precipitable water values ranging from 1.5 inches to 1.8 inches in the eastern counties. Some drier air aloft was moving into the area with some downsloping winds at 850/700mb as the upper trough axis approached. The best forcing remained to our north over VA/NC.,Lancaster county 911 reported multiple trees down on powerlines along Flat Creek Rd. Time estimated by radar.
SOUTH CAROLINA,45,2024,Flash Flood,0,0,0,0,0.00K,34.2319,-80.8655,"An upper trough and frontal boundary was approaching the region from the west. The atmosphere was quite unstable with surface based CAPE around 3000-4000 J/kg, 3000 J/kg of mixed layer CAPE. Wind shear was relatively weak with effective bulk shear less than 25 knots and atmospheric moisture was high with precipitable water values around 2 inches and dewpoints in the mid to upper 70s. Relatively weak wind shear combined with the very moist and unstable air mass supported slow moving and training thunderstorms conducive to flash flooding.  Several days of rainfall preceding this event contributed to the occurrence and severity of flash flooding in the Blythewood area and north of downtown Columbia due to saturated ground.",Fire rescue reported several feet of water flowing over Smyrna Church Rd at Flat Branch.
SOUTH CAROLINA,45,2024,Flash Flood,0,0,0,0,1.00K,34.2155,-80.8479,"An upper trough and frontal boundary was approaching the region from the west. The atmosphere was quite unstable with surface based CAPE around 3000-4000 J/kg, 3000 J/kg of mixed layer CAPE. Wind shear was relatively weak with effective bulk shear less than 25 knots and atmospheric moisture was high with precipitable water values around 2 inches and dewpoints in the mid to upper 70s. Relatively weak wind shear combined with the very moist and unstable air mass supported slow moving and training thunderstorms conducive to flash flooding.  Several days of rainfall preceding this event contributed to the occurrence and severity of flash flooding in the Blythewood area and north of downtown Columbia due to saturated ground.",Tookie Doo Lane impassable due to flash flooding of Flat Branch across the roadway.
SOUTH CAROLINA,45,2024,Thunderstorm Wind,0,0,0,0,NA,34.55,-80.58,"An upper trough and frontal boundary was approaching the region from the west. The atmosphere was quite unstable with surface based CAPE around 3000-4000 J/kg, 3000 J/kg of mixed layer CAPE. Wind shear was relatively weak with effective bulk shear less than 25 knots and atmospheric moisture was high with precipitable water values around 2 inches and dewpoints in the mid to upper 70s. Relatively weak wind shear combined with the very moist and unstable air mass supported slow moving and training thunderstorms conducive to flash flooding.  Several days of rainfall preceding this event contributed to the occurrence and severity of flash flooding in the Blythewood area and north of downtown Columbia due to saturated ground.",Lancaster County dispatch reported three trees down in the town of Kershaw. Time estimated by radar.
SOUTH CAROLINA,45,2024,Flash Flood,0,0,0,0,100.00K,35.013,-82.223,"Isolated thunderstorms and storm clusters moved across upstate South Carolina throughout the afternoon and evening. A couple of the storms produced brief damaging wind gusts. One cluster of storms became nearly stationary for a while across Spartanburg County during the evening, resulting in flash flooding.","Media reported flash flooding developed across the north side of Greer after after 2.5 to 4 inches of rain fell in just a couple of hours. A tributary of the Tyger River overflowed its banks, with water inundating roads of a subdivision, submerging vehicles and entering the lowest floor of some homes."
SOUTH CAROLINA,45,2024,Thunderstorm Wind,0,0,0,0,0.00K,35.109,-82.168,Widely scattered thunderstorms and isolated storm clusters moved across upstate South Carolina during the late afternoon and evening. A few of the storms produced damaging wind gusts.,Emergency management reported a tree blown down at the intersection of Highway 357 and Skyline Dr and another nearby on Underwood Rd just north of Motlow Creek Rd.
SOUTH CAROLINA,45,2024,Thunderstorm Wind,0,0,0,0,0.00K,35.043,-81.996,Widely scattered thunderstorms and isolated storm clusters moved across upstate South Carolina during the late afternoon and evening. A few of the storms produced damaging wind gusts.,Emergency manager reported three trees blown along Old Furnace Rd between Sandy Dr and Sidney Walker Dr.
SOUTH CAROLINA,45,2024,Thunderstorm Wind,0,0,0,0,0.00K,35,-81.82,Widely scattered thunderstorms and isolated storm clusters moved across upstate South Carolina during the late afternoon and evening. A few of the storms produced damaging wind gusts.,Emergency management reported a tree blown down at the intersection of Dan River Rd and Highway 29 and power lines blown down in Cowpens.
SOUTH CAROLINA,45,2024,Thunderstorm Wind,0,0,0,0,0.00K,34.968,-82.008,Widely scattered thunderstorms and isolated storm clusters moved across upstate South Carolina during the late afternoon and evening. A few of the storms produced damaging wind gusts.,"Emergency management reported multiple trees blown down across Spartanburg, from the I-26 and Business I-85 interchange across the north side of the downtown area. Several trees fell across roads."
SOUTH CAROLINA,45,2024,Thunderstorm Wind,0,0,0,0,0.00K,34.725,-81.686,Widely scattered thunderstorms and isolated storm clusters moved across upstate South Carolina during the late afternoon and evening. A few of the storms produced damaging wind gusts.,"County comms reported numerous trees blown down across the county, particularly in the city of Union."
SOUTH CAROLINA,45,2024,Thunderstorm Wind,0,0,0,0,0.00K,33.19,-81.08,Scattered strong to severe storms develop during the late afternoon hours on 8/18. The environment featured a gradient in instability with weaker instability across the western Midlands (mixed layer CAPE around 1000 J/kg) to stronger instability across the central and eastern Midlands (mixed layer CAPE around 2000-2500 J/kg) with sufficient effective bulk shear around 30-35 knots. There was a gradient in moisture with Precipitable water values ranging from 1.5 inches to 1.8 inches in the eastern counties. Some drier air aloft was moving into the area with some downsloping winds at 850/700mb as the upper trough axis approached. The best forcing remained to our north over VA/NC.,Bamberg County dispatch reported a tree down over Erhardt Road near the intersection of Tabernacle Road. Time estimated by radar.
SOUTH CAROLINA,45,2024,Thunderstorm Wind,0,0,0,0,0.00K,34.16,-81.1,"The combination of a digging mid-level trough supported by a shortwave served as the forcing mechanism for thunderstorms across the Upstate of South Carolina. Strong to severe thunderstorms moved into the Northwestern Midlands during the evening hours resulting in areas of wind damage, especially across Newberry and Fairfield counties.",SC Highway Patrol reported multiple trees down along Monticello and Kinsler Roads. Time estimated by radar.
SOUTH CAROLINA,45,2024,Thunderstorm Wind,0,0,0,0,NA,33.58,-81.6,"An upper trough and frontal boundary was approaching the region from the west. The atmosphere was quite unstable with surface based CAPE around 3000-4000 J/kg, 3000 J/kg of mixed layer CAPE. Wind shear was relatively weak with effective bulk shear less than 25 knots and atmospheric moisture was high with precipitable water values around 2 inches and dewpoints in the mid to upper 70s. Relatively weak wind shear combined with the very moist and unstable air mass supported slow moving and training thunderstorms conducive to flash flooding.  Several days of rainfall preceding this event contributed to the occurrence and severity of flash flooding in the Blythewood area and north of downtown Columbia due to saturated ground.",Aiken County dispatch reported that a tree blocked the roadway near the intersection of New Holland Rd and Wagener Rd. Time estimated by radar.
SOUTH CAROLINA,45,2024,Thunderstorm Wind,0,0,0,0,NA,34.3308,-80.1766,"An upper trough and frontal boundary was approaching the region from the west. The atmosphere was quite unstable with surface based CAPE around 3000-4000 J/kg, 3000 J/kg of mixed layer CAPE. Wind shear was relatively weak with effective bulk shear less than 25 knots and atmospheric moisture was high with precipitable water values around 2 inches and dewpoints in the mid to upper 70s. Relatively weak wind shear combined with the very moist and unstable air mass supported slow moving and training thunderstorms conducive to flash flooding.  Several days of rainfall preceding this event contributed to the occurrence and severity of flash flooding in the Blythewood area and north of downtown Columbia due to saturated ground.",Lee County sheriff reported a tree down on Liberty Hill Rd. Time estimated by radar.
SOUTH CAROLINA,45,2024,Thunderstorm Wind,0,0,0,0,NA,34.149,-80.9471,"An upper trough and frontal boundary was approaching the region from the west. The atmosphere was quite unstable with surface based CAPE around 3000-4000 J/kg, 3000 J/kg of mixed layer CAPE. Wind shear was relatively weak with effective bulk shear less than 25 knots and atmospheric moisture was high with precipitable water values around 2 inches and dewpoints in the mid to upper 70s. Relatively weak wind shear combined with the very moist and unstable air mass supported slow moving and training thunderstorms conducive to flash flooding.  Several days of rainfall preceding this event contributed to the occurrence and severity of flash flooding in the Blythewood area and north of downtown Columbia due to saturated ground.",SCHP reported downed power lines along Landon Place Dr. Time estimated by radar.
SOUTH CAROLINA,45,2024,Thunderstorm Wind,0,0,0,0,0.00K,34.43,-81.74,Widely scattered thunderstorms and isolated storm clusters moved across upstate South Carolina during the late afternoon and evening. A few of the storms produced damaging wind gusts.,County comms reported large tree limbs blown down and  obstructing traffic on I-26.
SOUTH CAROLINA,45,2024,Thunderstorm Wind,0,0,0,0,NA,33.8738,-80.8349,"An upper trough and frontal boundary was approaching the region from the west. The atmosphere was quite unstable with surface based CAPE around 3000-4000 J/kg, 3000 J/kg of mixed layer CAPE. Wind shear was relatively weak with effective bulk shear less than 25 knots and atmospheric moisture was high with precipitable water values around 2 inches and dewpoints in the mid to upper 70s. Relatively weak wind shear combined with the very moist and unstable air mass supported slow moving and training thunderstorms conducive to flash flooding.  Several days of rainfall preceding this event contributed to the occurrence and severity of flash flooding in the Blythewood area and north of downtown Columbia due to saturated ground.",SCHP reported a tree down along Clarkson Rd at North Line Rd.
SOUTH CAROLINA,45,2024,Thunderstorm Wind,0,0,0,0,NA,33.8804,-80.7468,"An upper trough and frontal boundary was approaching the region from the west. The atmosphere was quite unstable with surface based CAPE around 3000-4000 J/kg, 3000 J/kg of mixed layer CAPE. Wind shear was relatively weak with effective bulk shear less than 25 knots and atmospheric moisture was high with precipitable water values around 2 inches and dewpoints in the mid to upper 70s. Relatively weak wind shear combined with the very moist and unstable air mass supported slow moving and training thunderstorms conducive to flash flooding.  Several days of rainfall preceding this event contributed to the occurrence and severity of flash flooding in the Blythewood area and north of downtown Columbia due to saturated ground.",SCHP reported a tree down on Old Isaac Rd.
SOUTH CAROLINA,45,2024,Thunderstorm Wind,0,0,0,0,NA,34.0083,-80.9905,"An upper trough and frontal boundary was approaching the region from the west. The atmosphere was quite unstable with surface based CAPE around 3000-4000 J/kg, 3000 J/kg of mixed layer CAPE. Wind shear was relatively weak with effective bulk shear less than 25 knots and atmospheric moisture was high with precipitable water values around 2 inches and dewpoints in the mid to upper 70s. Relatively weak wind shear combined with the very moist and unstable air mass supported slow moving and training thunderstorms conducive to flash flooding.  Several days of rainfall preceding this event contributed to the occurrence and severity of flash flooding in the Blythewood area and north of downtown Columbia due to saturated ground.",SCHP reported a tree down along Trenholm Dr. at Wyndham Rd.
SOUTH CAROLINA,45,2024,Thunderstorm Wind,0,0,0,0,NA,33.5065,-80.8168,"An upper trough and frontal boundary was approaching the region from the west. The atmosphere was quite unstable with surface based CAPE around 3000-4000 J/kg, 3000 J/kg of mixed layer CAPE. Wind shear was relatively weak with effective bulk shear less than 25 knots and atmospheric moisture was high with precipitable water values around 2 inches and dewpoints in the mid to upper 70s. Relatively weak wind shear combined with the very moist and unstable air mass supported slow moving and training thunderstorms conducive to flash flooding.  Several days of rainfall preceding this event contributed to the occurrence and severity of flash flooding in the Blythewood area and north of downtown Columbia due to saturated ground.",SCHP reported a tree down on Russell St at Old Elloree Rd.
SOUTH CAROLINA,45,2024,Thunderstorm Wind,0,0,0,0,NA,34.1789,-80.9351,"An upper trough and frontal boundary was approaching the region from the west. The atmosphere was quite unstable with surface based CAPE around 3000-4000 J/kg, 3000 J/kg of mixed layer CAPE. Wind shear was relatively weak with effective bulk shear less than 25 knots and atmospheric moisture was high with precipitable water values around 2 inches and dewpoints in the mid to upper 70s. Relatively weak wind shear combined with the very moist and unstable air mass supported slow moving and training thunderstorms conducive to flash flooding.  Several days of rainfall preceding this event contributed to the occurrence and severity of flash flooding in the Blythewood area and north of downtown Columbia due to saturated ground.",Large tree uprooted at the Columbia Country Club. Time estimated by radar.
SOUTH CAROLINA,45,2024,Thunderstorm Wind,0,0,0,0,NA,33.3131,-80.9266,"An upper trough and frontal boundary was approaching the region from the west. The atmosphere was quite unstable with surface based CAPE around 3000-4000 J/kg, 3000 J/kg of mixed layer CAPE. Wind shear was relatively weak with effective bulk shear less than 25 knots and atmospheric moisture was high with precipitable water values around 2 inches and dewpoints in the mid to upper 70s. Relatively weak wind shear combined with the very moist and unstable air mass supported slow moving and training thunderstorms conducive to flash flooding.  Several days of rainfall preceding this event contributed to the occurrence and severity of flash flooding in the Blythewood area and north of downtown Columbia due to saturated ground.","Multiple trees down along Farr Rd, including a tree that fell on a home near Banning St. Time estimated by radar."
SOUTH CAROLINA,45,2024,Thunderstorm Wind,0,0,0,0,10.00K,35.086,-81.656,An isolated thunderstorm moved into Cherokee County late in the afternoon. The storm briefly became severe in the Gaffney area.,"Emergency manager reported a few trees blown down on the  north side of the city of Gaffney, including Gettys Dr, Beltline Rd, and Littlejohn St. One tree fell on an apartment building after the storm ended."
SOUTH CAROLINA,45,2024,Thunderstorm Wind,0,0,0,0,0.00K,34.127,-82.239,Widely scattered thunderstorms developed over upstate South Carolina throughout the afternoon. A couple of the storms produced brief damaging wind gusts.,Utility company reported trees blown down on power lines  in the Promised Land area.
SOUTH CAROLINA,45,2024,Thunderstorm Wind,0,0,0,0,0.00K,34.04,-82.245,Widely scattered thunderstorms developed over upstate South Carolina throughout the afternoon. A couple of the storms produced brief damaging wind gusts.,Utility company reported trees blown down on power lines in the Bradley area.
SOUTH CAROLINA,45,2024,Thunderstorm Wind,0,0,0,0,NA,34.1737,-80.9706,"An upper trough and frontal boundary was approaching the region from the west. The atmosphere was quite unstable with surface based CAPE around 3000-4000 J/kg, 3000 J/kg of mixed layer CAPE. Wind shear was relatively weak with effective bulk shear less than 25 knots and atmospheric moisture was high with precipitable water values around 2 inches and dewpoints in the mid to upper 70s. Relatively weak wind shear combined with the very moist and unstable air mass supported slow moving and training thunderstorms conducive to flash flooding.  Several days of rainfall preceding this event contributed to the occurrence and severity of flash flooding in the Blythewood area and north of downtown Columbia due to saturated ground.",Highway patrol reported a large tree fell and took down power lines on US-21 at I-77.
SOUTH CAROLINA,45,2024,Thunderstorm Wind,0,0,0,0,NA,34.2102,-80.9064,"An upper trough and frontal boundary was approaching the region from the west. The atmosphere was quite unstable with surface based CAPE around 3000-4000 J/kg, 3000 J/kg of mixed layer CAPE. Wind shear was relatively weak with effective bulk shear less than 25 knots and atmospheric moisture was high with precipitable water values around 2 inches and dewpoints in the mid to upper 70s. Relatively weak wind shear combined with the very moist and unstable air mass supported slow moving and training thunderstorms conducive to flash flooding.  Several days of rainfall preceding this event contributed to the occurrence and severity of flash flooding in the Blythewood area and north of downtown Columbia due to saturated ground.",Public reported a tree down on Grover Wilson Rd.
SOUTH CAROLINA,45,2024,Thunderstorm Wind,0,0,0,0,0.00K,33.53,-80.78,Heavy rainfall associated with Tropical Storm Debby occurred across South Carolina for several days resulting in areas of flash flooding. There was also an isolated severe thunderstorm on the 6th.,SCDPS reports a tree down over Till Road near the intersection of Cameron Road due to a severe thunderstorm embedded within Tropical Storm Debby.
SOUTH CAROLINA,45,2024,Flash Flood,0,0,0,0,0.00K,33.4927,-80.877,Heavy rainfall associated with Tropical Storm Debby occurred across South Carolina for several days resulting in areas of flash flooding. There was also an isolated severe thunderstorm on the 6th.,City of Orangeburg has closed portions of Riverside Drive due to flash flooding.
SOUTH CAROLINA,45,2024,Flash Flood,0,0,0,0,0.00K,33.24,-81,Heavy rainfall associated with Tropical Storm Debby occurred across South Carolina for several days resulting in areas of flash flooding. There was also an isolated severe thunderstorm on the 6th.,SCDOT website reports that Spring Branch Road is closed between Pierce Road and Hunter's Chapel Road due to water running over the road.
SOUTH CAROLINA,45,2024,Flash Flood,0,0,0,0,0.00K,33.487,-80.4748,Heavy rainfall associated with Tropical Storm Debby occurred across South Carolina for several days resulting in areas of flash flooding. There was also an isolated severe thunderstorm on the 6th.,SCDPS reported that Bradford Boulevard is washed out near Highway 6.
SOUTH CAROLINA,45,2024,Flash Flood,0,0,0,0,0.00K,33.492,-80.8724,Heavy rainfall associated with Tropical Storm Debby occurred across South Carolina for several days resulting in areas of flash flooding. There was also an isolated severe thunderstorm on the 6th.,Broadcast media reported via social media that abandoned homes along Waring Street are being flooded.
SOUTH CAROLINA,45,2024,Flash Flood,0,0,0,0,0.00K,33.4871,-80.8383,Heavy rainfall associated with Tropical Storm Debby occurred across South Carolina for several days resulting in areas of flash flooding. There was also an isolated severe thunderstorm on the 6th.,A SC highway patrol trooper reported a flooded intersection at John C. Calhoun Drive and Sprinkle Avenue.
SOUTH CAROLINA,45,2024,Thunderstorm Wind,0,0,0,0,0.00K,34.849,-82.351,Scattered thunderstorms developed across upstate South Carolina during the late afternoon and evening. One of the storms produced damaging wind gusts in the Greenville-Spartanburg area.,"The ASOS at the Greenville Municipal Airport measured a peak wind gust of 67 mph (58 kts). Utility company reported multiple trees and numerous large limbs blown down, with some on power lines, from the east side of Greenville to the area around the Greenville-Spartanburg airport."
SOUTH CAROLINA,45,2024,Thunderstorm Wind,0,0,0,0,1.00K,34.88,-82.2,Scattered thunderstorms developed across upstate South Carolina during the late afternoon and evening. One of the storms produced damaging wind gusts in the Greenville-Spartanburg area.,Utility company reported multiple trees and large limbs blown down in the area around the Greenville-Spartanburg airport. NWS employee reported the roof was blown off a  storage building off of I-85. The ASOS at the GSP airport measured a peak wind gust of 55 mph (48 kts).
SOUTH CAROLINA,45,2024,Thunderstorm Wind,0,0,0,0,0.00K,34.82,-82.58,Widely scattered thunderstorms developed over upstate South Carolina throughout the afternoon. A couple of the storms produced brief damaging wind gusts.,Fire dept and spotter reported a few trees and power lines blown down in the Easley area.
SOUTH CAROLINA,45,2024,Flash Flood,0,0,0,0,0.00K,33.9,-80.83,Heavy rainfall associated with Tropical Storm Debby occurred across South Carolina for several days resulting in areas of flash flooding. There was also an isolated severe thunderstorm on the 6th.,SCHP reported flooding along Cabin Creek Road at Gillwood Drive.
SOUTH CAROLINA,45,2024,Flash Flood,0,0,0,0,0.00K,33.86,-80.4,Heavy rainfall associated with Tropical Storm Debby occurred across South Carolina for several days resulting in areas of flash flooding. There was also an isolated severe thunderstorm on the 6th.,Sumter County dispatch reported six inches of water flowing across Cains Mill Road near Nasty Branch.
SOUTH CAROLINA,45,2024,Flash Flood,0,0,0,0,0.00K,33.92,-80.85,Heavy rainfall associated with Tropical Storm Debby occurred across South Carolina for several days resulting in areas of flash flooding. There was also an isolated severe thunderstorm on the 6th.,SCDOT had to close Air Base Road from Cross Hill Road to Horrell Hill Road due to flooding.
SOUTH CAROLINA,45,2024,Flash Flood,0,0,0,0,0.00K,33.9303,-80.8447,Heavy rainfall associated with Tropical Storm Debby occurred across South Carolina for several days resulting in areas of flash flooding. There was also an isolated severe thunderstorm on the 6th.,SCDOT closed he 900 block of Motley Road due to flooding.
SOUTH CAROLINA,45,2024,Flash Flood,0,0,0,0,0.00K,33.9434,-80.8559,Heavy rainfall associated with Tropical Storm Debby occurred across South Carolina for several days resulting in areas of flash flooding. There was also an isolated severe thunderstorm on the 6th.,Video sent via X of water flowing across Saddlebrook Lane in Hopkins.
SOUTH CAROLINA,45,2024,Flash Flood,0,0,0,0,0.00K,33.92,-80.37,Heavy rainfall associated with Tropical Storm Debby occurred across South Carolina for several days resulting in areas of flash flooding. There was also an isolated severe thunderstorm on the 6th.,Swan Lake Drive closed due to flash flooding in the nearby park.
SOUTH CAROLINA,45,2024,Flash Flood,0,0,0,0,0.00K,33.38,-80.91,Heavy rainfall associated with Tropical Storm Debby occurred across South Carolina for several days resulting in areas of flash flooding. There was also an isolated severe thunderstorm on the 6th.,SCDOT reports that Carver School Road is closed from Cordova Road to Dry Swamp Road due to flooding.
SOUTH CAROLINA,45,2024,Flash Flood,0,0,0,0,0.00K,33.32,-80.41,Heavy rainfall associated with Tropical Storm Debby occurred across South Carolina for several days resulting in areas of flash flooding. There was also an isolated severe thunderstorm on the 6th.,County Emergency Management reported street flooding in downtown Holly Hill. Several reports of flooded roadways with some areas seeing water up to the door handle of cars.
SOUTH CAROLINA,45,2024,Flash Flood,0,0,0,0,0.00K,33.327,-80.412,Heavy rainfall associated with Tropical Storm Debby occurred across South Carolina for several days resulting in areas of flash flooding. There was also an isolated severe thunderstorm on the 6th.,Video shared via social media of flooding on Bennett Circle with water covering parts of the road and adjacent front yards.
SOUTH CAROLINA,45,2024,Flash Flood,0,0,0,0,0.00K,33.815,-80.2584,Heavy rainfall associated with Tropical Storm Debby occurred across South Carolina for several days resulting in areas of flash flooding. There was also an isolated severe thunderstorm on the 6th.,SCDOT website reported all lanes of Britton Brogdon Road between Crossline Pipe and Boots Branch Road were closed in both directions due to flooding. Time estimated.
SOUTH CAROLINA,45,2024,Flash Flood,0,0,0,0,0.00K,33.3932,-80.3501,Heavy rainfall associated with Tropical Storm Debby occurred across South Carolina for several days resulting in areas of flash flooding. There was also an isolated severe thunderstorm on the 6th.,SCDPS website reported flooding on Porcher Avenue/Eutaw Road near Barkley Street.
SOUTH CAROLINA,45,2024,Flash Flood,0,0,0,0,0.00K,33.347,-80.4864,Heavy rainfall associated with Tropical Storm Debby occurred across South Carolina for several days resulting in areas of flash flooding. There was also an isolated severe thunderstorm on the 6th.,SCDPS website reported flooding at the intersection of Jackson Belt Road and Jerico Court.
SOUTH CAROLINA,45,2024,Flash Flood,0,0,0,0,0.00K,33.8895,-80.0044,Heavy rainfall associated with Tropical Storm Debby occurred across South Carolina for several days resulting in areas of flash flooding. There was also an isolated severe thunderstorm on the 6th.,Clarendon County 911 call center received a call regarding developing flooding near 1208 Seloc Road. Water has filled up ditches on both sides of the road and water starting to cover the roadway.
SOUTH CAROLINA,45,2024,Flash Flood,0,0,0,0,0.00K,33.3281,-80.4585,Heavy rainfall associated with Tropical Storm Debby occurred across South Carolina for several days resulting in areas of flash flooding. There was also an isolated severe thunderstorm on the 6th.,SCDPS website reported flooding at the intersection of Bunch Ford Road (SC-314) and Gator Drive.
SOUTH CAROLINA,45,2024,Flash Flood,0,0,0,0,0.00K,34.7589,-80.6304,Heavy rainfall associated with Tropical Storm Debby occurred across South Carolina for several days resulting in areas of flash flooding. There was also an isolated severe thunderstorm on the 6th.,MPING report of flooding received at this location.
SOUTH CAROLINA,45,2024,Flash Flood,0,0,0,0,0.00K,34.7981,-80.3731,Heavy rainfall associated with Tropical Storm Debby occurred across South Carolina for several days resulting in areas of flash flooding. There was also an isolated severe thunderstorm on the 6th.,SCDOT closed J. Vann Anderson Road near Outen Road due to water overtopping a bridge.
SOUTH CAROLINA,45,2024,Flash Flood,0,0,0,0,0.00K,34.86,-80.85,Heavy rainfall associated with Tropical Storm Debby occurred across South Carolina for several days resulting in areas of flash flooding. There was also an isolated severe thunderstorm on the 6th.,Lancaster County Emergency Management confirmed Van Wyck Road is closed over Twelvemile Creek due to flooding.
SOUTH CAROLINA,45,2024,Flash Flood,0,0,0,0,0.00K,35,-80.85,Heavy rainfall associated with Tropical Storm Debby occurred across South Carolina for several days resulting in areas of flash flooding. There was also an isolated severe thunderstorm on the 6th.,Lancaster County Emergency Manager reported flooding across roadways in the Black Horse Run subdivision.
SOUTH CAROLINA,45,2024,Flash Flood,0,0,0,0,0.00K,34.8082,-80.8242,Heavy rainfall associated with Tropical Storm Debby occurred across South Carolina for several days resulting in areas of flash flooding. There was also an isolated severe thunderstorm on the 6th.,SCDOT closed Old Hickory Road south of West North Corner Road due to flooding.
SOUTH CAROLINA,45,2024,Flash Flood,0,0,0,0,0.00K,34.39,-80.93,Heavy rainfall associated with Tropical Storm Debby occurred across South Carolina for several days resulting in areas of flash flooding. There was also an isolated severe thunderstorm on the 6th.,Picture on social media forwarded by NWS Student Volunteer shows Dutchmans Creek overflowing its banks and causing flooding on Flint Hill Road just after 5pm.
SOUTH CAROLINA,45,2024,Flash Flood,0,0,0,0,50.00K,34.988,-81.958,"Isolated thunderstorms and storm clusters moved across upstate South Carolina throughout the afternoon and evening. A couple of the storms produced brief damaging wind gusts. One cluster of storms became nearly stationary for a while across Spartanburg County during the evening, resulting in flash flooding.","Ham radio operators reported flash flooding developed across portions of Spartanburg County, particularly in the Boiling Springs area, after 2.5 to 4.5 inches of rain fell in just a couple of hours. The primary impacts were along a couple of tributaries of Lawsons Fork Creek on the north side of Spartanburg. Vehicles were submerged in flood waters from these streams at Yellow Brick Rd and Lone Oak Rd, at Monks Grove Church Rd and Asheville Highway, and at Shadow Dance Lane and Old John Dodd Rd. A home was also flooded on Shadow Dance Lane. Additionally, street flooding due to poor drainage was reported at Asheville Highway and White Ave, and in areas around Lake Cooley and Apalachee Lake."
SOUTH CAROLINA,45,2024,Flash Flood,0,0,0,0,0.00K,33.26,-80.8139,Heavy rainfall associated with Tropical Storm Debby occurred across South Carolina for several days resulting in areas of flash flooding. There was also an isolated severe thunderstorm on the 6th.,Orangeburg County dispatch reported Freedom Road in Branchville was flooded and impassable.
SOUTH CAROLINA,45,2024,Thunderstorm Wind,0,0,0,0,NA,33.7008,-82.1458,"An upper trough and frontal boundary was approaching the region from the west. The atmosphere was quite unstable with surface based CAPE around 3000-4000 J/kg, 3000 J/kg of mixed layer CAPE. Wind shear was relatively weak with effective bulk shear less than 25 knots and atmospheric moisture was high with precipitable water values around 2 inches and dewpoints in the mid to upper 70s. Relatively weak wind shear combined with the very moist and unstable air mass supported slow moving and training thunderstorms conducive to flash flooding.  Several days of rainfall preceding this event contributed to the occurrence and severity of flash flooding in the Blythewood area and north of downtown Columbia due to saturated ground.",Edgefield County sheriff reported a tree down on Garrett Rd at Red Oak Grove Rd.
SOUTH CAROLINA,45,2024,Thunderstorm Wind,0,0,0,0,0.00K,34,-81.16,Scattered strong thunderstorms moved through the Midlands producing scattered tree damage in the Columbia area.,Multiple trees reported down by SC Department of Public Safety and the public. Tree down on Oak Drive and trees down on Snow Lane near Cromer Road.
SOUTH CAROLINA,45,2024,Thunderstorm Wind,0,0,0,0,0.00K,33.44,-81,"The combination of an upper trough and a passing shortwave along with 750-1500 J/kg of surface based CAPE and bulk shear of 25-35 knots promoted the development of scattered thunderstorms, a few of which became strong to severe.",Orangeburg County dispatch reported trees down along Shillings Bridge Road. Time estimated by radar.
SOUTH CAROLINA,45,2024,Flash Flood,0,0,0,0,1.00K,34.1475,-80.9723,"An upper trough axis remained just to the west of the forecast area with a stalled frontal boundary across the Midlands which became a focus for convection on the afternoon of 8/4. Strong instability developed by the afternoon with surface based CAPE values around 3000 J/kg, although wind shear remained weak, less than 25 knots. Mid level flow parallel to the northeast-southwest oriented frontal boundary increased the threat of training storms and flash flooding. Pre-existing extreme soil moisture from previous days of heavy rain significantly lowered flash flood guidance across parts of Richland county where flash flooding was again observed for the second consecutive day.",SCHP reported flooding of North Pines Rd near Summer Pines Dr due to creeks overflowing the road.
SOUTH CAROLINA,45,2024,Flash Flood,0,0,0,0,1.00K,34.12,-81.04,"An upper trough axis remained just to the west of the forecast area with a stalled frontal boundary across the Midlands which became a focus for convection on the afternoon of 8/4. Strong instability developed by the afternoon with surface based CAPE values around 3000 J/kg, although wind shear remained weak, less than 25 knots. Mid level flow parallel to the northeast-southwest oriented frontal boundary increased the threat of training storms and flash flooding. Pre-existing extreme soil moisture from previous days of heavy rain significantly lowered flash flood guidance across parts of Richland county where flash flooding was again observed for the second consecutive day.",SCHP reported flooding over Dubard Boyle Rd due to the creek overflowing its banks and flowing over the road.
SOUTH CAROLINA,45,2024,Thunderstorm Wind,0,0,0,0,NA,34.0893,-81.0267,"An upper trough axis remained just to the west of the forecast area with a stalled frontal boundary across the Midlands which became a focus for convection on the afternoon of 8/4. Strong instability developed by the afternoon with surface based CAPE values around 3000 J/kg, although wind shear remained weak, less than 25 knots. Mid level flow parallel to the northeast-southwest oriented frontal boundary increased the threat of training storms and flash flooding. Pre-existing extreme soil moisture from previous days of heavy rain significantly lowered flash flood guidance across parts of Richland county where flash flooding was again observed for the second consecutive day.",SCHP reported a tree down along Fairfield Rd at Crane Church Rd. Time estimated by radar.
SOUTH CAROLINA,45,2024,Thunderstorm Wind,0,0,0,0,NA,34.0669,-81.0222,"An upper trough axis remained just to the west of the forecast area with a stalled frontal boundary across the Midlands which became a focus for convection on the afternoon of 8/4. Strong instability developed by the afternoon with surface based CAPE values around 3000 J/kg, although wind shear remained weak, less than 25 knots. Mid level flow parallel to the northeast-southwest oriented frontal boundary increased the threat of training storms and flash flooding. Pre-existing extreme soil moisture from previous days of heavy rain significantly lowered flash flood guidance across parts of Richland county where flash flooding was again observed for the second consecutive day.",SCHP reported a tree down along Fairfield Rd at I-20.
SOUTH CAROLINA,45,2024,Thunderstorm Wind,0,0,0,0,0.00K,34.867,-81.42,"A broken line of low-topped heavy rain showers and embedded thunderstorms developing ahead of a cold front moved from northeast Georgia into upstate South Carolina around sunrise, and moved across the area throughout the morning. The showers and storms produced areas of strong-to-damaging wind gusts, while multiple EF0 tornadoes also occurred.",County comms reported numerous trees blown and minor roof damage to a few homes throughout York County.
SOUTH CAROLINA,45,2024,Thunderstorm Wind,0,0,0,0,0.00K,33.76,-82.11,"A deep upper trough and an associated surface prefrontal trough translated from the Deep South into the Southeast during the morning hours. A long-lived QLCS containing strong to severe storms propagated along with the prefrontal trough,  likely cold-pool dominated. This QLCS produced multiple reports of wind damage as well as multiple confirmed tornadoes.",Edgefield County Dispatch received a call regarding a tree down on Key Rd. Time estimated by radar.
SOUTH CAROLINA,45,2024,Thunderstorm Wind,0,0,0,0,0.00K,33.7811,-81.9326,"A deep upper trough and an associated surface prefrontal trough translated from the Deep South into the Southeast during the morning hours. A long-lived QLCS containing strong to severe storms propagated along with the prefrontal trough,  likely cold-pool dominated. This QLCS produced multiple reports of wind damage as well as multiple confirmed tornadoes.",Edgefield County Dispatch received a call about a tree down on Penn St in the town of Edgefield. Time estimated by radar.
SOUTH CAROLINA,45,2024,Thunderstorm Wind,0,0,0,0,0.00K,34.19,-80.28,"A deep upper trough and an associated surface prefrontal trough translated from the Deep South into the Southeast during the morning hours. A long-lived QLCS containing strong to severe storms propagated along with the prefrontal trough,  likely cold-pool dominated. This QLCS produced multiple reports of wind damage as well as multiple confirmed tornadoes.",SC Highway Patrol reported multiple trees down near the I-20 and Route 15 interchange.
SOUTH CAROLINA,45,2024,Thunderstorm Wind,0,0,0,0,0.00K,34.2473,-81.3366,"A deep upper trough and an associated surface prefrontal trough translated from the Deep South into the Southeast during the morning hours. A long-lived QLCS containing strong to severe storms propagated along with the prefrontal trough,  likely cold-pool dominated. This QLCS produced multiple reports of wind damage as well as multiple confirmed tornadoes.",SCDPS website reported a fallen tree in the roadway at the intersection of Parr Rd and Broad River Rd. Time estimated by radar.
SOUTH CAROLINA,45,2024,Tornado,0,0,0,0,0.00K,34.2842,-81.1384,"A deep upper trough and an associated surface prefrontal trough translated from the Deep South into the Southeast during the morning hours. A long-lived QLCS containing strong to severe storms propagated along with the prefrontal trough,  likely cold-pool dominated. This QLCS produced multiple reports of wind damage as well as multiple confirmed tornadoes.","An EF-0 tornado with 80 mph peak winds began near Highway 269 and Mockingbird Ln where it snapped a few limbs. The tornado continued east crossing Bundrick Rd, snapping large limbs, uprooting a tree, and caused minor shingle damage to a home. The tornado crossed Greenbrier Mossydale Rd, High Hill Rd, and West Peach Rd, causing additional minor tree damage and some minor shingle damage to a couple of homes. It then shifted northeast, crossing Highway 321 where minor tree damage occurred before dissipating."
SOUTH CAROLINA,45,2024,Tornado,0,0,0,0,0.00K,34.3341,-81.0875,"A deep upper trough and an associated surface prefrontal trough translated from the Deep South into the Southeast during the morning hours. A long-lived QLCS containing strong to severe storms propagated along with the prefrontal trough,  likely cold-pool dominated. This QLCS produced multiple reports of wind damage as well as multiple confirmed tornadoes.","An EF-1 tornado with peak winds of 95 mph began just north of a manufacturing plant on Highway 321 and Guardian Way where it overturned four empty trailers and snapped multiple utility poles. The tornado moved east across Highway 321, where it collapsed a large garage door on the east side of a food plant then snapped numerous trees along Industrial Park Rd. The tornado moved across Highway 34E, snapping several trees and power poles near a medical manufacturer, before moving through an inaccessible wooded area and eventually crossing Horse Creek Rd and dissipating."
SOUTH CAROLINA,45,2024,Thunderstorm Wind,0,0,0,0,0.00K,34.1437,-81.2832,"A deep upper trough and an associated surface prefrontal trough translated from the Deep South into the Southeast during the morning hours. A long-lived QLCS containing strong to severe storms propagated along with the prefrontal trough,  likely cold-pool dominated. This QLCS produced multiple reports of wind damage as well as multiple confirmed tornadoes.",SCDPS website reported a tree fell over Three Dog Rd near the intersection of Peace Haven Rd. Time estimated by radar.
SOUTH CAROLINA,45,2024,Thunderstorm Wind,0,0,0,0,0.00K,34.3089,-81.045,"A deep upper trough and an associated surface prefrontal trough translated from the Deep South into the Southeast during the morning hours. A long-lived QLCS containing strong to severe storms propagated along with the prefrontal trough,  likely cold-pool dominated. This QLCS produced multiple reports of wind damage as well as multiple confirmed tornadoes.",Trained spotter reported Highway 34 was shut down with power lines on the road in the Simpson Community. Time estimated by radar. Location also estimated.
SOUTH CAROLINA,45,2024,Thunderstorm Wind,0,0,0,0,0.00K,34.3704,-81.0773,"A deep upper trough and an associated surface prefrontal trough translated from the Deep South into the Southeast during the morning hours. A long-lived QLCS containing strong to severe storms propagated along with the prefrontal trough,  likely cold-pool dominated. This QLCS produced multiple reports of wind damage as well as multiple confirmed tornadoes.","SCEMD employee relayed information from Fairfield County Dispatch of multiple closed roads closed due to downed trees, specifically around 303 Palmetto Ave in Winnsboro. Time estimated by radar."
SOUTH CAROLINA,45,2024,Thunderstorm Wind,0,0,0,0,0.00K,34.3075,-80.961,"A deep upper trough and an associated surface prefrontal trough translated from the Deep South into the Southeast during the morning hours. A long-lived QLCS containing strong to severe storms propagated along with the prefrontal trough,  likely cold-pool dominated. This QLCS produced multiple reports of wind damage as well as multiple confirmed tornadoes.",SCDPS website reported power lines down near the intersection of Longtown Rd and Palmer St in downtown Ridgeway. Time estimated by radar.
SOUTH CAROLINA,45,2024,Thunderstorm Wind,0,0,0,0,0.00K,34.2277,-80.6896,"A deep upper trough and an associated surface prefrontal trough translated from the Deep South into the Southeast during the morning hours. A long-lived QLCS containing strong to severe storms propagated along with the prefrontal trough,  likely cold-pool dominated. This QLCS produced multiple reports of wind damage as well as multiple confirmed tornadoes.",Kershaw County Dispatch received reports of several trees down around the town of Lugoff. Time estimated by radar.
SOUTH CAROLINA,45,2024,Thunderstorm Wind,0,0,0,0,0.00K,34.52,-80.62,"A deep upper trough and an associated surface prefrontal trough translated from the Deep South into the Southeast during the morning hours. A long-lived QLCS containing strong to severe storms propagated along with the prefrontal trough,  likely cold-pool dominated. This QLCS produced multiple reports of wind damage as well as multiple confirmed tornadoes.",Lancaster County Emergency Management reported multiple trees down across the Lancaster/Kershaw County line through the Rich Hill area. Time estimated by radar.
SOUTH CAROLINA,45,2024,Thunderstorm Wind,0,0,0,0,10.00K,34.31,-82.11,"A broken line of low-topped heavy rain showers and embedded thunderstorms developing ahead of a cold front moved from northeast Georgia into upstate South Carolina around sunrise, and moved across the area throughout the morning. The showers and storms produced areas of strong-to-damaging wind gusts, while multiple EF0 tornadoes also occurred.",Emergency manager reported multiple trees blown down along with damage to some roofs and a porch near the shore of Lake Greenwood.
SOUTH CAROLINA,45,2024,Thunderstorm Wind,0,0,0,0,0.00K,34.08,-82.463,"A broken line of low-topped heavy rain showers and embedded thunderstorms developing ahead of a cold front moved from northeast Georgia into upstate South Carolina around sunrise, and moved across the area throughout the morning. The showers and storms produced areas of strong-to-damaging wind gusts, while multiple EF0 tornadoes also occurred.",County comms reported scattered trees blown down throughout Abbeville County.
SOUTH CAROLINA,45,2024,Thunderstorm Wind,0,0,0,0,0.00K,34.68,-82.83,"A broken line of low-topped heavy rain showers and embedded thunderstorms developing ahead of a cold front moved from northeast Georgia into upstate South Carolina around sunrise, and moved across the area throughout the morning. The showers and storms produced areas of strong-to-damaging wind gusts, while multiple EF0 tornadoes also occurred.",County comms reported scattered trees blown down throughout Pickens County.
SOUTH CAROLINA,45,2024,Thunderstorm Wind,0,0,0,0,10.00K,34.176,-82.219,"A broken line of low-topped heavy rain showers and embedded thunderstorms developing ahead of a cold front moved from northeast Georgia into upstate South Carolina around sunrise, and moved across the area throughout the morning. The showers and storms produced areas of strong-to-damaging wind gusts, while multiple EF0 tornadoes also occurred.",County comms reported a tree blown down at Oak Forest Dr and Chinquapin Rd and another tree down on a house on nearby Creek Rd East. Multiple trees were also blown down on the north side of the city of Greenwood near the intersection of Montague Ave and Cobb Rd. This was shortly before a gust of 53 mph was measured at the Greenwood County airport.
SOUTH CAROLINA,45,2024,Thunderstorm Wind,0,0,0,0,0.00K,34.982,-82.49,"A broken line of low-topped heavy rain showers and embedded thunderstorms developing ahead of a cold front moved from northeast Georgia into upstate South Carolina around sunrise, and moved across the area throughout the morning. The showers and storms produced areas of strong-to-damaging wind gusts, while multiple EF0 tornadoes also occurred.",Highway patrol reported a tree blown down along Keeler Mill Rd and another tree down on Mountain Creek Rd.
SOUTH CAROLINA,45,2024,Tornado,0,0,0,0,0.00K,35.113,-81.306,"A broken line of low-topped heavy rain showers and embedded thunderstorms developing ahead of a cold front moved from northeast Georgia into upstate South Carolina around sunrise, and moved across the area throughout the morning. The showers and storms produced areas of strong-to-damaging wind gusts, while multiple EF0 tornadoes also occurred.","NWS damage survey found the path of en EF0 tornado that began along Highway 161 just south of the intersection with Highway 55 where several trees were uprooted. The tornado moved northeast, crossing Wilmoth Rd, Beamguard Rd and Highway 55 where additional trees were uprooted and large limbs snapped. The tornado dissipated shortly after crossing Knox Rd."
SOUTH CAROLINA,45,2024,Thunderstorm Wind,0,0,0,0,0.00K,35.008,-81.76,"A broken line of low-topped heavy rain showers and embedded thunderstorms developing ahead of a cold front moved from northeast Georgia into upstate South Carolina around sunrise, and moved across the area throughout the morning. The showers and storms produced areas of strong-to-damaging wind gusts, while multiple EF0 tornadoes also occurred.",Law enforcement reported scattered trees blown down across Cherokee County.
SOUTH CAROLINA,45,2024,Tornado,0,0,0,0,0.00K,35.03,-82.215,"A broken line of low-topped heavy rain showers and embedded thunderstorms developing ahead of a cold front moved from northeast Georgia into upstate South Carolina around sunrise, and moved across the area throughout the morning. The showers and storms produced areas of strong-to-damaging wind gusts, while multiple EF0 tornadoes also occurred.","NWS damage survey determined that a weak tornado touched down in a wooded area along the middle Tyger River, just east of Jug Factory Rd where large limbs were snapped off trees. The tornado tracked to The northeast and crossed Sloan Rd, were a large tree was uprooted and additional large limbs snapped. The tornado reached peak intensity  as it crossed Holly Springs Church Rd and Bradley Dill Rd, where additional trees were uprooted and more limbs snapped. The tornado dissipated in a wooded area just east of the end of Cooper Rd."
SOUTH CAROLINA,45,2024,Tornado,0,0,0,0,0.00K,34.662,-81.824,"A broken line of low-topped heavy rain showers and embedded thunderstorms developing ahead of a cold front moved from northeast Georgia into upstate South Carolina around sunrise, and moved across the area throughout the morning. The showers and storms produced areas of strong-to-damaging wind gusts, while multiple EF0 tornadoes also occurred.","NWS damage survey found the path of an EF0 tornado that began along Monument Rd, just north of Blackstock Rd, where several large limbs were snapped. The tornado moved quickly north-northeast, uprooting several trees and snapping a number of large limbs along Battlefield Rd and the remainder of Monument Rd. The tornado continued into a heavily wooded area where it dissipated."
SOUTH CAROLINA,45,2024,Tornado,0,0,0,0,0.00K,34.761,-81.754,"A broken line of low-topped heavy rain showers and embedded thunderstorms developing ahead of a cold front moved from northeast Georgia into upstate South Carolina around sunrise, and moved across the area throughout the morning. The showers and storms produced areas of strong-to-damaging wind gusts, while multiple EF0 tornadoes also occurred.","NWS damage survey found the path of a third weak tornado in Union County on 29 December 2024. This tornado began along John Hart Rd near the intersection of Lee Rd,  where numerous large limbs were snapped. The tornado  traveled northeast, downing a a couple of trees along Mitchell Creek. The tornado crossed Mud Bridge Rd, where additional large limbs were snapped before the tornado apparently dissipated just north of Harley Dr."
SOUTH CAROLINA,45,2024,Thunderstorm Wind,0,0,0,0,0.00K,34.496,-82.27,"A broken line of low-topped heavy rain showers and embedded thunderstorms developing ahead of a cold front moved from northeast Georgia into upstate South Carolina around sunrise, and moved across the area throughout the morning. The showers and storms produced areas of strong-to-damaging wind gusts, while multiple EF0 tornadoes also occurred.",Emergency manager reported scattered trees blown down throughout Laurens County.
SOUTH CAROLINA,45,2024,Tornado,0,0,0,0,0.00K,34.71,-81.553,"A broken line of low-topped heavy rain showers and embedded thunderstorms developing ahead of a cold front moved from northeast Georgia into upstate South Carolina around sunrise, and moved across the area throughout the morning. The showers and storms produced areas of strong-to-damaging wind gusts, while multiple EF0 tornadoes also occurred.","NWS damage survey found the path of an EF0 tornado that  touched down on the eastern end of County Landfill Road where several large limbs were snapped and a tree blown down. The tornado moved north-northeast, crossing Old Ferry Rd,  were several trees were uprooted. The tornado reached peak intensity as it crossed SC Highway 49 and moved along Phillip Church Rd, where a number of trees were uprooted and large limbs snapped. The  tornado crossed Black Bottom Rd, where several trees were downed before it weakened as it crossed SC Highway 9. The tornado downed several large limbs as it crossed Bailey Town Rd before dissipating."
SOUTH CAROLINA,45,2024,Thunderstorm Wind,0,0,0,0,10.00K,35.05,-81.98,"A broken line of low-topped heavy rain showers and embedded thunderstorms developing ahead of a cold front moved from northeast Georgia into upstate South Carolina around sunrise, and moved across the area throughout the morning. The showers and storms produced areas of strong-to-damaging wind gusts, while multiple EF0 tornadoes also occurred.",Emergency manager reported a tree was blown down on a house in the Boiling Springs area.
SOUTH CAROLINA,45,2024,Thunderstorm Wind,0,0,0,0,0.00K,34.718,-81.598,"A broken line of low-topped heavy rain showers and embedded thunderstorms developing ahead of a cold front moved from northeast Georgia into upstate South Carolina around sunrise, and moved across the area throughout the morning. The showers and storms produced areas of strong-to-damaging wind gusts, while multiple EF0 tornadoes also occurred.","County comms reported a few trees and power lines blown down across roads, mainly to east And northeast of the city of Union."
SOUTH CAROLINA,45,2024,Tornado,0,0,0,0,0.00K,34.2034,-81.2521,"A deep upper trough and an associated surface prefrontal trough translated from the Deep South into the Southeast during the morning hours. A long-lived QLCS containing strong to severe storms propagated along with the prefrontal trough,  likely cold-pool dominated. This QLCS produced multiple reports of wind damage as well as multiple confirmed tornadoes.","An EF-0 tornado with peak winds of 75 mph that began near Old Hilton Rd east of Chapin in Richland County continued into Fairfield County after crossing the Broad River near Wateree Creek. The tornado moved generally northeast likely causing damage in an inaccessible area north of the river. Additional tree damage began again along Highway 215. The tornado began turning more easterly, causing additional tree damage near Landis Rd and Highway 269 before dissipating."
SOUTH CAROLINA,45,2024,Tornado,0,0,0,0,0.00K,34.1534,-81.3024,"A deep upper trough and an associated surface prefrontal trough translated from the Deep South into the Southeast during the morning hours. A long-lived QLCS containing strong to severe storms propagated along with the prefrontal trough,  likely cold-pool dominated. This QLCS produced multiple reports of wind damage as well as multiple confirmed tornadoes.","A relatively long-lived EF-0 tornado with peak winds of 75 mph began near Old Hilton Rd east of Chapin and moved northeast causing sporadic EF-0 tree damage crossing I-26 and Bush Mill Road. The tornado continued northeast, causing more tree damage along Wash Lever Rd and Muddy Ford Rd before moving over the Broad River and into Fairfield County."
SOUTH CAROLINA,45,2024,Hail,0,0,0,0,0.00K,34,-81.77,"A deep, positively tilted trough moved through the Deep South towards the Southeast. An associated cold front and line of convection moved into the region, but dissipated once it encountered the Appalachians. Ahead of this front and convection, there was sufficient warm air and moisture advection to trigger some isolated thunderstorms along some weak surface convergence. One of these storms developed into a supercell that produced severe hail near Saluda.","Social media photo relayed from the public of up to quarter sized hail in downtown Saluda, SC. Location of report is approximate. Time estimated from radar."
SOUTH CAROLINA,45,2024,Hail,0,0,0,0,0.00K,34.0041,-81.668,"A deep, positively tilted trough moved through the Deep South towards the Southeast. An associated cold front and line of convection moved into the region, but dissipated once it encountered the Appalachians. Ahead of this front and convection, there was sufficient warm air and moisture advection to trigger some isolated thunderstorms along some weak surface convergence. One of these storms developed into a supercell that produced severe hail near Saluda.","Social media photo relayed from the public of up to ping pong ball sized hail in the Mount Willing area east of downtown Saluda, SC. Time estimated from radar."
SOUTH CAROLINA,45,2024,Hail,0,0,0,0,0.00K,34.03,-81.65,"A deep, positively tilted trough moved through the Deep South towards the Southeast. An associated cold front and line of convection moved into the region, but dissipated once it encountered the Appalachians. Ahead of this front and convection, there was sufficient warm air and moisture advection to trigger some isolated thunderstorms along some weak surface convergence. One of these storms developed into a supercell that produced severe hail near Saluda.",Saluda County Sheriff reported hail up to golf ball sized hail near the intersection of Mt Willing Rd and Columbia Hwy.
SOUTH CAROLINA,45,2024,Tornado,0,0,0,0,NA,32.5681,-80.7162,"Helene first developed into a tropical storm in the northwest Caribbean Sea in the late morning of September 24, and strengthened into a hurricane near the Yucatan peninsula about 24 hours later. Helene continued to strengthen and became a major hurricane as it moved to the north-northeast across the eastern Gulf of Mexico. Helene made landfall in the Big Bend region of Florida in the late evening hours of September 26 as a category 4 hurricane. Once inland, Helene moved quickly northward through the state of Georgia and produced widespread significant impacts across multiple states. ||The very large wind field associated with Helen produced widespread tropical storm force winds across southeast South Carolina during the evening and overnight hours of September 26-27.  The peak observed wind gust in southeast South Carolina was 75 mph at the Beaufort Marine Corps Air Station (KNBC).  Wind impacts due to Helene were significant including widespread tree damage and power outages with several counties reporting near 100 percent power outages.  Conditions along the east side of the track of Helene were very conducive to tropical tornadoes, and 8 tornadoes were confirmed across southeast South Carolina.  Fortunately, there were no injuries or fatalities due to the tornadoes or strong winds associated with Helene.  |Helene also produced heavy rainfall across southeast South Carolina.  Rainfall amounts ranged from 2-5 inches in most areas, with the heaviest swath of rain occurring across Jasper, Hampton, Allendale, and Colleton counties where amounts were more on the order of 5-8 inches.  However, no significant flooding or flash flooding was observed due to heavy rainfall.  ||Helene did produce modest storm surge along the southeast South Carolina coast, resulting in a peak observed tide level of 2.26 ft MHHW (8.02 ft MLLW) at the Charleston Harbor National Ocean Service (NOS) tide gage.","A National Weather Service storm survey team confirmed that a brief EF-0 tornado with estimated peak winds of 70 mph and associated with the outer bands of Helene, impacted portions of Gardens Corner. The tornado began just southeast of Washington Farm Road, where a few trees were uprooted and snapped. The tornado then traveled toward the northwest and snapped and uprooted some trees along Stroban Road near Daniels Drive. As the tornado approached Highway 17, it uprooted and snapped a few trees roughly between Dairy Farm Road and Cherry Oak Mews. The tornado then dissipated over a marshy area just north of Highway 17."
SOUTH CAROLINA,45,2024,Flash Flood,0,0,0,0,0.00K,33.5761,-80.9866,"Record setting rainfall occurred across portions of the southern Midlands as a stalled front and a deep plume of tropical moisture caused rain rates of over 2-4 per hour for over six hours. Hurricane Rafael in the Gulf of Mexico contributed to the influx of extremely anomalous moisture. Northern Orangeburg and western Calhoun counties received over 10 and the surrounding counties saw over 6 as training tropical downpours and thunderstorms lingered over the area. Widespread flash flooding was reported from initial rainfall, causing numerous small dam and pond failures. Additional flooding from dam and pond failures along with substantial river flooding occurred along the North Fork Edisto River.",Orangeburg County and SC state officials confirmed a breach of Inabinet Pond dam. No damage was reported as a result of the breach.
SOUTH CAROLINA,45,2024,Flash Flood,0,0,0,0,0.00K,33.4988,-81.079,"Record setting rainfall occurred across portions of the southern Midlands as a stalled front and a deep plume of tropical moisture caused rain rates of over 2-4 per hour for over six hours. Hurricane Rafael in the Gulf of Mexico contributed to the influx of extremely anomalous moisture. Northern Orangeburg and western Calhoun counties received over 10 and the surrounding counties saw over 6 as training tropical downpours and thunderstorms lingered over the area. Widespread flash flooding was reported from initial rainfall, causing numerous small dam and pond failures. Additional flooding from dam and pond failures along with substantial river flooding occurred along the North Fork Edisto River.",Orangeburg County and SC state officials confirmed a breach of Lewis Davis Pond dam. No damage was reported as a result of the breach.
SOUTH CAROLINA,45,2024,Flash Flood,0,0,0,0,0.00K,33.7215,-80.7918,"Record setting rainfall occurred across portions of the southern Midlands as a stalled front and a deep plume of tropical moisture caused rain rates of over 2-4 per hour for over six hours. Hurricane Rafael in the Gulf of Mexico contributed to the influx of extremely anomalous moisture. Northern Orangeburg and western Calhoun counties received over 10 and the surrounding counties saw over 6 as training tropical downpours and thunderstorms lingered over the area. Widespread flash flooding was reported from initial rainfall, causing numerous small dam and pond failures. Additional flooding from dam and pond failures along with substantial river flooding occurred along the North Fork Edisto River.",Orangeburg County and SC state officials confirmed a breach of Strickland Pond dam. No damage was reported as a result of the breach.
SOUTH CAROLINA,45,2024,Tornado,0,0,0,0,NA,32.8001,-80.095,"Helene first developed into a tropical storm in the northwest Caribbean Sea in the late morning of September 24, and strengthened into a hurricane near the Yucatan peninsula about 24 hours later. Helene continued to strengthen and became a major hurricane as it moved to the north-northeast across the eastern Gulf of Mexico. Helene made landfall in the Big Bend region of Florida in the late evening hours of September 26 as a category 4 hurricane. Once inland, Helene moved quickly northward through the state of Georgia and produced widespread significant impacts across multiple states. ||The very large wind field associated with Helen produced widespread tropical storm force winds across southeast South Carolina during the evening and overnight hours of September 26-27.  The peak observed wind gust in southeast South Carolina was 75 mph at the Beaufort Marine Corps Air Station (KNBC).  Wind impacts due to Helene were significant including widespread tree damage and power outages with several counties reporting near 100 percent power outages.  Conditions along the east side of the track of Helene were very conducive to tropical tornadoes, and 8 tornadoes were confirmed across southeast South Carolina.  Fortunately, there were no injuries or fatalities due to the tornadoes or strong winds associated with Helene.  |Helene also produced heavy rainfall across southeast South Carolina.  Rainfall amounts ranged from 2-5 inches in most areas, with the heaviest swath of rain occurring across Jasper, Hampton, Allendale, and Colleton counties where amounts were more on the order of 5-8 inches.  However, no significant flooding or flash flooding was observed due to heavy rainfall.  ||Helene did produce modest storm surge along the southeast South Carolina coast, resulting in a peak observed tide level of 2.26 ft MHHW (8.02 ft MLLW) at the Charleston Harbor National Ocean Service (NOS) tide gage.","A National Weather Service storm survey team confirmed that a brief EF-0 tornado with estimated peak winds of 80 mph and associated with an outer rain band of Helene, touched down near Savannah Highway just west of Bonanza Rd. A tree was snapped close to the trunk and then the tornado persisted northwest towards Aquabelle Lane and Bluewater Way where at least two large trees were snapped, hitting two different apartment units in the Bluewater Apartment complex. There were also many large branches broken throughout the complex area. The tornado then slightly lifted off of the ground as it crossed Bees Ferry Road and ended at Saint Hubert Way, where a few more small branches were noted."
SOUTH CAROLINA,45,2024,Tornado,0,0,0,0,NA,32.6555,-80.1767,"Helene first developed into a tropical storm in the northwest Caribbean Sea in the late morning of September 24, and strengthened into a hurricane near the Yucatan peninsula about 24 hours later. Helene continued to strengthen and became a major hurricane as it moved to the north-northeast across the eastern Gulf of Mexico. Helene made landfall in the Big Bend region of Florida in the late evening hours of September 26 as a category 4 hurricane. Once inland, Helene moved quickly northward through the state of Georgia and produced widespread significant impacts across multiple states. ||The very large wind field associated with Helen produced widespread tropical storm force winds across southeast South Carolina during the evening and overnight hours of September 26-27.  The peak observed wind gust in southeast South Carolina was 75 mph at the Beaufort Marine Corps Air Station (KNBC).  Wind impacts due to Helene were significant including widespread tree damage and power outages with several counties reporting near 100 percent power outages.  Conditions along the east side of the track of Helene were very conducive to tropical tornadoes, and 8 tornadoes were confirmed across southeast South Carolina.  Fortunately, there were no injuries or fatalities due to the tornadoes or strong winds associated with Helene.  |Helene also produced heavy rainfall across southeast South Carolina.  Rainfall amounts ranged from 2-5 inches in most areas, with the heaviest swath of rain occurring across Jasper, Hampton, Allendale, and Colleton counties where amounts were more on the order of 5-8 inches.  However, no significant flooding or flash flooding was observed due to heavy rainfall.  ||Helene did produce modest storm surge along the southeast South Carolina coast, resulting in a peak observed tide level of 2.26 ft MHHW (8.02 ft MLLW) at the Charleston Harbor National Ocean Service (NOS) tide gage.","A National Weather Service storm survey team confirmed that a brief EF-0 tornado with estimated peak winds of 80 mph and associated with Helene, impacted portions of Wadmalaw Island. The tornado initially touched down in a marshy area just south of Bentz Road. As the tornado exited the marsh, several large trees were uprooted along Bentz Road and a power pole was pushed to the ground due a large pine tree falling on it. The tornado continued to quickly travel north northwest and crossed Liberia Road near St. Johns Fire Department Station 3 and New Bethlehem Baptist Church. Here the tornado started to weaken as it downed several trees near both properties. The weakening tornado then crossed Katy Hill Road producing a considerable amount of small debris before dissipating just south of Bears Bluff Road."
SOUTH CAROLINA,45,2024,Flash Flood,0,0,0,0,0.00K,33.6726,-80.8941,"Record setting rainfall occurred across portions of the southern Midlands as a stalled front and a deep plume of tropical moisture caused rain rates of over 2-4 per hour for over six hours. Hurricane Rafael in the Gulf of Mexico contributed to the influx of extremely anomalous moisture. Northern Orangeburg and western Calhoun counties received over 10 and the surrounding counties saw over 6 as training tropical downpours and thunderstorms lingered over the area. Widespread flash flooding was reported from initial rainfall, causing numerous small dam and pond failures. Additional flooding from dam and pond failures along with substantial river flooding occurred along the North Fork Edisto River.",SCDPS website showed a report of roadway flooding at the intersection of Mimosa Lane and Caw Caw Highway near I-26.
SOUTH CAROLINA,45,2024,Flash Flood,0,0,0,0,0.00K,33.5177,-81.7155,"Record setting rainfall occurred across portions of the southern Midlands as a stalled front and a deep plume of tropical moisture caused rain rates of over 2-4 per hour for over six hours. Hurricane Rafael in the Gulf of Mexico contributed to the influx of extremely anomalous moisture. Northern Orangeburg and western Calhoun counties received over 10 and the surrounding counties saw over 6 as training tropical downpours and thunderstorms lingered over the area. Widespread flash flooding was reported from initial rainfall, causing numerous small dam and pond failures. Additional flooding from dam and pond failures along with substantial river flooding occurred along the North Fork Edisto River.",Aiken County Dispatch reported a stalled vehicle near the intersection of Monterey Drive and Shannon Lane.
SOUTH CAROLINA,45,2024,Tornado,0,0,0,0,NA,32.7925,-80.1404,"Helene first developed into a tropical storm in the northwest Caribbean Sea in the late morning of September 24, and strengthened into a hurricane near the Yucatan peninsula about 24 hours later. Helene continued to strengthen and became a major hurricane as it moved to the north-northeast across the eastern Gulf of Mexico. Helene made landfall in the Big Bend region of Florida in the late evening hours of September 26 as a category 4 hurricane. Once inland, Helene moved quickly northward through the state of Georgia and produced widespread significant impacts across multiple states. ||The very large wind field associated with Helen produced widespread tropical storm force winds across southeast South Carolina during the evening and overnight hours of September 26-27.  The peak observed wind gust in southeast South Carolina was 75 mph at the Beaufort Marine Corps Air Station (KNBC).  Wind impacts due to Helene were significant including widespread tree damage and power outages with several counties reporting near 100 percent power outages.  Conditions along the east side of the track of Helene were very conducive to tropical tornadoes, and 8 tornadoes were confirmed across southeast South Carolina.  Fortunately, there were no injuries or fatalities due to the tornadoes or strong winds associated with Helene.  |Helene also produced heavy rainfall across southeast South Carolina.  Rainfall amounts ranged from 2-5 inches in most areas, with the heaviest swath of rain occurring across Jasper, Hampton, Allendale, and Colleton counties where amounts were more on the order of 5-8 inches.  However, no significant flooding or flash flooding was observed due to heavy rainfall.  ||Helene did produce modest storm surge along the southeast South Carolina coast, resulting in a peak observed tide level of 2.26 ft MHHW (8.02 ft MLLW) at the Charleston Harbor National Ocean Service (NOS) tide gage.","A National Weather Service storm survey team confirmed that a brief EF-0 tornado with estimated peak winds of 70 mph and associated with an outer rain band of Helene, touched down near Savannah Highway near Davison Road where it caused two power poles to lean. The tornado then continued northwest to Carriage House Way where a tree was uprooted and a few limbs were noted down. The tree that was uprooted appeared to have a shallow root system and therefore the wind speed was lowered to a low end EF-0. A few smaller tree branches were also noted just south of Bulow Landing Road before the tornado lifted."
SOUTH CAROLINA,45,2024,Flash Flood,0,0,0,0,0.00K,33.4194,-81.1151,"Record setting rainfall occurred across portions of the southern Midlands as a stalled front and a deep plume of tropical moisture caused rain rates of over 2-4 per hour for over six hours. Hurricane Rafael in the Gulf of Mexico contributed to the influx of extremely anomalous moisture. Northern Orangeburg and western Calhoun counties received over 10 and the surrounding counties saw over 6 as training tropical downpours and thunderstorms lingered over the area. Widespread flash flooding was reported from initial rainfall, causing numerous small dam and pond failures. Additional flooding from dam and pond failures along with substantial river flooding occurred along the North Fork Edisto River.",SCDPS website reported flooding on Willow Swamp Road between Sams Rd. and Commercial Blvd. with water from an adjacent retention pond likely overflowing onto road.
SOUTH CAROLINA,45,2024,Flash Flood,0,0,0,0,0.00K,33.4562,-81.0544,"Record setting rainfall occurred across portions of the southern Midlands as a stalled front and a deep plume of tropical moisture caused rain rates of over 2-4 per hour for over six hours. Hurricane Rafael in the Gulf of Mexico contributed to the influx of extremely anomalous moisture. Northern Orangeburg and western Calhoun counties received over 10 and the surrounding counties saw over 6 as training tropical downpours and thunderstorms lingered over the area. Widespread flash flooding was reported from initial rainfall, causing numerous small dam and pond failures. Additional flooding from dam and pond failures along with substantial river flooding occurred along the North Fork Edisto River.",SCDPS website reported roadway flooding near the intersection of Bonnette Road and Till Road.
SOUTH CAROLINA,45,2024,Flash Flood,0,0,0,0,0.00K,33.6167,-81.1047,"Record setting rainfall occurred across portions of the southern Midlands as a stalled front and a deep plume of tropical moisture caused rain rates of over 2-4 per hour for over six hours. Hurricane Rafael in the Gulf of Mexico contributed to the influx of extremely anomalous moisture. Northern Orangeburg and western Calhoun counties received over 10 and the surrounding counties saw over 6 as training tropical downpours and thunderstorms lingered over the area. Widespread flash flooding was reported from initial rainfall, causing numerous small dam and pond failures. Additional flooding from dam and pond failures along with substantial river flooding occurred along the North Fork Edisto River.",SCDPS Website reported flooding at the intersection of Salley Road and Bedford Avenue.
SOUTH CAROLINA,45,2024,Flash Flood,0,0,0,0,0.00K,33.6159,-81.1064,"Record setting rainfall occurred across portions of the southern Midlands as a stalled front and a deep plume of tropical moisture caused rain rates of over 2-4 per hour for over six hours. Hurricane Rafael in the Gulf of Mexico contributed to the influx of extremely anomalous moisture. Northern Orangeburg and western Calhoun counties received over 10 and the surrounding counties saw over 6 as training tropical downpours and thunderstorms lingered over the area. Widespread flash flooding was reported from initial rainfall, causing numerous small dam and pond failures. Additional flooding from dam and pond failures along with substantial river flooding occurred along the North Fork Edisto River.",SCDPS Website reported flooding at the intersection of North Road and Cromer Avenue.
SOUTH CAROLINA,45,2024,Flash Flood,0,0,0,0,0.00K,33.49,-81.06,"Record setting rainfall occurred across portions of the southern Midlands as a stalled front and a deep plume of tropical moisture caused rain rates of over 2-4 per hour for over six hours. Hurricane Rafael in the Gulf of Mexico contributed to the influx of extremely anomalous moisture. Northern Orangeburg and western Calhoun counties received over 10 and the surrounding counties saw over 6 as training tropical downpours and thunderstorms lingered over the area. Widespread flash flooding was reported from initial rainfall, causing numerous small dam and pond failures. Additional flooding from dam and pond failures along with substantial river flooding occurred along the North Fork Edisto River.",SCDPS Website reports roadway flooding near the intersection of Todd Creek Road and Scallion Road.
SOUTH CAROLINA,45,2024,Flash Flood,0,0,0,0,0.00K,33.6778,-80.901,"Record setting rainfall occurred across portions of the southern Midlands as a stalled front and a deep plume of tropical moisture caused rain rates of over 2-4 per hour for over six hours. Hurricane Rafael in the Gulf of Mexico contributed to the influx of extremely anomalous moisture. Northern Orangeburg and western Calhoun counties received over 10 and the surrounding counties saw over 6 as training tropical downpours and thunderstorms lingered over the area. Widespread flash flooding was reported from initial rainfall, causing numerous small dam and pond failures. Additional flooding from dam and pond failures along with substantial river flooding occurred along the North Fork Edisto River.",SCDPS Website reported roadway flooding on I-26 just past Exit 136.
SOUTH CAROLINA,45,2024,Flash Flood,0,0,0,0,0.00K,33.558,-81.1661,"Record setting rainfall occurred across portions of the southern Midlands as a stalled front and a deep plume of tropical moisture caused rain rates of over 2-4 per hour for over six hours. Hurricane Rafael in the Gulf of Mexico contributed to the influx of extremely anomalous moisture. Northern Orangeburg and western Calhoun counties received over 10 and the surrounding counties saw over 6 as training tropical downpours and thunderstorms lingered over the area. Widespread flash flooding was reported from initial rainfall, causing numerous small dam and pond failures. Additional flooding from dam and pond failures along with substantial river flooding occurred along the North Fork Edisto River.",SCDPS website reports roadway flooding at the intersection of Ninety 6 Rd and Meadow Farm Rd.
SOUTH CAROLINA,45,2024,Flash Flood,0,0,0,0,0.00K,33.4798,-81.068,"Record setting rainfall occurred across portions of the southern Midlands as a stalled front and a deep plume of tropical moisture caused rain rates of over 2-4 per hour for over six hours. Hurricane Rafael in the Gulf of Mexico contributed to the influx of extremely anomalous moisture. Northern Orangeburg and western Calhoun counties received over 10 and the surrounding counties saw over 6 as training tropical downpours and thunderstorms lingered over the area. Widespread flash flooding was reported from initial rainfall, causing numerous small dam and pond failures. Additional flooding from dam and pond failures along with substantial river flooding occurred along the North Fork Edisto River.",SCDPS website reports roadway flooding near the intersection of Middle Willow Rd and Albee Ln.
SOUTH CAROLINA,45,2024,Flash Flood,0,0,0,0,0.00K,33.6349,-81.0178,"Record setting rainfall occurred across portions of the southern Midlands as a stalled front and a deep plume of tropical moisture caused rain rates of over 2-4 per hour for over six hours. Hurricane Rafael in the Gulf of Mexico contributed to the influx of extremely anomalous moisture. Northern Orangeburg and western Calhoun counties received over 10 and the surrounding counties saw over 6 as training tropical downpours and thunderstorms lingered over the area. Widespread flash flooding was reported from initial rainfall, causing numerous small dam and pond failures. Additional flooding from dam and pond failures along with substantial river flooding occurred along the North Fork Edisto River.",SCDPS website reports roadway flooding at the intersection of Bull Swamp Rd and Woodhaven St.
SOUTH CAROLINA,45,2024,Flash Flood,0,0,0,0,0.00K,33.57,-80.95,"Record setting rainfall occurred across portions of the southern Midlands as a stalled front and a deep plume of tropical moisture caused rain rates of over 2-4 per hour for over six hours. Hurricane Rafael in the Gulf of Mexico contributed to the influx of extremely anomalous moisture. Northern Orangeburg and western Calhoun counties received over 10 and the surrounding counties saw over 6 as training tropical downpours and thunderstorms lingered over the area. Widespread flash flooding was reported from initial rainfall, causing numerous small dam and pond failures. Additional flooding from dam and pond failures along with substantial river flooding occurred along the North Fork Edisto River.",SCDPS website reports Roadway Washout on Oakmont Dr.
SOUTH CAROLINA,45,2024,Flash Flood,0,0,0,0,0.00K,33.4913,-81.2919,"Record setting rainfall occurred across portions of the southern Midlands as a stalled front and a deep plume of tropical moisture caused rain rates of over 2-4 per hour for over six hours. Hurricane Rafael in the Gulf of Mexico contributed to the influx of extremely anomalous moisture. Northern Orangeburg and western Calhoun counties received over 10 and the surrounding counties saw over 6 as training tropical downpours and thunderstorms lingered over the area. Widespread flash flooding was reported from initial rainfall, causing numerous small dam and pond failures. Additional flooding from dam and pond failures along with substantial river flooding occurred along the North Fork Edisto River.",SC Dept. of Public Safety reports roadway flooding on Springfield Road near the intersection of Skyland Dr. Time estimated from radar.
SOUTH CAROLINA,45,2024,Flash Flood,0,0,0,0,0.00K,33.4642,-81.0555,"Record setting rainfall occurred across portions of the southern Midlands as a stalled front and a deep plume of tropical moisture caused rain rates of over 2-4 per hour for over six hours. Hurricane Rafael in the Gulf of Mexico contributed to the influx of extremely anomalous moisture. Northern Orangeburg and western Calhoun counties received over 10 and the surrounding counties saw over 6 as training tropical downpours and thunderstorms lingered over the area. Widespread flash flooding was reported from initial rainfall, causing numerous small dam and pond failures. Additional flooding from dam and pond failures along with substantial river flooding occurred along the North Fork Edisto River.",SC Dept of Public Safety reports roadway flooding and road closure on Norway Road and Todd Creek Road.
SOUTH CAROLINA,45,2024,Flash Flood,0,0,0,0,0.00K,33.5,-81.1,"Record setting rainfall occurred across portions of the southern Midlands as a stalled front and a deep plume of tropical moisture caused rain rates of over 2-4 per hour for over six hours. Hurricane Rafael in the Gulf of Mexico contributed to the influx of extremely anomalous moisture. Northern Orangeburg and western Calhoun counties received over 10 and the surrounding counties saw over 6 as training tropical downpours and thunderstorms lingered over the area. Widespread flash flooding was reported from initial rainfall, causing numerous small dam and pond failures. Additional flooding from dam and pond failures along with substantial river flooding occurred along the North Fork Edisto River.",SCDOT closed Calvary Church Rd between Ada Rd and Chatsworth Rd due to flooding.
SOUTH CAROLINA,45,2024,Flash Flood,0,0,0,0,0.00K,33.12,-81.05,"Record setting rainfall occurred across portions of the southern Midlands as a stalled front and a deep plume of tropical moisture caused rain rates of over 2-4 per hour for over six hours. Hurricane Rafael in the Gulf of Mexico contributed to the influx of extremely anomalous moisture. Northern Orangeburg and western Calhoun counties received over 10 and the surrounding counties saw over 6 as training tropical downpours and thunderstorms lingered over the area. Widespread flash flooding was reported from initial rainfall, causing numerous small dam and pond failures. Additional flooding from dam and pond failures along with substantial river flooding occurred along the North Fork Edisto River.",SC Dept of Public Safety reports roadway flooding on Ehrhardt Rd at the intersection of Home Place Trail. Flooding due to McMillian Branch culvert beneath the intersection. Time estimated from radar.
SOUTH CAROLINA,45,2024,Flood,0,0,2,0,0.00K,33.4163,-80.8649,"Record setting rainfall occurred across portions of the southern Midlands as a stalled front and a deep plume of tropical moisture caused rain rates of over 2-4 per hour for over six hours. Hurricane Rafael in the Gulf of Mexico contributed to the influx of extremely anomalous moisture. Northern Orangeburg and western Calhoun counties received over 10 and the surrounding counties saw over 6 as training tropical downpours and thunderstorms lingered over the area. Widespread flash flooding was reported from initial rainfall, causing numerous small dam and pond failures. Additional flooding from dam and pond failures along with substantial river flooding occurred along the North Fork Edisto River.","Record crest flooding occurred along the North Fork Edisto River as a result of heavy rain and upstream small pond and dam failures, causing several fatalities and damage to numerous structures in Orangeburg. The North Fork Edisto in Orangeburg rose from 7.00 feet at 12am EST on November 7th to a record crest of 15.34 feet at 1030pm on November 7th. The river remained in flood until November 10th. Two fatalities occurred in Orangeburg as a result of the river flooding. Damage occurred to the Walmart, CVS, and several other structures in downtown Orangeburg."
SOUTH CAROLINA,45,2024,Flash Flood,0,0,0,0,0.00K,33.533,-81.236,"Record setting rainfall occurred across portions of the southern Midlands as a stalled front and a deep plume of tropical moisture caused rain rates of over 2-4 per hour for over six hours. Hurricane Rafael in the Gulf of Mexico contributed to the influx of extremely anomalous moisture. Northern Orangeburg and western Calhoun counties received over 10 and the surrounding counties saw over 6 as training tropical downpours and thunderstorms lingered over the area. Widespread flash flooding was reported from initial rainfall, causing numerous small dam and pond failures. Additional flooding from dam and pond failures along with substantial river flooding occurred along the North Fork Edisto River.",Orangeburg County and SC state officials confirmed a breach of Busbees Pond dam. No damage was reported as a result of the breach.
SOUTH CAROLINA,45,2024,Flash Flood,0,0,0,0,0.00K,33.6259,-81.0516,"Record setting rainfall occurred across portions of the southern Midlands as a stalled front and a deep plume of tropical moisture caused rain rates of over 2-4 per hour for over six hours. Hurricane Rafael in the Gulf of Mexico contributed to the influx of extremely anomalous moisture. Northern Orangeburg and western Calhoun counties received over 10 and the surrounding counties saw over 6 as training tropical downpours and thunderstorms lingered over the area. Widespread flash flooding was reported from initial rainfall, causing numerous small dam and pond failures. Additional flooding from dam and pond failures along with substantial river flooding occurred along the North Fork Edisto River.","Orangeburg County and SC state officials confirmed a complete breach of Etheredge Millpond dam, with an estimated time of 800am EST. A large section of Highway 178 was destroyed and washed out as a result of the breach. No other immediate direct damage from the breach was identified."
SOUTH CAROLINA,45,2024,Tornado,0,0,0,0,NA,32.2166,-80.9281,"Helene first developed into a tropical storm in the northwest Caribbean Sea in the late morning of September 24, and strengthened into a hurricane near the Yucatan peninsula about 24 hours later. Helene continued to strengthen and became a major hurricane as it moved to the north-northeast across the eastern Gulf of Mexico. Helene made landfall in the Big Bend region of Florida in the late evening hours of September 26 as a category 4 hurricane. Once inland, Helene moved quickly northward through the state of Georgia and produced widespread significant impacts across multiple states. ||The very large wind field associated with Helen produced widespread tropical storm force winds across southeast South Carolina during the evening and overnight hours of September 26-27.  The peak observed wind gust in southeast South Carolina was 75 mph at the Beaufort Marine Corps Air Station (KNBC).  Wind impacts due to Helene were significant including widespread tree damage and power outages with several counties reporting near 100 percent power outages.  Conditions along the east side of the track of Helene were very conducive to tropical tornadoes, and 8 tornadoes were confirmed across southeast South Carolina.  Fortunately, there were no injuries or fatalities due to the tornadoes or strong winds associated with Helene.  |Helene also produced heavy rainfall across southeast South Carolina.  Rainfall amounts ranged from 2-5 inches in most areas, with the heaviest swath of rain occurring across Jasper, Hampton, Allendale, and Colleton counties where amounts were more on the order of 5-8 inches.  However, no significant flooding or flash flooding was observed due to heavy rainfall.  ||Helene did produce modest storm surge along the southeast South Carolina coast, resulting in a peak observed tide level of 2.26 ft MHHW (8.02 ft MLLW) at the Charleston Harbor National Ocean Service (NOS) tide gage.","A National Weather Service storm survey team confirmed an EF-0 tornado with estimated peak winds of 76 mph near Pritchardville. The brief, relatively weak tornado, associated with an outer band of Hurricane Helene, developed near Headwaters Road. At this point, the there was only some minor and sporadic damage to small limbs and branches. As it moved rapidly northward, it crossed the far western marshy area of the May River. It then crossed May River Road, where its snapped and uprooted some trees, before it dissipated just to the north."
SOUTH CAROLINA,45,2024,Tornado,0,0,0,0,NA,33.0207,-80.9629,"Helene first developed into a tropical storm in the northwest Caribbean Sea in the late morning of September 24, and strengthened into a hurricane near the Yucatan peninsula about 24 hours later. Helene continued to strengthen and became a major hurricane as it moved to the north-northeast across the eastern Gulf of Mexico. Helene made landfall in the Big Bend region of Florida in the late evening hours of September 26 as a category 4 hurricane. Once inland, Helene moved quickly northward through the state of Georgia and produced widespread significant impacts across multiple states. ||The very large wind field associated with Helen produced widespread tropical storm force winds across southeast South Carolina during the evening and overnight hours of September 26-27.  The peak observed wind gust in southeast South Carolina was 75 mph at the Beaufort Marine Corps Air Station (KNBC).  Wind impacts due to Helene were significant including widespread tree damage and power outages with several counties reporting near 100 percent power outages.  Conditions along the east side of the track of Helene were very conducive to tropical tornadoes, and 8 tornadoes were confirmed across southeast South Carolina.  Fortunately, there were no injuries or fatalities due to the tornadoes or strong winds associated with Helene.  |Helene also produced heavy rainfall across southeast South Carolina.  Rainfall amounts ranged from 2-5 inches in most areas, with the heaviest swath of rain occurring across Jasper, Hampton, Allendale, and Colleton counties where amounts were more on the order of 5-8 inches.  However, no significant flooding or flash flooding was observed due to heavy rainfall.  ||Helene did produce modest storm surge along the southeast South Carolina coast, resulting in a peak observed tide level of 2.26 ft MHHW (8.02 ft MLLW) at the Charleston Harbor National Ocean Service (NOS) tide gage.","A National Weather Service storm survey team confirmed an EF-1 tornado with estimated peak winds of 90 mph in northern Colleton County. A short lived tornado ahead of Hurricane Helene touched down near Gabriel Road with a few tree limbs down and a tree snapped at the trunk. As the tornado approached 641, multiple trees were snapped at the trunk on the northern side, facing Ashton Branch of Willow Swamp. The tornado continued to the northwest where multiple tree branches were broken along Ashton Road, with additional tree branch and limb damage persisting along Ralphs Road as well. The tornado then turned more northward and continued into Bamberg County."
SOUTH CAROLINA,45,2024,Flash Flood,0,0,0,0,0.00K,33.5509,-81.7226,"Record setting rainfall occurred across portions of the southern Midlands as a stalled front and a deep plume of tropical moisture caused rain rates of over 2-4 per hour for over six hours. Hurricane Rafael in the Gulf of Mexico contributed to the influx of extremely anomalous moisture. Northern Orangeburg and western Calhoun counties received over 10 and the surrounding counties saw over 6 as training tropical downpours and thunderstorms lingered over the area. Widespread flash flooding was reported from initial rainfall, causing numerous small dam and pond failures. Additional flooding from dam and pond failures along with substantial river flooding occurred along the North Fork Edisto River.",Social media report that the Aiken Department of Public Safety closed Whiskey Road between Knox Ave. and Grace Ave. due to flooding.
SOUTH CAROLINA,45,2024,Flash Flood,0,0,0,0,0.00K,33.5887,-81.7546,"Record setting rainfall occurred across portions of the southern Midlands as a stalled front and a deep plume of tropical moisture caused rain rates of over 2-4 per hour for over six hours. Hurricane Rafael in the Gulf of Mexico contributed to the influx of extremely anomalous moisture. Northern Orangeburg and western Calhoun counties received over 10 and the surrounding counties saw over 6 as training tropical downpours and thunderstorms lingered over the area. Widespread flash flooding was reported from initial rainfall, causing numerous small dam and pond failures. Additional flooding from dam and pond failures along with substantial river flooding occurred along the North Fork Edisto River.",Social media report that the Aiken Department of Public Safety closed the intersection of University Parkway and Vaucluse Rd. due to flooding.
SOUTH CAROLINA,45,2024,Flash Flood,0,0,0,0,0.00K,33.5111,-81.1794,"Record setting rainfall occurred across portions of the southern Midlands as a stalled front and a deep plume of tropical moisture caused rain rates of over 2-4 per hour for over six hours. Hurricane Rafael in the Gulf of Mexico contributed to the influx of extremely anomalous moisture. Northern Orangeburg and western Calhoun counties received over 10 and the surrounding counties saw over 6 as training tropical downpours and thunderstorms lingered over the area. Widespread flash flooding was reported from initial rainfall, causing numerous small dam and pond failures. Additional flooding from dam and pond failures along with substantial river flooding occurred along the North Fork Edisto River.",Orangeburg County and SC state officials confirmed a breach of Bolins Millpond dam. No damage was reported as a result of the breach.
SOUTH CAROLINA,45,2024,Tornado,0,0,0,0,NA,32.6094,-80.2016,"Helene first developed into a tropical storm in the northwest Caribbean Sea in the late morning of September 24, and strengthened into a hurricane near the Yucatan peninsula about 24 hours later. Helene continued to strengthen and became a major hurricane as it moved to the north-northeast across the eastern Gulf of Mexico. Helene made landfall in the Big Bend region of Florida in the late evening hours of September 26 as a category 4 hurricane. Once inland, Helene moved quickly northward through the state of Georgia and produced widespread significant impacts across multiple states. ||The very large wind field associated with Helen produced widespread tropical storm force winds across southeast South Carolina during the evening and overnight hours of September 26-27.  The peak observed wind gust in southeast South Carolina was 75 mph at the Beaufort Marine Corps Air Station (KNBC).  Wind impacts due to Helene were significant including widespread tree damage and power outages with several counties reporting near 100 percent power outages.  Conditions along the east side of the track of Helene were very conducive to tropical tornadoes, and 8 tornadoes were confirmed across southeast South Carolina.  Fortunately, there were no injuries or fatalities due to the tornadoes or strong winds associated with Helene.  |Helene also produced heavy rainfall across southeast South Carolina.  Rainfall amounts ranged from 2-5 inches in most areas, with the heaviest swath of rain occurring across Jasper, Hampton, Allendale, and Colleton counties where amounts were more on the order of 5-8 inches.  However, no significant flooding or flash flooding was observed due to heavy rainfall.  ||Helene did produce modest storm surge along the southeast South Carolina coast, resulting in a peak observed tide level of 2.26 ft MHHW (8.02 ft MLLW) at the Charleston Harbor National Ocean Service (NOS) tide gage.","A National Weather Service storm survey team confirmed that an EF-1 tornado with estimated peak winds of 90 mph and associated with Helene, impacted portions of Wadmalaw Island. The tornado, possibly beginning as a waterspout just west or northwest of Rockville, downed several large trees along Brigger Hill Road and McCants Road. The tornado then quickly travelled north snapping and blowing down several cluster of large hardwood trees along Leadenwah Drive and Allendale Plantation Road before dissipating in an area of water and marsh south of Heron Island Way. The tornado was likely at its strongest passing over Leadenwah Drive where the tree damage was the most extensive."
SOUTH CAROLINA,45,2024,Flash Flood,0,0,0,0,0.00K,33.4174,-81.004,"Record setting rainfall occurred across portions of the southern Midlands as a stalled front and a deep plume of tropical moisture caused rain rates of over 2-4 per hour for over six hours. Hurricane Rafael in the Gulf of Mexico contributed to the influx of extremely anomalous moisture. Northern Orangeburg and western Calhoun counties received over 10 and the surrounding counties saw over 6 as training tropical downpours and thunderstorms lingered over the area. Widespread flash flooding was reported from initial rainfall, causing numerous small dam and pond failures. Additional flooding from dam and pond failures along with substantial river flooding occurred along the North Fork Edisto River.",Orangeburg County and SC state officials confirmed a breach of Eugene and Michele Miller dam. Binnicker Bridge Road washed out and closed as a result of the dam failure.
SOUTH CAROLINA,45,2024,Flash Flood,0,0,0,0,0.00K,33.4632,-81.1333,"Record setting rainfall occurred across portions of the southern Midlands as a stalled front and a deep plume of tropical moisture caused rain rates of over 2-4 per hour for over six hours. Hurricane Rafael in the Gulf of Mexico contributed to the influx of extremely anomalous moisture. Northern Orangeburg and western Calhoun counties received over 10 and the surrounding counties saw over 6 as training tropical downpours and thunderstorms lingered over the area. Widespread flash flooding was reported from initial rainfall, causing numerous small dam and pond failures. Additional flooding from dam and pond failures along with substantial river flooding occurred along the North Fork Edisto River.",Orangeburg County and SC state officials confirmed a breach of Pardees Pond dam. No damage was reported as a result of the breach.
SOUTH CAROLINA,45,2024,Flash Flood,0,0,0,0,0.00K,33.5824,-80.987,"Record setting rainfall occurred across portions of the southern Midlands as a stalled front and a deep plume of tropical moisture caused rain rates of over 2-4 per hour for over six hours. Hurricane Rafael in the Gulf of Mexico contributed to the influx of extremely anomalous moisture. Northern Orangeburg and western Calhoun counties received over 10 and the surrounding counties saw over 6 as training tropical downpours and thunderstorms lingered over the area. Widespread flash flooding was reported from initial rainfall, causing numerous small dam and pond failures. Additional flooding from dam and pond failures along with substantial river flooding occurred along the North Fork Edisto River.",Orangeburg County and SC state officials confirmed a breach of Sam Fogles Pond dam. No damage was reported as a result of the breach.
SOUTH CAROLINA,45,2024,Tornado,0,0,0,0,NA,32.1046,-80.8598,"Helene first developed into a tropical storm in the northwest Caribbean Sea in the late morning of September 24, and strengthened into a hurricane near the Yucatan peninsula about 24 hours later. Helene continued to strengthen and became a major hurricane as it moved to the north-northeast across the eastern Gulf of Mexico. Helene made landfall in the Big Bend region of Florida in the late evening hours of September 26 as a category 4 hurricane. Once inland, Helene moved quickly northward through the state of Georgia and produced widespread significant impacts across multiple states. ||The very large wind field associated with Helen produced widespread tropical storm force winds across southeast South Carolina during the evening and overnight hours of September 26-27.  The peak observed wind gust in southeast South Carolina was 75 mph at the Beaufort Marine Corps Air Station (KNBC).  Wind impacts due to Helene were significant including widespread tree damage and power outages with several counties reporting near 100 percent power outages.  Conditions along the east side of the track of Helene were very conducive to tropical tornadoes, and 8 tornadoes were confirmed across southeast South Carolina.  Fortunately, there were no injuries or fatalities due to the tornadoes or strong winds associated with Helene.  |Helene also produced heavy rainfall across southeast South Carolina.  Rainfall amounts ranged from 2-5 inches in most areas, with the heaviest swath of rain occurring across Jasper, Hampton, Allendale, and Colleton counties where amounts were more on the order of 5-8 inches.  However, no significant flooding or flash flooding was observed due to heavy rainfall.  ||Helene did produce modest storm surge along the southeast South Carolina coast, resulting in a peak observed tide level of 2.26 ft MHHW (8.02 ft MLLW) at the Charleston Harbor National Ocean Service (NOS) tide gage.","A National Weather Service storm survey team confirmed that an EF-0 tornado with estimated peak winds of 80 mph and associated with an outer band of Hurricane Helene, started on Daufuskie Island near Driftwood Cottage Lane. The tornado then continued northward across Daufuskie Island, snapping trees on Stoddard Court and on Martinangel Lane near Captain Monroe Lane. The tornado then crossed over the marsh between Daufuskie Island and Palmetto Bluff. Trees were snapped between Corley Street and Maritime Road near Old Moreland Road. Trees were also snapped on Amaranth Road at Moreland Road. The tornado then dissipated just north of Big House Plantation Road."
SOUTH CAROLINA,45,2024,Tornado,0,0,0,0,5.00K,35.102,-82.549,"A plume of moisture extending from an intensifying Tropical Cyclone Helene over the Gulf of Mexico interacted with a slow-moving cold front to produce a band of widespread heavy rain showers and embedded scattered thunderstorms over the southern Appalachians and vicinity on the 25th and 26th. One of the embedded storms produced a brief, weak tornado in northern Greenville County.",Emergency manager reported a brief tornado touched down in an area between Jones Gap State Park and River Falls Rd. Multiple trees were blown down and some outbuildings were damaged.
SOUTH CAROLINA,45,2024,Flash Flood,0,0,0,0,300.00K,34.85,-82.486,"Tropical Cyclone Helene began organizing over the western Caribbean on the 23rd and 24th of September before rapidly intensifying as it moved north through the eastern Gulf of Mexico on the 25th and 26th. A plume of moisture extending from the intensifying storm interacted with a slow-moving cold front to produce a band of widespread heavy rain showers and embedded scattered thunderstorms over the southern Appalachians and vicinity on the 25th and 26th, resulting in a predecessor heavy rainfall event over the mountains and portions of the foothills. Helene made landfall in the Florida Big Bend and moved quickly N/NE through Georgia before turning toward the N/NW once the remnant center reached northeast Georgia. Tropical rainbands around the center of Helene swept over areas with already-saturated soils over the mountains and foothills during the early morning of the 27th, resulting in very heavy rainfall and significant flash flooding across multiple basins with headwaters near the Blue Ridge escarpment. Due to its quick movement, Helene was still a strong tropical storm when the wind field reached the western Carolinas and northeast Georgia. Frequent wind gusts of 55 to 70 mph, with occasional gusts of 80 mph...and likely as high as 90 mph across the higher elevations combined with saturated soils to produce widespread damage to trees and electrical infrastructure. Hundreds of trees fell on houses, vehicles, and power lines throughout the area, resulting in several fatalities. Almost all customers in several counties lost power for at least a brief period. Most people were without power for at least a couple of days, while thousands were without power for a week or more.","A stream gauge on the Saluda River in west Greenville indicated flash flooding developed along the river after 8-15 inches of rain fell across the foothills in three days, with 1.5 to 2.5 inches of that falling in less than three hours on the morning of the 27th. Multiple homes and structures were inundated and damaged on the Pickens County side of the river in east Easley, including on Shop Ct, Shady Acres Circle, Covenant Dr, and Easley Bridge Rd."
SOUTH CAROLINA,45,2024,Flood,0,0,0,0,10.00K,34.749,-82.118,"Tropical Cyclone Helene began organizing over the western Caribbean on the 23rd and 24th of September before rapidly intensifying as it moved north through the eastern Gulf of Mexico on the 25th and 26th. A plume of moisture extending from the intensifying storm interacted with a slow-moving cold front to produce a band of widespread heavy rain showers and embedded scattered thunderstorms over the southern Appalachians and vicinity on the 25th and 26th, resulting in a predecessor heavy rainfall event over the mountains and portions of the foothills. Helene made landfall in the Florida Big Bend and moved quickly N/NE through Georgia before turning toward the N/NW once the remnant center reached northeast Georgia. Tropical rainbands around the center of Helene swept over areas with already-saturated soils over the mountains and foothills during the early morning of the 27th, resulting in very heavy rainfall and significant flash flooding across multiple basins with headwaters near the Blue Ridge escarpment. Due to its quick movement, Helene was still a strong tropical storm when the wind field reached the western Carolinas and northeast Georgia. Frequent wind gusts of 55 to 70 mph, with occasional gusts of 80 mph...and likely as high as 90 mph across the higher elevations combined with saturated soils to produce widespread damage to trees and electrical infrastructure. Hundreds of trees fell on houses, vehicles, and power lines throughout the area, resulting in several fatalities. Almost all customers in several counties lost power for at least a brief period. Most people were without power for at least a couple of days, while thousands were without power for a week or more.","Although heavy rain ended across Laurens County by early afternoon, flooding developed along the Enoree River during this time, as water from widespread very heavy rainfall over the upper part of the basin funneled its way downstream through the watershed. Low lying areas and some roads were inundated along the Spartanburg County line, including Beaverdam Church Rd. Meanwhile, flooding persisted into the afternoon along the Little River in Laurens."
SOUTH CAROLINA,45,2024,Flood,0,0,0,0,10.00K,34.9,-82.75,"Tropical Cyclone Helene began organizing over the western Caribbean on the 23rd and 24th of September before rapidly intensifying as it moved north through the eastern Gulf of Mexico on the 25th and 26th. A plume of moisture extending from the intensifying storm interacted with a slow-moving cold front to produce a band of widespread heavy rain showers and embedded scattered thunderstorms over the southern Appalachians and vicinity on the 25th and 26th, resulting in a predecessor heavy rainfall event over the mountains and portions of the foothills. Helene made landfall in the Florida Big Bend and moved quickly N/NE through Georgia before turning toward the N/NW once the remnant center reached northeast Georgia. Tropical rainbands around the center of Helene swept over areas with already-saturated soils over the mountains and foothills during the early morning of the 27th, resulting in very heavy rainfall and significant flash flooding across multiple basins with headwaters near the Blue Ridge escarpment. Due to its quick movement, Helene was still a strong tropical storm when the wind field reached the western Carolinas and northeast Georgia. Frequent wind gusts of 55 to 70 mph, with occasional gusts of 80 mph...and likely as high as 90 mph across the higher elevations combined with saturated soils to produce widespread damage to trees and electrical infrastructure. Hundreds of trees fell on houses, vehicles, and power lines throughout the area, resulting in several fatalities. Almost all customers in several counties lost power for at least a brief period. Most people were without power for at least a couple of days, while thousands were without power for a week or more.","Although heavy rain ended across Pickens County by mid-afternoon, flooding continued along Twelvemile Creek and especially the Saluda River through the afternoon. While Twelvemile Creek receded to its banks by evening on the 27th, major river flooding continued along the Saluda until the early morning hours of the 29th, and the river didn't fall below flood stage until the afternoon of the 29th. The river gauge in west Greenville crested at just over 20 feet, which exceeded the record crest by almost a foot (October 1949)."
SOUTH CAROLINA,45,2024,Flash Flood,0,0,0,0,1.00M,34.908,-82.501,"Tropical Cyclone Helene began organizing over the western Caribbean on the 23rd and 24th of September before rapidly intensifying as it moved north through the eastern Gulf of Mexico on the 25th and 26th. A plume of moisture extending from the intensifying storm interacted with a slow-moving cold front to produce a band of widespread heavy rain showers and embedded scattered thunderstorms over the southern Appalachians and vicinity on the 25th and 26th, resulting in a predecessor heavy rainfall event over the mountains and portions of the foothills. Helene made landfall in the Florida Big Bend and moved quickly N/NE through Georgia before turning toward the N/NW once the remnant center reached northeast Georgia. Tropical rainbands around the center of Helene swept over areas with already-saturated soils over the mountains and foothills during the early morning of the 27th, resulting in very heavy rainfall and significant flash flooding across multiple basins with headwaters near the Blue Ridge escarpment. Due to its quick movement, Helene was still a strong tropical storm when the wind field reached the western Carolinas and northeast Georgia. Frequent wind gusts of 55 to 70 mph, with occasional gusts of 80 mph...and likely as high as 90 mph across the higher elevations combined with saturated soils to produce widespread damage to trees and electrical infrastructure. Hundreds of trees fell on houses, vehicles, and power lines throughout the area, resulting in several fatalities. Almost all customers in several counties lost power for at least a brief period. Most people were without power for at least a couple of days, while thousands were without power for a week or more.","Stream gauges and emergency management reported significant flash flooding developed along all major river basins in central Greenville County after 8-15 inches of rain fell across the foothills in three days, with 1.5 to 2.5 inches of that falling in less than three hours on the morning of the 27th. Flash flooding developed along the Saluda River, with the stream gauge in west Greenville reaching major flood stage, indicating multiple roads and some structures were  inundated, including on Riverview Circle. Moderate flooding developed along the Reedy River through the city of Greenville, with extensive flooding of the greenway from Unity Park downstream to Cleveland Park and inundation of multiple roads, including Hudson St, which was damaged and closed for months. Brushy Creek overflowed its banks on the eastside of Greenville and inundated multiple roads, including Edwards Rd, where water entered several homes and Devenger Rd. Significant flooding developed along the Enoree River, with a gauge on the river at Pelham reaching its highest level since August 1995 (Tropical Cyclone Jerry). Inundated roads along the river included Gibbs Shoals Rd."
SOUTH CAROLINA,45,2024,Flood,0,0,0,0,10.00K,35.192,-82.149,"Tropical Cyclone Helene began organizing over the western Caribbean on the 23rd and 24th of September before rapidly intensifying as it moved north through the eastern Gulf of Mexico on the 25th and 26th. A plume of moisture extending from the intensifying storm interacted with a slow-moving cold front to produce a band of widespread heavy rain showers and embedded scattered thunderstorms over the southern Appalachians and vicinity on the 25th and 26th, resulting in a predecessor heavy rainfall event over the mountains and portions of the foothills. Helene made landfall in the Florida Big Bend and moved quickly N/NE through Georgia before turning toward the N/NW once the remnant center reached northeast Georgia. Tropical rainbands around the center of Helene swept over areas with already-saturated soils over the mountains and foothills during the early morning of the 27th, resulting in very heavy rainfall and significant flash flooding across multiple basins with headwaters near the Blue Ridge escarpment. Due to its quick movement, Helene was still a strong tropical storm when the wind field reached the western Carolinas and northeast Georgia. Frequent wind gusts of 55 to 70 mph, with occasional gusts of 80 mph...and likely as high as 90 mph across the higher elevations combined with saturated soils to produce widespread damage to trees and electrical infrastructure. Hundreds of trees fell on houses, vehicles, and power lines throughout the area, resulting in several fatalities. Almost all customers in several counties lost power for at least a brief period. Most people were without power for at least a couple of days, while thousands were without power for a week or more.","Although heavy rain ended across Spartanburg County by afternoon, flooding continued across the county through the afternoon and into the morning of the 28th. In addition to continued flooding across the Pacolet system, flooding also developed along the Enoree River during this time, as water from very rainfall over the headwaters of that river resulted in gradual rises of the river along the Spartanburg/Greenville County line. Kilgore Bridge Rd was inundated in the Woodruff area."
SOUTH CAROLINA,45,2024,Flash Flood,0,0,0,0,10.00K,35.173,-81.624,"Tropical Cyclone Helene began organizing over the western Caribbean on the 23rd and 24th of September before rapidly intensifying as it moved north through the eastern Gulf of Mexico on the 25th and 26th. A plume of moisture extending from the intensifying storm interacted with a slow-moving cold front to produce a band of widespread heavy rain showers and embedded scattered thunderstorms over the southern Appalachians and vicinity on the 25th and 26th, resulting in a predecessor heavy rainfall event over the mountains and portions of the foothills. Helene made landfall in the Florida Big Bend and moved quickly N/NE through Georgia before turning toward the N/NW once the remnant center reached northeast Georgia. Tropical rainbands around the center of Helene swept over areas with already-saturated soils over the mountains and foothills during the early morning of the 27th, resulting in very heavy rainfall and significant flash flooding across multiple basins with headwaters near the Blue Ridge escarpment. Due to its quick movement, Helene was still a strong tropical storm when the wind field reached the western Carolinas and northeast Georgia. Frequent wind gusts of 55 to 70 mph, with occasional gusts of 80 mph...and likely as high as 90 mph across the higher elevations combined with saturated soils to produce widespread damage to trees and electrical infrastructure. Hundreds of trees fell on houses, vehicles, and power lines throughout the area, resulting in several fatalities. Almost all customers in several counties lost power for at least a brief period. Most people were without power for at least a couple of days, while thousands were without power for a week or more.","A stream gauge on the Broad River at Blacksburg (gauge dropped out around 00Z on the 27th) indicated flash flooding developed along the river after extreme rainfall occurred over the headwaters across the mountains and foothills, while rainfall over Cherokee County was generally between 6 and 10 inches over two days. A portion of Little Hope Rd and River Rd was inundated, as were various secondary roads. Access roads to Cherokee Falls and Gaston Shoals dams were also inundated."
SOUTH CAROLINA,45,2024,Flash Flood,0,0,0,0,25.00K,34.9,-82.75,"Tropical Cyclone Helene began organizing over the western Caribbean on the 23rd and 24th of September before rapidly intensifying as it moved north through the eastern Gulf of Mexico on the 25th and 26th. A plume of moisture extending from the intensifying storm interacted with a slow-moving cold front to produce a band of widespread heavy rain showers and embedded scattered thunderstorms over the southern Appalachians and vicinity on the 25th and 26th, resulting in a predecessor heavy rainfall event over the mountains and portions of the foothills. Helene made landfall in the Florida Big Bend and moved quickly N/NE through Georgia before turning toward the N/NW once the remnant center reached northeast Georgia. Tropical rainbands around the center of Helene swept over areas with already-saturated soils over the mountains and foothills during the early morning of the 27th, resulting in very heavy rainfall and significant flash flooding across multiple basins with headwaters near the Blue Ridge escarpment. Due to its quick movement, Helene was still a strong tropical storm when the wind field reached the western Carolinas and northeast Georgia. Frequent wind gusts of 55 to 70 mph, with occasional gusts of 80 mph...and likely as high as 90 mph across the higher elevations combined with saturated soils to produce widespread damage to trees and electrical infrastructure. Hundreds of trees fell on houses, vehicles, and power lines throughout the area, resulting in several fatalities. Almost all customers in several counties lost power for at least a brief period. Most people were without power for at least a couple of days, while thousands were without power for a week or more.","A stream gauge on Twelvemile Creek near Liberty indicated flash flooding developed along the stream after 11 to 17 inches of rain fell over three days, with 1 to 2 inches of that falling in less than three hours on the morning of the 27th. In addition to the creek inundating portions of Concord Church Rd and Riggins Bridge Rd, the grounds of the Pickens County Flea Market were covered with up to 5 feet of water."
SOUTH CAROLINA,45,2024,Flash Flood,0,0,0,0,50.00K,35.126,-82.564,"Tropical Cyclone Helene began organizing over the western Caribbean on the 23rd and 24th of September before rapidly intensifying as it moved north through the eastern Gulf of Mexico on the 25th and 26th. A plume of moisture extending from the intensifying storm interacted with a slow-moving cold front to produce a band of widespread heavy rain showers and embedded scattered thunderstorms over the southern Appalachians and vicinity on the 25th and 26th, resulting in a predecessor heavy rainfall event over the mountains and portions of the foothills. Helene made landfall in the Florida Big Bend and moved quickly N/NE through Georgia before turning toward the N/NW once the remnant center reached northeast Georgia. Tropical rainbands around the center of Helene swept over areas with already-saturated soils over the mountains and foothills during the early morning of the 27th, resulting in very heavy rainfall and significant flash flooding across multiple basins with headwaters near the Blue Ridge escarpment. Due to its quick movement, Helene was still a strong tropical storm when the wind field reached the western Carolinas and northeast Georgia. Frequent wind gusts of 55 to 70 mph, with occasional gusts of 80 mph...and likely as high as 90 mph across the higher elevations combined with saturated soils to produce widespread damage to trees and electrical infrastructure. Hundreds of trees fell on houses, vehicles, and power lines throughout the area, resulting in several fatalities. Almost all customers in several counties lost power for at least a brief period. Most people were without power for at least a couple of days, while thousands were without power for a week or more.","Stream gauges indicated flash flooding developed over  the headwaters of the Saluda River basin after 15-20 inches of rain, with locally higher amounts fell across the area over three days, with 1.5 to 3 inches of that falling in less than three hours on the morning of the 27th. The Middle Saluda and smaller tributaries overflowed their banks in the River Falls community, inundating portions of River Falls Rd, Devils Fork Rd, Oil Camp Rd, and Gap Creek Rd, where a house was inundated. Additionally, the North Saluda overflowed onto Old Settlement Rd near Highway 11 and inundated a farm off Bates Bridge Rd."
SOUTH CAROLINA,45,2024,Flood,0,0,0,0,100.00K,34.883,-82.484,"Tropical Cyclone Helene began organizing over the western Caribbean on the 23rd and 24th of September before rapidly intensifying as it moved north through the eastern Gulf of Mexico on the 25th and 26th. A plume of moisture extending from the intensifying storm interacted with a slow-moving cold front to produce a band of widespread heavy rain showers and embedded scattered thunderstorms over the southern Appalachians and vicinity on the 25th and 26th, resulting in a predecessor heavy rainfall event over the mountains and portions of the foothills. Helene made landfall in the Florida Big Bend and moved quickly N/NE through Georgia before turning toward the N/NW once the remnant center reached northeast Georgia. Tropical rainbands around the center of Helene swept over areas with already-saturated soils over the mountains and foothills during the early morning of the 27th, resulting in very heavy rainfall and significant flash flooding across multiple basins with headwaters near the Blue Ridge escarpment. Due to its quick movement, Helene was still a strong tropical storm when the wind field reached the western Carolinas and northeast Georgia. Frequent wind gusts of 55 to 70 mph, with occasional gusts of 80 mph...and likely as high as 90 mph across the higher elevations combined with saturated soils to produce widespread damage to trees and electrical infrastructure. Hundreds of trees fell on houses, vehicles, and power lines throughout the area, resulting in several fatalities. Almost all customers in several counties lost power for at least a brief period. Most people were without power for at least a couple of days, while thousands were without power for a week or more.","Although heavy rain ended across Greenville County by early afternoon, flooding continued to impact the Reedy, Saluda, and Enoree basins as water from very heavy rainfall continue to funnel its way downstream through the watersheds. Reedy River flooding eventually worked its way down to the far southern part of the county, resulting in inundation of Dunklin Bridge Rd."
SOUTH CAROLINA,45,2024,Flood,0,0,0,0,10.00K,34.992,-81.076,"Tropical Cyclone Helene began organizing over the western Caribbean on the 23rd and 24th of September before rapidly intensifying as it moved north through the eastern Gulf of Mexico on the 25th and 26th. A plume of moisture extending from the intensifying storm interacted with a slow-moving cold front to produce a band of widespread heavy rain showers and embedded scattered thunderstorms over the southern Appalachians and vicinity on the 25th and 26th, resulting in a predecessor heavy rainfall event over the mountains and portions of the foothills. Helene made landfall in the Florida Big Bend and moved quickly N/NE through Georgia before turning toward the N/NW once the remnant center reached northeast Georgia. Tropical rainbands around the center of Helene swept over areas with already-saturated soils over the mountains and foothills during the early morning of the 27th, resulting in very heavy rainfall and significant flash flooding across multiple basins with headwaters near the Blue Ridge escarpment. Due to its quick movement, Helene was still a strong tropical storm when the wind field reached the western Carolinas and northeast Georgia. Frequent wind gusts of 55 to 70 mph, with occasional gusts of 80 mph...and likely as high as 90 mph across the higher elevations combined with saturated soils to produce widespread damage to trees and electrical infrastructure. Hundreds of trees fell on houses, vehicles, and power lines throughout the area, resulting in several fatalities. Almost all customers in several counties lost power for at least a brief period. Most people were without power for at least a couple of days, while thousands were without power for a week or more.","Although heavy rain ended across the South Carolina Piedmont by early afternoon, flooding continued along the Catawba River and some of its tributaries, with stream levels slowly increasing through the overnight and early morning hours of the 28th before cresting. The main impacts on the river were inundation of areas adjacent to Riverside Dr and continued flooding along Herrons Ferry Rd. In addition, Big Dutchman Creek overflowed its banks, possibly due to backwater effects from the Catawba, and inundated West Oak Dr and Mt Gallant Rd."
SOUTH CAROLINA,45,2024,Flash Flood,0,0,0,0,25.00K,34.987,-80.972,"Tropical Cyclone Helene began organizing over the western Caribbean on the 23rd and 24th of September before rapidly intensifying as it moved north through the eastern Gulf of Mexico on the 25th and 26th. A plume of moisture extending from the intensifying storm interacted with a slow-moving cold front to produce a band of widespread heavy rain showers and embedded scattered thunderstorms over the southern Appalachians and vicinity on the 25th and 26th, resulting in a predecessor heavy rainfall event over the mountains and portions of the foothills. Helene made landfall in the Florida Big Bend and moved quickly N/NE through Georgia before turning toward the N/NW once the remnant center reached northeast Georgia. Tropical rainbands around the center of Helene swept over areas with already-saturated soils over the mountains and foothills during the early morning of the 27th, resulting in very heavy rainfall and significant flash flooding across multiple basins with headwaters near the Blue Ridge escarpment. Due to its quick movement, Helene was still a strong tropical storm when the wind field reached the western Carolinas and northeast Georgia. Frequent wind gusts of 55 to 70 mph, with occasional gusts of 80 mph...and likely as high as 90 mph across the higher elevations combined with saturated soils to produce widespread damage to trees and electrical infrastructure. Hundreds of trees fell on houses, vehicles, and power lines throughout the area, resulting in several fatalities. Almost all customers in several counties lost power for at least a brief period. Most people were without power for at least a couple of days, while thousands were without power for a week or more.","A stream gauge on the Catawba River indicated flash flooding developed after 5-9 inches of rain fell over the basin over two days. One to two inches of that fell in less than six hours during the morning of the 27th. The main impacts were just downstream of the Highway 21 bridge, where Herrons Ferry Rd and Brakefield Rd and adjacent parks/greenways and parking lots were inundated. Additionally, Wildcat Creek briefly overtopped its banks and inundated McConnells Highway."
SOUTH CAROLINA,45,2024,Flash Flood,0,0,0,0,1.00K,34.692,-82.161,"Tropical Cyclone Helene began organizing over the western Caribbean on the 23rd and 24th of September before rapidly intensifying as it moved north through the eastern Gulf of Mexico on the 25th and 26th. A plume of moisture extending from the intensifying storm interacted with a slow-moving cold front to produce a band of widespread heavy rain showers and embedded scattered thunderstorms over the southern Appalachians and vicinity on the 25th and 26th, resulting in a predecessor heavy rainfall event over the mountains and portions of the foothills. Helene made landfall in the Florida Big Bend and moved quickly N/NE through Georgia before turning toward the N/NW once the remnant center reached northeast Georgia. Tropical rainbands around the center of Helene swept over areas with already-saturated soils over the mountains and foothills during the early morning of the 27th, resulting in very heavy rainfall and significant flash flooding across multiple basins with headwaters near the Blue Ridge escarpment. Due to its quick movement, Helene was still a strong tropical storm when the wind field reached the western Carolinas and northeast Georgia. Frequent wind gusts of 55 to 70 mph, with occasional gusts of 80 mph...and likely as high as 90 mph across the higher elevations combined with saturated soils to produce widespread damage to trees and electrical infrastructure. Hundreds of trees fell on houses, vehicles, and power lines throughout the area, resulting in several fatalities. Almost all customers in several counties lost power for at least a brief period. Most people were without power for at least a couple of days, while thousands were without power for a week or more.","Stream gauges indicated flash flooding developed along Durbin Creek near Fountain Inn and along Little River in Laurens after 7-10 inches of rain fell across Laurens County over three days, with 2.5 to 3.5 inches of that falling in less than 3 hours during the morning of the 27th. Durbin Creek inundated Sullivan Rd and Jones Mill Rd. Meanwhile, Little River inundated parks and greenways in Laurens."
SOUTH CAROLINA,45,2024,Flash Flood,0,0,1,0,300.00K,34.809,-82.486,"Tropical Cyclone Helene began organizing over the western Caribbean on the 23rd and 24th of September before rapidly intensifying as it moved north through the eastern Gulf of Mexico on the 25th and 26th. A plume of moisture extending from the intensifying storm interacted with a slow-moving cold front to produce a band of widespread heavy rain showers and embedded scattered thunderstorms over the southern Appalachians and vicinity on the 25th and 26th, resulting in a predecessor heavy rainfall event over the mountains and portions of the foothills. Helene made landfall in the Florida Big Bend and moved quickly N/NE through Georgia before turning toward the N/NW once the remnant center reached northeast Georgia. Tropical rainbands around the center of Helene swept over areas with already-saturated soils over the mountains and foothills during the early morning of the 27th, resulting in very heavy rainfall and significant flash flooding across multiple basins with headwaters near the Blue Ridge escarpment. Due to its quick movement, Helene was still a strong tropical storm when the wind field reached the western Carolinas and northeast Georgia. Frequent wind gusts of 55 to 70 mph, with occasional gusts of 80 mph...and likely as high as 90 mph across the higher elevations combined with saturated soils to produce widespread damage to trees and electrical infrastructure. Hundreds of trees fell on houses, vehicles, and power lines throughout the area, resulting in several fatalities. Almost all customers in several counties lost power for at least a brief period. Most people were without power for at least a couple of days, while thousands were without power for a week or more.","Stream gauges on the Saluda River in west Greenville and west Pelzer indicated flash flooding developed along the river after 8-15 inches of rain fell across the foothills in three days, with 1.5 to 2.5 inches of that falling in less than three hours on the morning of the 27th. Multiple homes and structures were inundated and damaged on the Anderson County side of the river from Powdersville down to Pelzer, including on Lakeview Dr, Birch River Rd, and on River Rd. A 60-year-old woman was killed when her vehicle was swept away in floodwater."
SOUTH CAROLINA,45,2024,Tornado,0,0,0,0,NA,32.7892,-79.7773,"Debby first developed into a tropical storm about 100 miles west-southwest of Key West, Florida late afternoon on August 3rd, then gradually strengthened to a strong tropical storm while tracking north across the eastern Gulf of Mexico on August 4th. Debby then reached hurricane force strength late on August 4th about 100 miles west-northwest of Tampa, before continuing a north-northeast track across the eastern Gulf of Mexico and eventually making landfall near the Big Bend area of Florida as a Category 1 Hurricane during the morning of August 5th. Debby continued inland and weakened to a tropical storm while tracking northeast across northern Florida later on August 5th, then continued a gradual weakening trend while tracking across Southeast Georgia as a tropical storm (45 mph) before slowly emerging off the Southeast Coast at tropical storm strength (40 mph) near Tybee Island, Georgia on August 6th. Debby then tracked east and farther offshore early August 7th, then turned north and became a strong tropical storm (60 mph) over the Gulf Stream later that morning, before taking a more north-northwest track back toward the Southeast Coast and making landfall near Awendaw/Bulls Bay, South Carolina as a tropical storm (50 mph) around 2 AM on August 8th. A minimum surface pressure of 994 mb was recorded at Sullivan���s Island (XSLV), South Carolina prior to Debby making landfall. After landfall, Debby continued on a north-northwest track across South Carolina as a tropical storm into mid day August 8th, before weakening to a depression later that day and continuing a north path across North Carolina and Virginia into early August 9th. ||Across Southeast South Carolina, the main impacts associated with Debby included flash flooding due to widespread heavy rainfall, several nighttime tornadoes within rainbands and scattered tree damage associated with near tropical storm force winds.  ||Prolonged heavy rainfall across Southeast South Carolina brought widespread flash flooding on August 5th and 6th, additional areas of flash flooding on August 7th, 8th and 9th, along with considerable and prolonged flooding of creeks, streams and main stem rivers for several days thereafter. Numerous homes and roads were flooded, leading to rescues and/or evacuations. Storm total rainfall amounts from August 4th to August 9th generally ranged between 4 to 22 inches with highest amounts across the Quad County Area (Berkeley, Dorchester, Charleston, Colleton) and particularly along a stretch from Summerville, Ridgeville, St George and Harleyville, South Carolina to Moncks Corner, South Carolina. A peak storm total rainfall of 22.02 inches was recorded by a CoCoRaHS observer approximately 6.6 miles southwest of Moncks Corner, South Carolina. A daily record rainfall of 4.71 inches was also set on August 6th at the Charleston International Airport (KCHS). Despite a large amount of rain and flash flooding, storm surge/coastal flooding did not lead to mentionable impacts locally. The highest water level at the Charleston (CHTS1) tide gauge was 1.06 ft MHHW during the evening of August 5th. No injuries or fatalities occurred with flash flooding/flooding.||Several rainbands associated with Debby brought 8 tornadoes (4 EF1 and 4 EF0) across coastal counties of Southeast South Carolina during the night of August 5th into early August 6th, causing damage to numerous trees and many structures. An EF1 tornado in Berkeley County caused 2 minor injuries when a car was flipped by the tornado. A total of 2 minor injuries and no fatalities occurred with tornadoes.  ||Tropical storm force winds/gusts produced scattered tree damage and communication/power outages across several counties. One minor injury occurred when a tree fell down on a vehicle in Beaufort County, South Carolina. Strongest winds were recorded across coastal areas and nearby coastal waters. The highest sustained tropical storm wind (39 knots) and highest tropical storm wind gust (55 knots) occurred at Folly Beach South End (XFSE), South Carolina. Across nearby coastal waters, the highest sustained tropical storm wind (44 knots) and highest tropical storm wind gust (51 knots) occurred at the Edisto Buoy (41004). A total of 1 minor injury and no fatalities occurred by tropical cyclone winds.","A National Weather Service Storm Survey Team confirmed an EF1 tornado with an estimated maximum wind speed of 87 mph in Isle of Palms, South Carolina occurring from 1233 AM to 1237 AM EST. ||The brief tornado, associated with an outer rainband from Tropical Storm Debby, moved onshore near 25th Avenue where it did minor roof damage to one house and also pulled the front door out the frame. The tornado continued north-northwest along 25th Avenue between Palm Boulevard and Hartnett Boulevard, where it pulled out a few windows and snapped/uprooted some trees. As the tornado moved just north of Hartnett Boulevard, it removed the shingles from a portion of the roofs from a few homes. Beyond this point, the tornado curved a bit more northwest and snapped a few more trees before starting to lift near the intersection of Waterway Boulevard and 24th Avenue, then dissipated within the Intra Coastal Waterway. Overall, an estimated 29 homes sustained some level of damage, either directly by the tornado or from trees or large limbs falling on them."
SOUTH CAROLINA,45,2024,Tornado,0,0,0,0,0.00K,33.3248,-79.4946,Hurricane Helene made landfall along the Gulf Coast of FL in the Big Bend and weakened to a tropical storm before reaching central GA. The storm then turned northwest across the southern Appalachians before weakening to a tropical depression over eastern TN. Tropical Storm Warnings were issued for all of northeast SC. Limited impacts generally occurred across northeast SC.,"A small tornado associated with Helene likely started near the|intersection of Columbus Rd and Stafford Rd, where a concentrated|area of downed limbs was found, along with an uprooted tree. The|tornado tracked north-northeastward and snapped a couple trees in|a converging pattern at a residence near the intersection of|Stafford Dr, Knowlin Rd, and Ben Rufus Dr. with additional limbs|downed along Ben Rufus Dr. Another concentrated area of pine|needle loss and limbs down was found along Carrie Rd. Multiple|pine trees were snapped along Saints Delight Rd just west of the|Sampit Recycling Center where the tornado likely lifted. Note|that it is unknown whether a continuous path of damage occurred|between Carrie Rd and US 17 due to the forested area being|inaccessible."
SOUTH CAROLINA,45,2024,Tornado,0,0,0,0,0.00K,33.8512,-79.2757,Hurricane Helene made landfall along the Gulf Coast of FL in the Big Bend and weakened to a tropical storm before reaching central GA. The storm then turned northwest across the southern Appalachians before weakening to a tropical depression over eastern TN. Tropical Storm Warnings were issued for all of northeast SC. Limited impacts generally occurred across northeast SC.,Survey Summary: An EF0 tornado produced minor tree damage along Bay |Road from near the intersection with Archies Old Place to Truslow |Ct.
SOUTH CAROLINA,45,2024,Tornado,0,0,0,0,0.00K,33.9542,-79.34,Hurricane Helene made landfall along the Gulf Coast of FL in the Big Bend and weakened to a tropical storm before reaching central GA. The storm then turned northwest across the southern Appalachians before weakening to a tropical depression over eastern TN. Tropical Storm Warnings were issued for all of northeast SC. Limited impacts generally occurred across northeast SC.,"An EF0 tornado produced mostly minor tree damage along a path|from Locust Tree Ct near Red Breast Ct to Ponderosa Road near|Cicero Gibson Road. A few trees were snapped along the path,|along with numerous small tree limbs broken out."
SOUTH CAROLINA,45,2024,Tornado,0,0,0,0,0.00K,33.4212,-79.2157,Hurricane Helene made landfall along the Gulf Coast of FL in the Big Bend and weakened to a tropical storm before reaching central GA. The storm then turned northwest across the southern Appalachians before weakening to a tropical depression over eastern TN. Tropical Storm Warnings were issued for all of northeast SC. Limited impacts generally occurred across northeast SC.,"A tornado developed on the west side of the Waccamaw River near Hagley Landing (west of Pawleys Island, SC). The area where the tornado occurred was not accessible by Emergency Management or the National Weather Service storm survey team.  However, a news direction from WPDE was able to take pictures of the tornado as it moved across the uninhabited marshes west of the river. Radar indicated strong rotation around that time the pictures were taken. Since there was no access to potential damage indicators this tornado was designated as EF-U (unknown) for its intensity. Also there was no way to determine its path width the path length was estimated based on radar imagery and the photos."
SOUTH CAROLINA,45,2024,Flood,0,0,0,0,0.00K,32.244,-80.9179,"Debby first developed into a tropical storm about 100 miles west-southwest of Key West, Florida late afternoon on August 3rd, then gradually strengthened to a strong tropical storm while tracking north across the eastern Gulf of Mexico on August 4th. Debby then reached hurricane force strength late on August 4th about 100 miles west-northwest of Tampa, before continuing a north-northeast track across the eastern Gulf of Mexico and eventually making landfall near the Big Bend area of Florida as a Category 1 Hurricane during the morning of August 5th. Debby continued inland and weakened to a tropical storm while tracking northeast across northern Florida later on August 5th, then continued a gradual weakening trend while tracking across Southeast Georgia as a tropical storm (45 mph) before slowly emerging off the Southeast Coast at tropical storm strength (40 mph) near Tybee Island, Georgia on August 6th. Debby then tracked east and farther offshore early August 7th, then turned north and became a strong tropical storm (60 mph) over the Gulf Stream later that morning, before taking a more north-northwest track back toward the Southeast Coast and making landfall near Awendaw/Bulls Bay, South Carolina as a tropical storm (50 mph) around 2 AM on August 8th. A minimum surface pressure of 994 mb was recorded at Sullivan���s Island (XSLV), South Carolina prior to Debby making landfall. After landfall, Debby continued on a north-northwest track across South Carolina as a tropical storm into mid day August 8th, before weakening to a depression later that day and continuing a north path across North Carolina and Virginia into early August 9th. ||Across Southeast South Carolina, the main impacts associated with Debby included flash flooding due to widespread heavy rainfall, several nighttime tornadoes within rainbands and scattered tree damage associated with near tropical storm force winds.  ||Prolonged heavy rainfall across Southeast South Carolina brought widespread flash flooding on August 5th and 6th, additional areas of flash flooding on August 7th, 8th and 9th, along with considerable and prolonged flooding of creeks, streams and main stem rivers for several days thereafter. Numerous homes and roads were flooded, leading to rescues and/or evacuations. Storm total rainfall amounts from August 4th to August 9th generally ranged between 4 to 22 inches with highest amounts across the Quad County Area (Berkeley, Dorchester, Charleston, Colleton) and particularly along a stretch from Summerville, Ridgeville, St George and Harleyville, South Carolina to Moncks Corner, South Carolina. A peak storm total rainfall of 22.02 inches was recorded by a CoCoRaHS observer approximately 6.6 miles southwest of Moncks Corner, South Carolina. A daily record rainfall of 4.71 inches was also set on August 6th at the Charleston International Airport (KCHS). Despite a large amount of rain and flash flooding, storm surge/coastal flooding did not lead to mentionable impacts locally. The highest water level at the Charleston (CHTS1) tide gauge was 1.06 ft MHHW during the evening of August 5th. No injuries or fatalities occurred with flash flooding/flooding.||Several rainbands associated with Debby brought 8 tornadoes (4 EF1 and 4 EF0) across coastal counties of Southeast South Carolina during the night of August 5th into early August 6th, causing damage to numerous trees and many structures. An EF1 tornado in Berkeley County caused 2 minor injuries when a car was flipped by the tornado. A total of 2 minor injuries and no fatalities occurred with tornadoes.  ||Tropical storm force winds/gusts produced scattered tree damage and communication/power outages across several counties. One minor injury occurred when a tree fell down on a vehicle in Beaufort County, South Carolina. Strongest winds were recorded across coastal areas and nearby coastal waters. The highest sustained tropical storm wind (39 knots) and highest tropical storm wind gust (55 knots) occurred at Folly Beach South End (XFSE), South Carolina. Across nearby coastal waters, the highest sustained tropical storm wind (44 knots) and highest tropical storm wind gust (51 knots) occurred at the Edisto Buoy (41004). A total of 1 minor injury and no fatalities occurred by tropical cyclone winds.",Law enforcement reported an incident where a vehicle hydroplaned in a neighborhood and went off a bridge into a pond on Hampton Hall Boulevard. No injuries were reported.
SOUTH CAROLINA,45,2024,Flood,0,0,0,0,0.00K,32.2546,-80.8461,"Debby first developed into a tropical storm about 100 miles west-southwest of Key West, Florida late afternoon on August 3rd, then gradually strengthened to a strong tropical storm while tracking north across the eastern Gulf of Mexico on August 4th. Debby then reached hurricane force strength late on August 4th about 100 miles west-northwest of Tampa, before continuing a north-northeast track across the eastern Gulf of Mexico and eventually making landfall near the Big Bend area of Florida as a Category 1 Hurricane during the morning of August 5th. Debby continued inland and weakened to a tropical storm while tracking northeast across northern Florida later on August 5th, then continued a gradual weakening trend while tracking across Southeast Georgia as a tropical storm (45 mph) before slowly emerging off the Southeast Coast at tropical storm strength (40 mph) near Tybee Island, Georgia on August 6th. Debby then tracked east and farther offshore early August 7th, then turned north and became a strong tropical storm (60 mph) over the Gulf Stream later that morning, before taking a more north-northwest track back toward the Southeast Coast and making landfall near Awendaw/Bulls Bay, South Carolina as a tropical storm (50 mph) around 2 AM on August 8th. A minimum surface pressure of 994 mb was recorded at Sullivan���s Island (XSLV), South Carolina prior to Debby making landfall. After landfall, Debby continued on a north-northwest track across South Carolina as a tropical storm into mid day August 8th, before weakening to a depression later that day and continuing a north path across North Carolina and Virginia into early August 9th. ||Across Southeast South Carolina, the main impacts associated with Debby included flash flooding due to widespread heavy rainfall, several nighttime tornadoes within rainbands and scattered tree damage associated with near tropical storm force winds.  ||Prolonged heavy rainfall across Southeast South Carolina brought widespread flash flooding on August 5th and 6th, additional areas of flash flooding on August 7th, 8th and 9th, along with considerable and prolonged flooding of creeks, streams and main stem rivers for several days thereafter. Numerous homes and roads were flooded, leading to rescues and/or evacuations. Storm total rainfall amounts from August 4th to August 9th generally ranged between 4 to 22 inches with highest amounts across the Quad County Area (Berkeley, Dorchester, Charleston, Colleton) and particularly along a stretch from Summerville, Ridgeville, St George and Harleyville, South Carolina to Moncks Corner, South Carolina. A peak storm total rainfall of 22.02 inches was recorded by a CoCoRaHS observer approximately 6.6 miles southwest of Moncks Corner, South Carolina. A daily record rainfall of 4.71 inches was also set on August 6th at the Charleston International Airport (KCHS). Despite a large amount of rain and flash flooding, storm surge/coastal flooding did not lead to mentionable impacts locally. The highest water level at the Charleston (CHTS1) tide gauge was 1.06 ft MHHW during the evening of August 5th. No injuries or fatalities occurred with flash flooding/flooding.||Several rainbands associated with Debby brought 8 tornadoes (4 EF1 and 4 EF0) across coastal counties of Southeast South Carolina during the night of August 5th into early August 6th, causing damage to numerous trees and many structures. An EF1 tornado in Berkeley County caused 2 minor injuries when a car was flipped by the tornado. A total of 2 minor injuries and no fatalities occurred with tornadoes.  ||Tropical storm force winds/gusts produced scattered tree damage and communication/power outages across several counties. One minor injury occurred when a tree fell down on a vehicle in Beaufort County, South Carolina. Strongest winds were recorded across coastal areas and nearby coastal waters. The highest sustained tropical storm wind (39 knots) and highest tropical storm wind gust (55 knots) occurred at Folly Beach South End (XFSE), South Carolina. Across nearby coastal waters, the highest sustained tropical storm wind (44 knots) and highest tropical storm wind gust (51 knots) occurred at the Edisto Buoy (41004). A total of 1 minor injury and no fatalities occurred by tropical cyclone winds.",Bluffton Fire District reported that a driver was pulled from a vehicle in a flooded parking lot at Parker's Gas Station along Gateway Village Road.
SOUTH CAROLINA,45,2024,Tornado,0,0,0,0,NA,32.6035,-80.074,"Debby first developed into a tropical storm about 100 miles west-southwest of Key West, Florida late afternoon on August 3rd, then gradually strengthened to a strong tropical storm while tracking north across the eastern Gulf of Mexico on August 4th. Debby then reached hurricane force strength late on August 4th about 100 miles west-northwest of Tampa, before continuing a north-northeast track across the eastern Gulf of Mexico and eventually making landfall near the Big Bend area of Florida as a Category 1 Hurricane during the morning of August 5th. Debby continued inland and weakened to a tropical storm while tracking northeast across northern Florida later on August 5th, then continued a gradual weakening trend while tracking across Southeast Georgia as a tropical storm (45 mph) before slowly emerging off the Southeast Coast at tropical storm strength (40 mph) near Tybee Island, Georgia on August 6th. Debby then tracked east and farther offshore early August 7th, then turned north and became a strong tropical storm (60 mph) over the Gulf Stream later that morning, before taking a more north-northwest track back toward the Southeast Coast and making landfall near Awendaw/Bulls Bay, South Carolina as a tropical storm (50 mph) around 2 AM on August 8th. A minimum surface pressure of 994 mb was recorded at Sullivan���s Island (XSLV), South Carolina prior to Debby making landfall. After landfall, Debby continued on a north-northwest track across South Carolina as a tropical storm into mid day August 8th, before weakening to a depression later that day and continuing a north path across North Carolina and Virginia into early August 9th. ||Across Southeast South Carolina, the main impacts associated with Debby included flash flooding due to widespread heavy rainfall, several nighttime tornadoes within rainbands and scattered tree damage associated with near tropical storm force winds.  ||Prolonged heavy rainfall across Southeast South Carolina brought widespread flash flooding on August 5th and 6th, additional areas of flash flooding on August 7th, 8th and 9th, along with considerable and prolonged flooding of creeks, streams and main stem rivers for several days thereafter. Numerous homes and roads were flooded, leading to rescues and/or evacuations. Storm total rainfall amounts from August 4th to August 9th generally ranged between 4 to 22 inches with highest amounts across the Quad County Area (Berkeley, Dorchester, Charleston, Colleton) and particularly along a stretch from Summerville, Ridgeville, St George and Harleyville, South Carolina to Moncks Corner, South Carolina. A peak storm total rainfall of 22.02 inches was recorded by a CoCoRaHS observer approximately 6.6 miles southwest of Moncks Corner, South Carolina. A daily record rainfall of 4.71 inches was also set on August 6th at the Charleston International Airport (KCHS). Despite a large amount of rain and flash flooding, storm surge/coastal flooding did not lead to mentionable impacts locally. The highest water level at the Charleston (CHTS1) tide gauge was 1.06 ft MHHW during the evening of August 5th. No injuries or fatalities occurred with flash flooding/flooding.||Several rainbands associated with Debby brought 8 tornadoes (4 EF1 and 4 EF0) across coastal counties of Southeast South Carolina during the night of August 5th into early August 6th, causing damage to numerous trees and many structures. An EF1 tornado in Berkeley County caused 2 minor injuries when a car was flipped by the tornado. A total of 2 minor injuries and no fatalities occurred with tornadoes.  ||Tropical storm force winds/gusts produced scattered tree damage and communication/power outages across several counties. One minor injury occurred when a tree fell down on a vehicle in Beaufort County, South Carolina. Strongest winds were recorded across coastal areas and nearby coastal waters. The highest sustained tropical storm wind (39 knots) and highest tropical storm wind gust (55 knots) occurred at Folly Beach South End (XFSE), South Carolina. Across nearby coastal waters, the highest sustained tropical storm wind (44 knots) and highest tropical storm wind gust (51 knots) occurred at the Edisto Buoy (41004). A total of 1 minor injury and no fatalities occurred by tropical cyclone winds.","A National Weather Service Storm Survey Team confirmed an EF0 tornado with an estimated maximum wind speed of 85 mph in Kiawah Island, South Carolina occurring from 955 PM to 959 PM EST.||The tornado, associated with an outer rainband of Tropical Storm Debby, moved onshore around the 30 to 40 Block area of Surfsong Road on Kiawah Island, South Carolina. No significant damage was detected at the point it came onshore. The tornado then moved rapidly northwest through the center of Turtle Point Golf Course, snapping some trees and limbs around the 270 to 280 Block area on Doral Open Road. The tornado then continued north toward the 25 to 30 Block of Governors Drive, where it snapped and uprooted some trees. The tornado then moved northwest and dissipated over the marsh region between Governors Drive and Rhetts Bluff Road."
SOUTH CAROLINA,45,2024,Flash Flood,0,0,0,0,0.00K,32.8282,-80.0432,"Debby first developed into a tropical storm about 100 miles west-southwest of Key West, Florida late afternoon on August 3rd, then gradually strengthened to a strong tropical storm while tracking north across the eastern Gulf of Mexico on August 4th. Debby then reached hurricane force strength late on August 4th about 100 miles west-northwest of Tampa, before continuing a north-northeast track across the eastern Gulf of Mexico and eventually making landfall near the Big Bend area of Florida as a Category 1 Hurricane during the morning of August 5th. Debby continued inland and weakened to a tropical storm while tracking northeast across northern Florida later on August 5th, then continued a gradual weakening trend while tracking across Southeast Georgia as a tropical storm (45 mph) before slowly emerging off the Southeast Coast at tropical storm strength (40 mph) near Tybee Island, Georgia on August 6th. Debby then tracked east and farther offshore early August 7th, then turned north and became a strong tropical storm (60 mph) over the Gulf Stream later that morning, before taking a more north-northwest track back toward the Southeast Coast and making landfall near Awendaw/Bulls Bay, South Carolina as a tropical storm (50 mph) around 2 AM on August 8th. A minimum surface pressure of 994 mb was recorded at Sullivan���s Island (XSLV), South Carolina prior to Debby making landfall. After landfall, Debby continued on a north-northwest track across South Carolina as a tropical storm into mid day August 8th, before weakening to a depression later that day and continuing a north path across North Carolina and Virginia into early August 9th. ||Across Southeast South Carolina, the main impacts associated with Debby included flash flooding due to widespread heavy rainfall, several nighttime tornadoes within rainbands and scattered tree damage associated with near tropical storm force winds.  ||Prolonged heavy rainfall across Southeast South Carolina brought widespread flash flooding on August 5th and 6th, additional areas of flash flooding on August 7th, 8th and 9th, along with considerable and prolonged flooding of creeks, streams and main stem rivers for several days thereafter. Numerous homes and roads were flooded, leading to rescues and/or evacuations. Storm total rainfall amounts from August 4th to August 9th generally ranged between 4 to 22 inches with highest amounts across the Quad County Area (Berkeley, Dorchester, Charleston, Colleton) and particularly along a stretch from Summerville, Ridgeville, St George and Harleyville, South Carolina to Moncks Corner, South Carolina. A peak storm total rainfall of 22.02 inches was recorded by a CoCoRaHS observer approximately 6.6 miles southwest of Moncks Corner, South Carolina. A daily record rainfall of 4.71 inches was also set on August 6th at the Charleston International Airport (KCHS). Despite a large amount of rain and flash flooding, storm surge/coastal flooding did not lead to mentionable impacts locally. The highest water level at the Charleston (CHTS1) tide gauge was 1.06 ft MHHW during the evening of August 5th. No injuries or fatalities occurred with flash flooding/flooding.||Several rainbands associated with Debby brought 8 tornadoes (4 EF1 and 4 EF0) across coastal counties of Southeast South Carolina during the night of August 5th into early August 6th, causing damage to numerous trees and many structures. An EF1 tornado in Berkeley County caused 2 minor injuries when a car was flipped by the tornado. A total of 2 minor injuries and no fatalities occurred with tornadoes.  ||Tropical storm force winds/gusts produced scattered tree damage and communication/power outages across several counties. One minor injury occurred when a tree fell down on a vehicle in Beaufort County, South Carolina. Strongest winds were recorded across coastal areas and nearby coastal waters. The highest sustained tropical storm wind (39 knots) and highest tropical storm wind gust (55 knots) occurred at Folly Beach South End (XFSE), South Carolina. Across nearby coastal waters, the highest sustained tropical storm wind (44 knots) and highest tropical storm wind gust (51 knots) occurred at the Edisto Buoy (41004). A total of 1 minor injury and no fatalities occurred by tropical cyclone winds.",A NWS employee reported that flood waters entered several businesses along Ashley River Road near Otis Avenue.
SOUTH CAROLINA,45,2024,Thunderstorm Wind,0,0,0,0,NA,33.08,-80.81,"A strong line of thunderstorms developed ahead of a strong cold front and moved through southeast South Carolina in the afternoon and early evening hours. The strong line of storms produced damaging wind gusts, resulting in numerous trees down all the way to the coast.",Colleton County Emergency Management reported a tree down near the intersection of Beavers Pass Road and Low Country Highway.
SOUTH CAROLINA,45,2024,Flash Flood,0,0,0,0,0.00K,32.56,-80.46,"Debby first developed into a tropical storm about 100 miles west-southwest of Key West, Florida late afternoon on August 3rd, then gradually strengthened to a strong tropical storm while tracking north across the eastern Gulf of Mexico on August 4th. Debby then reached hurricane force strength late on August 4th about 100 miles west-northwest of Tampa, before continuing a north-northeast track across the eastern Gulf of Mexico and eventually making landfall near the Big Bend area of Florida as a Category 1 Hurricane during the morning of August 5th. Debby continued inland and weakened to a tropical storm while tracking northeast across northern Florida later on August 5th, then continued a gradual weakening trend while tracking across Southeast Georgia as a tropical storm (45 mph) before slowly emerging off the Southeast Coast at tropical storm strength (40 mph) near Tybee Island, Georgia on August 6th. Debby then tracked east and farther offshore early August 7th, then turned north and became a strong tropical storm (60 mph) over the Gulf Stream later that morning, before taking a more north-northwest track back toward the Southeast Coast and making landfall near Awendaw/Bulls Bay, South Carolina as a tropical storm (50 mph) around 2 AM on August 8th. A minimum surface pressure of 994 mb was recorded at Sullivan���s Island (XSLV), South Carolina prior to Debby making landfall. After landfall, Debby continued on a north-northwest track across South Carolina as a tropical storm into mid day August 8th, before weakening to a depression later that day and continuing a north path across North Carolina and Virginia into early August 9th. ||Across Southeast South Carolina, the main impacts associated with Debby included flash flooding due to widespread heavy rainfall, several nighttime tornadoes within rainbands and scattered tree damage associated with near tropical storm force winds.  ||Prolonged heavy rainfall across Southeast South Carolina brought widespread flash flooding on August 5th and 6th, additional areas of flash flooding on August 7th, 8th and 9th, along with considerable and prolonged flooding of creeks, streams and main stem rivers for several days thereafter. Numerous homes and roads were flooded, leading to rescues and/or evacuations. Storm total rainfall amounts from August 4th to August 9th generally ranged between 4 to 22 inches with highest amounts across the Quad County Area (Berkeley, Dorchester, Charleston, Colleton) and particularly along a stretch from Summerville, Ridgeville, St George and Harleyville, South Carolina to Moncks Corner, South Carolina. A peak storm total rainfall of 22.02 inches was recorded by a CoCoRaHS observer approximately 6.6 miles southwest of Moncks Corner, South Carolina. A daily record rainfall of 4.71 inches was also set on August 6th at the Charleston International Airport (KCHS). Despite a large amount of rain and flash flooding, storm surge/coastal flooding did not lead to mentionable impacts locally. The highest water level at the Charleston (CHTS1) tide gauge was 1.06 ft MHHW during the evening of August 5th. No injuries or fatalities occurred with flash flooding/flooding.||Several rainbands associated with Debby brought 8 tornadoes (4 EF1 and 4 EF0) across coastal counties of Southeast South Carolina during the night of August 5th into early August 6th, causing damage to numerous trees and many structures. An EF1 tornado in Berkeley County caused 2 minor injuries when a car was flipped by the tornado. A total of 2 minor injuries and no fatalities occurred with tornadoes.  ||Tropical storm force winds/gusts produced scattered tree damage and communication/power outages across several counties. One minor injury occurred when a tree fell down on a vehicle in Beaufort County, South Carolina. Strongest winds were recorded across coastal areas and nearby coastal waters. The highest sustained tropical storm wind (39 knots) and highest tropical storm wind gust (55 knots) occurred at Folly Beach South End (XFSE), South Carolina. Across nearby coastal waters, the highest sustained tropical storm wind (44 knots) and highest tropical storm wind gust (51 knots) occurred at the Edisto Buoy (41004). A total of 1 minor injury and no fatalities occurred by tropical cyclone winds.",A Colleton County emergency manager reported Bennetts Point Road near the intersection with Island Flats Lane closed due to deep flooding. The entire area was impassable.
SOUTH CAROLINA,45,2024,Flood,0,0,0,0,10.00K,32.9543,-80.7219,"Debby first developed into a tropical storm about 100 miles west-southwest of Key West, Florida late afternoon on August 3rd, then gradually strengthened to a strong tropical storm while tracking north across the eastern Gulf of Mexico on August 4th. Debby then reached hurricane force strength late on August 4th about 100 miles west-northwest of Tampa, before continuing a north-northeast track across the eastern Gulf of Mexico and eventually making landfall near the Big Bend area of Florida as a Category 1 Hurricane during the morning of August 5th. Debby continued inland and weakened to a tropical storm while tracking northeast across northern Florida later on August 5th, then continued a gradual weakening trend while tracking across Southeast Georgia as a tropical storm (45 mph) before slowly emerging off the Southeast Coast at tropical storm strength (40 mph) near Tybee Island, Georgia on August 6th. Debby then tracked east and farther offshore early August 7th, then turned north and became a strong tropical storm (60 mph) over the Gulf Stream later that morning, before taking a more north-northwest track back toward the Southeast Coast and making landfall near Awendaw/Bulls Bay, South Carolina as a tropical storm (50 mph) around 2 AM on August 8th. A minimum surface pressure of 994 mb was recorded at Sullivan���s Island (XSLV), South Carolina prior to Debby making landfall. After landfall, Debby continued on a north-northwest track across South Carolina as a tropical storm into mid day August 8th, before weakening to a depression later that day and continuing a north path across North Carolina and Virginia into early August 9th. ||Across Southeast South Carolina, the main impacts associated with Debby included flash flooding due to widespread heavy rainfall, several nighttime tornadoes within rainbands and scattered tree damage associated with near tropical storm force winds.  ||Prolonged heavy rainfall across Southeast South Carolina brought widespread flash flooding on August 5th and 6th, additional areas of flash flooding on August 7th, 8th and 9th, along with considerable and prolonged flooding of creeks, streams and main stem rivers for several days thereafter. Numerous homes and roads were flooded, leading to rescues and/or evacuations. Storm total rainfall amounts from August 4th to August 9th generally ranged between 4 to 22 inches with highest amounts across the Quad County Area (Berkeley, Dorchester, Charleston, Colleton) and particularly along a stretch from Summerville, Ridgeville, St George and Harleyville, South Carolina to Moncks Corner, South Carolina. A peak storm total rainfall of 22.02 inches was recorded by a CoCoRaHS observer approximately 6.6 miles southwest of Moncks Corner, South Carolina. A daily record rainfall of 4.71 inches was also set on August 6th at the Charleston International Airport (KCHS). Despite a large amount of rain and flash flooding, storm surge/coastal flooding did not lead to mentionable impacts locally. The highest water level at the Charleston (CHTS1) tide gauge was 1.06 ft MHHW during the evening of August 5th. No injuries or fatalities occurred with flash flooding/flooding.||Several rainbands associated with Debby brought 8 tornadoes (4 EF1 and 4 EF0) across coastal counties of Southeast South Carolina during the night of August 5th into early August 6th, causing damage to numerous trees and many structures. An EF1 tornado in Berkeley County caused 2 minor injuries when a car was flipped by the tornado. A total of 2 minor injuries and no fatalities occurred with tornadoes.  ||Tropical storm force winds/gusts produced scattered tree damage and communication/power outages across several counties. One minor injury occurred when a tree fell down on a vehicle in Beaufort County, South Carolina. Strongest winds were recorded across coastal areas and nearby coastal waters. The highest sustained tropical storm wind (39 knots) and highest tropical storm wind gust (55 knots) occurred at Folly Beach South End (XFSE), South Carolina. Across nearby coastal waters, the highest sustained tropical storm wind (44 knots) and highest tropical storm wind gust (51 knots) occurred at the Edisto Buoy (41004). A total of 1 minor injury and no fatalities occurred by tropical cyclone winds.",A Colleton County emergency manager reported a sink hole and roadway damage due to flooding along the 1500 Block of Stokes Road.
SOUTH CAROLINA,45,2024,Flood,0,0,0,0,0.00K,32.91,-80.64,"Debby first developed into a tropical storm about 100 miles west-southwest of Key West, Florida late afternoon on August 3rd, then gradually strengthened to a strong tropical storm while tracking north across the eastern Gulf of Mexico on August 4th. Debby then reached hurricane force strength late on August 4th about 100 miles west-northwest of Tampa, before continuing a north-northeast track across the eastern Gulf of Mexico and eventually making landfall near the Big Bend area of Florida as a Category 1 Hurricane during the morning of August 5th. Debby continued inland and weakened to a tropical storm while tracking northeast across northern Florida later on August 5th, then continued a gradual weakening trend while tracking across Southeast Georgia as a tropical storm (45 mph) before slowly emerging off the Southeast Coast at tropical storm strength (40 mph) near Tybee Island, Georgia on August 6th. Debby then tracked east and farther offshore early August 7th, then turned north and became a strong tropical storm (60 mph) over the Gulf Stream later that morning, before taking a more north-northwest track back toward the Southeast Coast and making landfall near Awendaw/Bulls Bay, South Carolina as a tropical storm (50 mph) around 2 AM on August 8th. A minimum surface pressure of 994 mb was recorded at Sullivan���s Island (XSLV), South Carolina prior to Debby making landfall. After landfall, Debby continued on a north-northwest track across South Carolina as a tropical storm into mid day August 8th, before weakening to a depression later that day and continuing a north path across North Carolina and Virginia into early August 9th. ||Across Southeast South Carolina, the main impacts associated with Debby included flash flooding due to widespread heavy rainfall, several nighttime tornadoes within rainbands and scattered tree damage associated with near tropical storm force winds.  ||Prolonged heavy rainfall across Southeast South Carolina brought widespread flash flooding on August 5th and 6th, additional areas of flash flooding on August 7th, 8th and 9th, along with considerable and prolonged flooding of creeks, streams and main stem rivers for several days thereafter. Numerous homes and roads were flooded, leading to rescues and/or evacuations. Storm total rainfall amounts from August 4th to August 9th generally ranged between 4 to 22 inches with highest amounts across the Quad County Area (Berkeley, Dorchester, Charleston, Colleton) and particularly along a stretch from Summerville, Ridgeville, St George and Harleyville, South Carolina to Moncks Corner, South Carolina. A peak storm total rainfall of 22.02 inches was recorded by a CoCoRaHS observer approximately 6.6 miles southwest of Moncks Corner, South Carolina. A daily record rainfall of 4.71 inches was also set on August 6th at the Charleston International Airport (KCHS). Despite a large amount of rain and flash flooding, storm surge/coastal flooding did not lead to mentionable impacts locally. The highest water level at the Charleston (CHTS1) tide gauge was 1.06 ft MHHW during the evening of August 5th. No injuries or fatalities occurred with flash flooding/flooding.||Several rainbands associated with Debby brought 8 tornadoes (4 EF1 and 4 EF0) across coastal counties of Southeast South Carolina during the night of August 5th into early August 6th, causing damage to numerous trees and many structures. An EF1 tornado in Berkeley County caused 2 minor injuries when a car was flipped by the tornado. A total of 2 minor injuries and no fatalities occurred with tornadoes.  ||Tropical storm force winds/gusts produced scattered tree damage and communication/power outages across several counties. One minor injury occurred when a tree fell down on a vehicle in Beaufort County, South Carolina. Strongest winds were recorded across coastal areas and nearby coastal waters. The highest sustained tropical storm wind (39 knots) and highest tropical storm wind gust (55 knots) occurred at Folly Beach South End (XFSE), South Carolina. Across nearby coastal waters, the highest sustained tropical storm wind (44 knots) and highest tropical storm wind gust (51 knots) occurred at the Edisto Buoy (41004). A total of 1 minor injury and no fatalities occurred by tropical cyclone winds.",A Colleton County emergency manager reported power lines down due to flooding at the 1400 Block of Francis Street.
SOUTH CAROLINA,45,2024,Flood,0,0,0,0,0.00K,33.0317,-80.4179,"Debby first developed into a tropical storm about 100 miles west-southwest of Key West, Florida late afternoon on August 3rd, then gradually strengthened to a strong tropical storm while tracking north across the eastern Gulf of Mexico on August 4th. Debby then reached hurricane force strength late on August 4th about 100 miles west-northwest of Tampa, before continuing a north-northeast track across the eastern Gulf of Mexico and eventually making landfall near the Big Bend area of Florida as a Category 1 Hurricane during the morning of August 5th. Debby continued inland and weakened to a tropical storm while tracking northeast across northern Florida later on August 5th, then continued a gradual weakening trend while tracking across Southeast Georgia as a tropical storm (45 mph) before slowly emerging off the Southeast Coast at tropical storm strength (40 mph) near Tybee Island, Georgia on August 6th. Debby then tracked east and farther offshore early August 7th, then turned north and became a strong tropical storm (60 mph) over the Gulf Stream later that morning, before taking a more north-northwest track back toward the Southeast Coast and making landfall near Awendaw/Bulls Bay, South Carolina as a tropical storm (50 mph) around 2 AM on August 8th. A minimum surface pressure of 994 mb was recorded at Sullivan���s Island (XSLV), South Carolina prior to Debby making landfall. After landfall, Debby continued on a north-northwest track across South Carolina as a tropical storm into mid day August 8th, before weakening to a depression later that day and continuing a north path across North Carolina and Virginia into early August 9th. ||Across Southeast South Carolina, the main impacts associated with Debby included flash flooding due to widespread heavy rainfall, several nighttime tornadoes within rainbands and scattered tree damage associated with near tropical storm force winds.  ||Prolonged heavy rainfall across Southeast South Carolina brought widespread flash flooding on August 5th and 6th, additional areas of flash flooding on August 7th, 8th and 9th, along with considerable and prolonged flooding of creeks, streams and main stem rivers for several days thereafter. Numerous homes and roads were flooded, leading to rescues and/or evacuations. Storm total rainfall amounts from August 4th to August 9th generally ranged between 4 to 22 inches with highest amounts across the Quad County Area (Berkeley, Dorchester, Charleston, Colleton) and particularly along a stretch from Summerville, Ridgeville, St George and Harleyville, South Carolina to Moncks Corner, South Carolina. A peak storm total rainfall of 22.02 inches was recorded by a CoCoRaHS observer approximately 6.6 miles southwest of Moncks Corner, South Carolina. A daily record rainfall of 4.71 inches was also set on August 6th at the Charleston International Airport (KCHS). Despite a large amount of rain and flash flooding, storm surge/coastal flooding did not lead to mentionable impacts locally. The highest water level at the Charleston (CHTS1) tide gauge was 1.06 ft MHHW during the evening of August 5th. No injuries or fatalities occurred with flash flooding/flooding.||Several rainbands associated with Debby brought 8 tornadoes (4 EF1 and 4 EF0) across coastal counties of Southeast South Carolina during the night of August 5th into early August 6th, causing damage to numerous trees and many structures. An EF1 tornado in Berkeley County caused 2 minor injuries when a car was flipped by the tornado. A total of 2 minor injuries and no fatalities occurred with tornadoes.  ||Tropical storm force winds/gusts produced scattered tree damage and communication/power outages across several counties. One minor injury occurred when a tree fell down on a vehicle in Beaufort County, South Carolina. Strongest winds were recorded across coastal areas and nearby coastal waters. The highest sustained tropical storm wind (39 knots) and highest tropical storm wind gust (55 knots) occurred at Folly Beach South End (XFSE), South Carolina. Across nearby coastal waters, the highest sustained tropical storm wind (44 knots) and highest tropical storm wind gust (51 knots) occurred at the Edisto Buoy (41004). A total of 1 minor injury and no fatalities occurred by tropical cyclone winds.",A Colleton County emergency manager reported a tree down near the 26600 Block of Augusta Highway.
SOUTH CAROLINA,45,2024,Flood,0,0,0,0,0.00K,32.7904,-80.6287,"Debby first developed into a tropical storm about 100 miles west-southwest of Key West, Florida late afternoon on August 3rd, then gradually strengthened to a strong tropical storm while tracking north across the eastern Gulf of Mexico on August 4th. Debby then reached hurricane force strength late on August 4th about 100 miles west-northwest of Tampa, before continuing a north-northeast track across the eastern Gulf of Mexico and eventually making landfall near the Big Bend area of Florida as a Category 1 Hurricane during the morning of August 5th. Debby continued inland and weakened to a tropical storm while tracking northeast across northern Florida later on August 5th, then continued a gradual weakening trend while tracking across Southeast Georgia as a tropical storm (45 mph) before slowly emerging off the Southeast Coast at tropical storm strength (40 mph) near Tybee Island, Georgia on August 6th. Debby then tracked east and farther offshore early August 7th, then turned north and became a strong tropical storm (60 mph) over the Gulf Stream later that morning, before taking a more north-northwest track back toward the Southeast Coast and making landfall near Awendaw/Bulls Bay, South Carolina as a tropical storm (50 mph) around 2 AM on August 8th. A minimum surface pressure of 994 mb was recorded at Sullivan���s Island (XSLV), South Carolina prior to Debby making landfall. After landfall, Debby continued on a north-northwest track across South Carolina as a tropical storm into mid day August 8th, before weakening to a depression later that day and continuing a north path across North Carolina and Virginia into early August 9th. ||Across Southeast South Carolina, the main impacts associated with Debby included flash flooding due to widespread heavy rainfall, several nighttime tornadoes within rainbands and scattered tree damage associated with near tropical storm force winds.  ||Prolonged heavy rainfall across Southeast South Carolina brought widespread flash flooding on August 5th and 6th, additional areas of flash flooding on August 7th, 8th and 9th, along with considerable and prolonged flooding of creeks, streams and main stem rivers for several days thereafter. Numerous homes and roads were flooded, leading to rescues and/or evacuations. Storm total rainfall amounts from August 4th to August 9th generally ranged between 4 to 22 inches with highest amounts across the Quad County Area (Berkeley, Dorchester, Charleston, Colleton) and particularly along a stretch from Summerville, Ridgeville, St George and Harleyville, South Carolina to Moncks Corner, South Carolina. A peak storm total rainfall of 22.02 inches was recorded by a CoCoRaHS observer approximately 6.6 miles southwest of Moncks Corner, South Carolina. A daily record rainfall of 4.71 inches was also set on August 6th at the Charleston International Airport (KCHS). Despite a large amount of rain and flash flooding, storm surge/coastal flooding did not lead to mentionable impacts locally. The highest water level at the Charleston (CHTS1) tide gauge was 1.06 ft MHHW during the evening of August 5th. No injuries or fatalities occurred with flash flooding/flooding.||Several rainbands associated with Debby brought 8 tornadoes (4 EF1 and 4 EF0) across coastal counties of Southeast South Carolina during the night of August 5th into early August 6th, causing damage to numerous trees and many structures. An EF1 tornado in Berkeley County caused 2 minor injuries when a car was flipped by the tornado. A total of 2 minor injuries and no fatalities occurred with tornadoes.  ||Tropical storm force winds/gusts produced scattered tree damage and communication/power outages across several counties. One minor injury occurred when a tree fell down on a vehicle in Beaufort County, South Carolina. Strongest winds were recorded across coastal areas and nearby coastal waters. The highest sustained tropical storm wind (39 knots) and highest tropical storm wind gust (55 knots) occurred at Folly Beach South End (XFSE), South Carolina. Across nearby coastal waters, the highest sustained tropical storm wind (44 knots) and highest tropical storm wind gust (51 knots) occurred at the Edisto Buoy (41004). A total of 1 minor injury and no fatalities occurred by tropical cyclone winds.",A Colleton County emergency manager reported a tree down near the intersection of Green Pond Highway and Ritter Road.
SOUTH CAROLINA,45,2024,Flash Flood,0,0,0,0,0.00K,33.2149,-79.9804,"Debby first developed into a tropical storm about 100 miles west-southwest of Key West, Florida late afternoon on August 3rd, then gradually strengthened to a strong tropical storm while tracking north across the eastern Gulf of Mexico on August 4th. Debby then reached hurricane force strength late on August 4th about 100 miles west-northwest of Tampa, before continuing a north-northeast track across the eastern Gulf of Mexico and eventually making landfall near the Big Bend area of Florida as a Category 1 Hurricane during the morning of August 5th. Debby continued inland and weakened to a tropical storm while tracking northeast across northern Florida later on August 5th, then continued a gradual weakening trend while tracking across Southeast Georgia as a tropical storm (45 mph) before slowly emerging off the Southeast Coast at tropical storm strength (40 mph) near Tybee Island, Georgia on August 6th. Debby then tracked east and farther offshore early August 7th, then turned north and became a strong tropical storm (60 mph) over the Gulf Stream later that morning, before taking a more north-northwest track back toward the Southeast Coast and making landfall near Awendaw/Bulls Bay, South Carolina as a tropical storm (50 mph) around 2 AM on August 8th. A minimum surface pressure of 994 mb was recorded at Sullivan���s Island (XSLV), South Carolina prior to Debby making landfall. After landfall, Debby continued on a north-northwest track across South Carolina as a tropical storm into mid day August 8th, before weakening to a depression later that day and continuing a north path across North Carolina and Virginia into early August 9th. ||Across Southeast South Carolina, the main impacts associated with Debby included flash flooding due to widespread heavy rainfall, several nighttime tornadoes within rainbands and scattered tree damage associated with near tropical storm force winds.  ||Prolonged heavy rainfall across Southeast South Carolina brought widespread flash flooding on August 5th and 6th, additional areas of flash flooding on August 7th, 8th and 9th, along with considerable and prolonged flooding of creeks, streams and main stem rivers for several days thereafter. Numerous homes and roads were flooded, leading to rescues and/or evacuations. Storm total rainfall amounts from August 4th to August 9th generally ranged between 4 to 22 inches with highest amounts across the Quad County Area (Berkeley, Dorchester, Charleston, Colleton) and particularly along a stretch from Summerville, Ridgeville, St George and Harleyville, South Carolina to Moncks Corner, South Carolina. A peak storm total rainfall of 22.02 inches was recorded by a CoCoRaHS observer approximately 6.6 miles southwest of Moncks Corner, South Carolina. A daily record rainfall of 4.71 inches was also set on August 6th at the Charleston International Airport (KCHS). Despite a large amount of rain and flash flooding, storm surge/coastal flooding did not lead to mentionable impacts locally. The highest water level at the Charleston (CHTS1) tide gauge was 1.06 ft MHHW during the evening of August 5th. No injuries or fatalities occurred with flash flooding/flooding.||Several rainbands associated with Debby brought 8 tornadoes (4 EF1 and 4 EF0) across coastal counties of Southeast South Carolina during the night of August 5th into early August 6th, causing damage to numerous trees and many structures. An EF1 tornado in Berkeley County caused 2 minor injuries when a car was flipped by the tornado. A total of 2 minor injuries and no fatalities occurred with tornadoes.  ||Tropical storm force winds/gusts produced scattered tree damage and communication/power outages across several counties. One minor injury occurred when a tree fell down on a vehicle in Beaufort County, South Carolina. Strongest winds were recorded across coastal areas and nearby coastal waters. The highest sustained tropical storm wind (39 knots) and highest tropical storm wind gust (55 knots) occurred at Folly Beach South End (XFSE), South Carolina. Across nearby coastal waters, the highest sustained tropical storm wind (44 knots) and highest tropical storm wind gust (51 knots) occurred at the Edisto Buoy (41004). A total of 1 minor injury and no fatalities occurred by tropical cyclone winds.",A video posted on social media shows water rapidly flowing across a commercial parking lot and across a boat ramp near Reid Hill Road.
SOUTH CAROLINA,45,2024,Flash Flood,0,0,0,0,20.00K,32.842,-80.786,"Debby first developed into a tropical storm about 100 miles west-southwest of Key West, Florida late afternoon on August 3rd, then gradually strengthened to a strong tropical storm while tracking north across the eastern Gulf of Mexico on August 4th. Debby then reached hurricane force strength late on August 4th about 100 miles west-northwest of Tampa, before continuing a north-northeast track across the eastern Gulf of Mexico and eventually making landfall near the Big Bend area of Florida as a Category 1 Hurricane during the morning of August 5th. Debby continued inland and weakened to a tropical storm while tracking northeast across northern Florida later on August 5th, then continued a gradual weakening trend while tracking across Southeast Georgia as a tropical storm (45 mph) before slowly emerging off the Southeast Coast at tropical storm strength (40 mph) near Tybee Island, Georgia on August 6th. Debby then tracked east and farther offshore early August 7th, then turned north and became a strong tropical storm (60 mph) over the Gulf Stream later that morning, before taking a more north-northwest track back toward the Southeast Coast and making landfall near Awendaw/Bulls Bay, South Carolina as a tropical storm (50 mph) around 2 AM on August 8th. A minimum surface pressure of 994 mb was recorded at Sullivan���s Island (XSLV), South Carolina prior to Debby making landfall. After landfall, Debby continued on a north-northwest track across South Carolina as a tropical storm into mid day August 8th, before weakening to a depression later that day and continuing a north path across North Carolina and Virginia into early August 9th. ||Across Southeast South Carolina, the main impacts associated with Debby included flash flooding due to widespread heavy rainfall, several nighttime tornadoes within rainbands and scattered tree damage associated with near tropical storm force winds.  ||Prolonged heavy rainfall across Southeast South Carolina brought widespread flash flooding on August 5th and 6th, additional areas of flash flooding on August 7th, 8th and 9th, along with considerable and prolonged flooding of creeks, streams and main stem rivers for several days thereafter. Numerous homes and roads were flooded, leading to rescues and/or evacuations. Storm total rainfall amounts from August 4th to August 9th generally ranged between 4 to 22 inches with highest amounts across the Quad County Area (Berkeley, Dorchester, Charleston, Colleton) and particularly along a stretch from Summerville, Ridgeville, St George and Harleyville, South Carolina to Moncks Corner, South Carolina. A peak storm total rainfall of 22.02 inches was recorded by a CoCoRaHS observer approximately 6.6 miles southwest of Moncks Corner, South Carolina. A daily record rainfall of 4.71 inches was also set on August 6th at the Charleston International Airport (KCHS). Despite a large amount of rain and flash flooding, storm surge/coastal flooding did not lead to mentionable impacts locally. The highest water level at the Charleston (CHTS1) tide gauge was 1.06 ft MHHW during the evening of August 5th. No injuries or fatalities occurred with flash flooding/flooding.||Several rainbands associated with Debby brought 8 tornadoes (4 EF1 and 4 EF0) across coastal counties of Southeast South Carolina during the night of August 5th into early August 6th, causing damage to numerous trees and many structures. An EF1 tornado in Berkeley County caused 2 minor injuries when a car was flipped by the tornado. A total of 2 minor injuries and no fatalities occurred with tornadoes.  ||Tropical storm force winds/gusts produced scattered tree damage and communication/power outages across several counties. One minor injury occurred when a tree fell down on a vehicle in Beaufort County, South Carolina. Strongest winds were recorded across coastal areas and nearby coastal waters. The highest sustained tropical storm wind (39 knots) and highest tropical storm wind gust (55 knots) occurred at Folly Beach South End (XFSE), South Carolina. Across nearby coastal waters, the highest sustained tropical storm wind (44 knots) and highest tropical storm wind gust (51 knots) occurred at the Edisto Buoy (41004). A total of 1 minor injury and no fatalities occurred by tropical cyclone winds.",Law enforcement reported a road washed out near the intersection of Cane Branch Road and Edward Road.
SOUTH CAROLINA,45,2024,Thunderstorm Wind,0,0,0,0,NA,33.19,-80.29,"A strong line of thunderstorms developed ahead of a strong cold front and moved through southeast South Carolina in the afternoon and early evening hours. The strong line of storms produced damaging wind gusts, resulting in numerous trees down all the way to the coast.",South Carolina Highway Patrol reported a tree down on Highway 27.
SOUTH CAROLINA,45,2024,Flash Flood,0,0,0,0,0.00K,32.7999,-79.95,"Debby first developed into a tropical storm about 100 miles west-southwest of Key West, Florida late afternoon on August 3rd, then gradually strengthened to a strong tropical storm while tracking north across the eastern Gulf of Mexico on August 4th. Debby then reached hurricane force strength late on August 4th about 100 miles west-northwest of Tampa, before continuing a north-northeast track across the eastern Gulf of Mexico and eventually making landfall near the Big Bend area of Florida as a Category 1 Hurricane during the morning of August 5th. Debby continued inland and weakened to a tropical storm while tracking northeast across northern Florida later on August 5th, then continued a gradual weakening trend while tracking across Southeast Georgia as a tropical storm (45 mph) before slowly emerging off the Southeast Coast at tropical storm strength (40 mph) near Tybee Island, Georgia on August 6th. Debby then tracked east and farther offshore early August 7th, then turned north and became a strong tropical storm (60 mph) over the Gulf Stream later that morning, before taking a more north-northwest track back toward the Southeast Coast and making landfall near Awendaw/Bulls Bay, South Carolina as a tropical storm (50 mph) around 2 AM on August 8th. A minimum surface pressure of 994 mb was recorded at Sullivan���s Island (XSLV), South Carolina prior to Debby making landfall. After landfall, Debby continued on a north-northwest track across South Carolina as a tropical storm into mid day August 8th, before weakening to a depression later that day and continuing a north path across North Carolina and Virginia into early August 9th. ||Across Southeast South Carolina, the main impacts associated with Debby included flash flooding due to widespread heavy rainfall, several nighttime tornadoes within rainbands and scattered tree damage associated with near tropical storm force winds.  ||Prolonged heavy rainfall across Southeast South Carolina brought widespread flash flooding on August 5th and 6th, additional areas of flash flooding on August 7th, 8th and 9th, along with considerable and prolonged flooding of creeks, streams and main stem rivers for several days thereafter. Numerous homes and roads were flooded, leading to rescues and/or evacuations. Storm total rainfall amounts from August 4th to August 9th generally ranged between 4 to 22 inches with highest amounts across the Quad County Area (Berkeley, Dorchester, Charleston, Colleton) and particularly along a stretch from Summerville, Ridgeville, St George and Harleyville, South Carolina to Moncks Corner, South Carolina. A peak storm total rainfall of 22.02 inches was recorded by a CoCoRaHS observer approximately 6.6 miles southwest of Moncks Corner, South Carolina. A daily record rainfall of 4.71 inches was also set on August 6th at the Charleston International Airport (KCHS). Despite a large amount of rain and flash flooding, storm surge/coastal flooding did not lead to mentionable impacts locally. The highest water level at the Charleston (CHTS1) tide gauge was 1.06 ft MHHW during the evening of August 5th. No injuries or fatalities occurred with flash flooding/flooding.||Several rainbands associated with Debby brought 8 tornadoes (4 EF1 and 4 EF0) across coastal counties of Southeast South Carolina during the night of August 5th into early August 6th, causing damage to numerous trees and many structures. An EF1 tornado in Berkeley County caused 2 minor injuries when a car was flipped by the tornado. A total of 2 minor injuries and no fatalities occurred with tornadoes.  ||Tropical storm force winds/gusts produced scattered tree damage and communication/power outages across several counties. One minor injury occurred when a tree fell down on a vehicle in Beaufort County, South Carolina. Strongest winds were recorded across coastal areas and nearby coastal waters. The highest sustained tropical storm wind (39 knots) and highest tropical storm wind gust (55 knots) occurred at Folly Beach South End (XFSE), South Carolina. Across nearby coastal waters, the highest sustained tropical storm wind (44 knots) and highest tropical storm wind gust (51 knots) occurred at the Edisto Buoy (41004). A total of 1 minor injury and no fatalities occurred by tropical cyclone winds.",Firefighters located at Charleston Fire Station 8 on Huger Street reported several inches of floodwater entering the station Tuesday morning.
SOUTH CAROLINA,45,2024,Flood,0,0,0,0,0.00K,32.88,-80.71,"Debby first developed into a tropical storm about 100 miles west-southwest of Key West, Florida late afternoon on August 3rd, then gradually strengthened to a strong tropical storm while tracking north across the eastern Gulf of Mexico on August 4th. Debby then reached hurricane force strength late on August 4th about 100 miles west-northwest of Tampa, before continuing a north-northeast track across the eastern Gulf of Mexico and eventually making landfall near the Big Bend area of Florida as a Category 1 Hurricane during the morning of August 5th. Debby continued inland and weakened to a tropical storm while tracking northeast across northern Florida later on August 5th, then continued a gradual weakening trend while tracking across Southeast Georgia as a tropical storm (45 mph) before slowly emerging off the Southeast Coast at tropical storm strength (40 mph) near Tybee Island, Georgia on August 6th. Debby then tracked east and farther offshore early August 7th, then turned north and became a strong tropical storm (60 mph) over the Gulf Stream later that morning, before taking a more north-northwest track back toward the Southeast Coast and making landfall near Awendaw/Bulls Bay, South Carolina as a tropical storm (50 mph) around 2 AM on August 8th. A minimum surface pressure of 994 mb was recorded at Sullivan���s Island (XSLV), South Carolina prior to Debby making landfall. After landfall, Debby continued on a north-northwest track across South Carolina as a tropical storm into mid day August 8th, before weakening to a depression later that day and continuing a north path across North Carolina and Virginia into early August 9th. ||Across Southeast South Carolina, the main impacts associated with Debby included flash flooding due to widespread heavy rainfall, several nighttime tornadoes within rainbands and scattered tree damage associated with near tropical storm force winds.  ||Prolonged heavy rainfall across Southeast South Carolina brought widespread flash flooding on August 5th and 6th, additional areas of flash flooding on August 7th, 8th and 9th, along with considerable and prolonged flooding of creeks, streams and main stem rivers for several days thereafter. Numerous homes and roads were flooded, leading to rescues and/or evacuations. Storm total rainfall amounts from August 4th to August 9th generally ranged between 4 to 22 inches with highest amounts across the Quad County Area (Berkeley, Dorchester, Charleston, Colleton) and particularly along a stretch from Summerville, Ridgeville, St George and Harleyville, South Carolina to Moncks Corner, South Carolina. A peak storm total rainfall of 22.02 inches was recorded by a CoCoRaHS observer approximately 6.6 miles southwest of Moncks Corner, South Carolina. A daily record rainfall of 4.71 inches was also set on August 6th at the Charleston International Airport (KCHS). Despite a large amount of rain and flash flooding, storm surge/coastal flooding did not lead to mentionable impacts locally. The highest water level at the Charleston (CHTS1) tide gauge was 1.06 ft MHHW during the evening of August 5th. No injuries or fatalities occurred with flash flooding/flooding.||Several rainbands associated with Debby brought 8 tornadoes (4 EF1 and 4 EF0) across coastal counties of Southeast South Carolina during the night of August 5th into early August 6th, causing damage to numerous trees and many structures. An EF1 tornado in Berkeley County caused 2 minor injuries when a car was flipped by the tornado. A total of 2 minor injuries and no fatalities occurred with tornadoes.  ||Tropical storm force winds/gusts produced scattered tree damage and communication/power outages across several counties. One minor injury occurred when a tree fell down on a vehicle in Beaufort County, South Carolina. Strongest winds were recorded across coastal areas and nearby coastal waters. The highest sustained tropical storm wind (39 knots) and highest tropical storm wind gust (55 knots) occurred at Folly Beach South End (XFSE), South Carolina. Across nearby coastal waters, the highest sustained tropical storm wind (44 knots) and highest tropical storm wind gust (51 knots) occurred at the Edisto Buoy (41004). A total of 1 minor injury and no fatalities occurred by tropical cyclone winds.",A Colleton County emergency manager reported a home on Sniders Highway having sewage backup inside due to the sewer drainage being filled with rainwater that was also covering the road.
SOUTH CAROLINA,45,2024,Flood,0,0,0,0,0.00K,33.01,-80.42,"Debby first developed into a tropical storm about 100 miles west-southwest of Key West, Florida late afternoon on August 3rd, then gradually strengthened to a strong tropical storm while tracking north across the eastern Gulf of Mexico on August 4th. Debby then reached hurricane force strength late on August 4th about 100 miles west-northwest of Tampa, before continuing a north-northeast track across the eastern Gulf of Mexico and eventually making landfall near the Big Bend area of Florida as a Category 1 Hurricane during the morning of August 5th. Debby continued inland and weakened to a tropical storm while tracking northeast across northern Florida later on August 5th, then continued a gradual weakening trend while tracking across Southeast Georgia as a tropical storm (45 mph) before slowly emerging off the Southeast Coast at tropical storm strength (40 mph) near Tybee Island, Georgia on August 6th. Debby then tracked east and farther offshore early August 7th, then turned north and became a strong tropical storm (60 mph) over the Gulf Stream later that morning, before taking a more north-northwest track back toward the Southeast Coast and making landfall near Awendaw/Bulls Bay, South Carolina as a tropical storm (50 mph) around 2 AM on August 8th. A minimum surface pressure of 994 mb was recorded at Sullivan���s Island (XSLV), South Carolina prior to Debby making landfall. After landfall, Debby continued on a north-northwest track across South Carolina as a tropical storm into mid day August 8th, before weakening to a depression later that day and continuing a north path across North Carolina and Virginia into early August 9th. ||Across Southeast South Carolina, the main impacts associated with Debby included flash flooding due to widespread heavy rainfall, several nighttime tornadoes within rainbands and scattered tree damage associated with near tropical storm force winds.  ||Prolonged heavy rainfall across Southeast South Carolina brought widespread flash flooding on August 5th and 6th, additional areas of flash flooding on August 7th, 8th and 9th, along with considerable and prolonged flooding of creeks, streams and main stem rivers for several days thereafter. Numerous homes and roads were flooded, leading to rescues and/or evacuations. Storm total rainfall amounts from August 4th to August 9th generally ranged between 4 to 22 inches with highest amounts across the Quad County Area (Berkeley, Dorchester, Charleston, Colleton) and particularly along a stretch from Summerville, Ridgeville, St George and Harleyville, South Carolina to Moncks Corner, South Carolina. A peak storm total rainfall of 22.02 inches was recorded by a CoCoRaHS observer approximately 6.6 miles southwest of Moncks Corner, South Carolina. A daily record rainfall of 4.71 inches was also set on August 6th at the Charleston International Airport (KCHS). Despite a large amount of rain and flash flooding, storm surge/coastal flooding did not lead to mentionable impacts locally. The highest water level at the Charleston (CHTS1) tide gauge was 1.06 ft MHHW during the evening of August 5th. No injuries or fatalities occurred with flash flooding/flooding.||Several rainbands associated with Debby brought 8 tornadoes (4 EF1 and 4 EF0) across coastal counties of Southeast South Carolina during the night of August 5th into early August 6th, causing damage to numerous trees and many structures. An EF1 tornado in Berkeley County caused 2 minor injuries when a car was flipped by the tornado. A total of 2 minor injuries and no fatalities occurred with tornadoes.  ||Tropical storm force winds/gusts produced scattered tree damage and communication/power outages across several counties. One minor injury occurred when a tree fell down on a vehicle in Beaufort County, South Carolina. Strongest winds were recorded across coastal areas and nearby coastal waters. The highest sustained tropical storm wind (39 knots) and highest tropical storm wind gust (55 knots) occurred at Folly Beach South End (XFSE), South Carolina. Across nearby coastal waters, the highest sustained tropical storm wind (44 knots) and highest tropical storm wind gust (51 knots) occurred at the Edisto Buoy (41004). A total of 1 minor injury and no fatalities occurred by tropical cyclone winds.",A Colleton County emergency manager reported the 4200 Block of Peirce Highway near Royal Oak Lane closed due to flooding with as much as 4 feet of moving water.
SOUTH CAROLINA,45,2024,Flash Flood,0,0,0,0,0.00K,33.2134,-80.0252,"Debby first developed into a tropical storm about 100 miles west-southwest of Key West, Florida late afternoon on August 3rd, then gradually strengthened to a strong tropical storm while tracking north across the eastern Gulf of Mexico on August 4th. Debby then reached hurricane force strength late on August 4th about 100 miles west-northwest of Tampa, before continuing a north-northeast track across the eastern Gulf of Mexico and eventually making landfall near the Big Bend area of Florida as a Category 1 Hurricane during the morning of August 5th. Debby continued inland and weakened to a tropical storm while tracking northeast across northern Florida later on August 5th, then continued a gradual weakening trend while tracking across Southeast Georgia as a tropical storm (45 mph) before slowly emerging off the Southeast Coast at tropical storm strength (40 mph) near Tybee Island, Georgia on August 6th. Debby then tracked east and farther offshore early August 7th, then turned north and became a strong tropical storm (60 mph) over the Gulf Stream later that morning, before taking a more north-northwest track back toward the Southeast Coast and making landfall near Awendaw/Bulls Bay, South Carolina as a tropical storm (50 mph) around 2 AM on August 8th. A minimum surface pressure of 994 mb was recorded at Sullivan���s Island (XSLV), South Carolina prior to Debby making landfall. After landfall, Debby continued on a north-northwest track across South Carolina as a tropical storm into mid day August 8th, before weakening to a depression later that day and continuing a north path across North Carolina and Virginia into early August 9th. ||Across Southeast South Carolina, the main impacts associated with Debby included flash flooding due to widespread heavy rainfall, several nighttime tornadoes within rainbands and scattered tree damage associated with near tropical storm force winds.  ||Prolonged heavy rainfall across Southeast South Carolina brought widespread flash flooding on August 5th and 6th, additional areas of flash flooding on August 7th, 8th and 9th, along with considerable and prolonged flooding of creeks, streams and main stem rivers for several days thereafter. Numerous homes and roads were flooded, leading to rescues and/or evacuations. Storm total rainfall amounts from August 4th to August 9th generally ranged between 4 to 22 inches with highest amounts across the Quad County Area (Berkeley, Dorchester, Charleston, Colleton) and particularly along a stretch from Summerville, Ridgeville, St George and Harleyville, South Carolina to Moncks Corner, South Carolina. A peak storm total rainfall of 22.02 inches was recorded by a CoCoRaHS observer approximately 6.6 miles southwest of Moncks Corner, South Carolina. A daily record rainfall of 4.71 inches was also set on August 6th at the Charleston International Airport (KCHS). Despite a large amount of rain and flash flooding, storm surge/coastal flooding did not lead to mentionable impacts locally. The highest water level at the Charleston (CHTS1) tide gauge was 1.06 ft MHHW during the evening of August 5th. No injuries or fatalities occurred with flash flooding/flooding.||Several rainbands associated with Debby brought 8 tornadoes (4 EF1 and 4 EF0) across coastal counties of Southeast South Carolina during the night of August 5th into early August 6th, causing damage to numerous trees and many structures. An EF1 tornado in Berkeley County caused 2 minor injuries when a car was flipped by the tornado. A total of 2 minor injuries and no fatalities occurred with tornadoes.  ||Tropical storm force winds/gusts produced scattered tree damage and communication/power outages across several counties. One minor injury occurred when a tree fell down on a vehicle in Beaufort County, South Carolina. Strongest winds were recorded across coastal areas and nearby coastal waters. The highest sustained tropical storm wind (39 knots) and highest tropical storm wind gust (55 knots) occurred at Folly Beach South End (XFSE), South Carolina. Across nearby coastal waters, the highest sustained tropical storm wind (44 knots) and highest tropical storm wind gust (51 knots) occurred at the Edisto Buoy (41004). A total of 1 minor injury and no fatalities occurred by tropical cyclone winds.","Emergency officials in Moncks Corner reported that high water rescues were in progress, homes were flooded throughout the city and roads were closed due to 2-3 feet of fast moving water."
SOUTH CAROLINA,45,2024,Flash Flood,0,0,0,0,0.00K,33.02,-80.18,"Debby first developed into a tropical storm about 100 miles west-southwest of Key West, Florida late afternoon on August 3rd, then gradually strengthened to a strong tropical storm while tracking north across the eastern Gulf of Mexico on August 4th. Debby then reached hurricane force strength late on August 4th about 100 miles west-northwest of Tampa, before continuing a north-northeast track across the eastern Gulf of Mexico and eventually making landfall near the Big Bend area of Florida as a Category 1 Hurricane during the morning of August 5th. Debby continued inland and weakened to a tropical storm while tracking northeast across northern Florida later on August 5th, then continued a gradual weakening trend while tracking across Southeast Georgia as a tropical storm (45 mph) before slowly emerging off the Southeast Coast at tropical storm strength (40 mph) near Tybee Island, Georgia on August 6th. Debby then tracked east and farther offshore early August 7th, then turned north and became a strong tropical storm (60 mph) over the Gulf Stream later that morning, before taking a more north-northwest track back toward the Southeast Coast and making landfall near Awendaw/Bulls Bay, South Carolina as a tropical storm (50 mph) around 2 AM on August 8th. A minimum surface pressure of 994 mb was recorded at Sullivan���s Island (XSLV), South Carolina prior to Debby making landfall. After landfall, Debby continued on a north-northwest track across South Carolina as a tropical storm into mid day August 8th, before weakening to a depression later that day and continuing a north path across North Carolina and Virginia into early August 9th. ||Across Southeast South Carolina, the main impacts associated with Debby included flash flooding due to widespread heavy rainfall, several nighttime tornadoes within rainbands and scattered tree damage associated with near tropical storm force winds.  ||Prolonged heavy rainfall across Southeast South Carolina brought widespread flash flooding on August 5th and 6th, additional areas of flash flooding on August 7th, 8th and 9th, along with considerable and prolonged flooding of creeks, streams and main stem rivers for several days thereafter. Numerous homes and roads were flooded, leading to rescues and/or evacuations. Storm total rainfall amounts from August 4th to August 9th generally ranged between 4 to 22 inches with highest amounts across the Quad County Area (Berkeley, Dorchester, Charleston, Colleton) and particularly along a stretch from Summerville, Ridgeville, St George and Harleyville, South Carolina to Moncks Corner, South Carolina. A peak storm total rainfall of 22.02 inches was recorded by a CoCoRaHS observer approximately 6.6 miles southwest of Moncks Corner, South Carolina. A daily record rainfall of 4.71 inches was also set on August 6th at the Charleston International Airport (KCHS). Despite a large amount of rain and flash flooding, storm surge/coastal flooding did not lead to mentionable impacts locally. The highest water level at the Charleston (CHTS1) tide gauge was 1.06 ft MHHW during the evening of August 5th. No injuries or fatalities occurred with flash flooding/flooding.||Several rainbands associated with Debby brought 8 tornadoes (4 EF1 and 4 EF0) across coastal counties of Southeast South Carolina during the night of August 5th into early August 6th, causing damage to numerous trees and many structures. An EF1 tornado in Berkeley County caused 2 minor injuries when a car was flipped by the tornado. A total of 2 minor injuries and no fatalities occurred with tornadoes.  ||Tropical storm force winds/gusts produced scattered tree damage and communication/power outages across several counties. One minor injury occurred when a tree fell down on a vehicle in Beaufort County, South Carolina. Strongest winds were recorded across coastal areas and nearby coastal waters. The highest sustained tropical storm wind (39 knots) and highest tropical storm wind gust (55 knots) occurred at Folly Beach South End (XFSE), South Carolina. Across nearby coastal waters, the highest sustained tropical storm wind (44 knots) and highest tropical storm wind gust (51 knots) occurred at the Edisto Buoy (41004). A total of 1 minor injury and no fatalities occurred by tropical cyclone winds.","A Dorchester County emergency manager and media reported at least 75 roads closed due to flooding across Dorchester County this morning. A slightly larger amount of road closures were near Harleyville, Summerville and along the Edisto River."
SOUTH CAROLINA,45,2024,Flash Flood,0,0,0,0,20.00K,33.1,-80.41,"Debby first developed into a tropical storm about 100 miles west-southwest of Key West, Florida late afternoon on August 3rd, then gradually strengthened to a strong tropical storm while tracking north across the eastern Gulf of Mexico on August 4th. Debby then reached hurricane force strength late on August 4th about 100 miles west-northwest of Tampa, before continuing a north-northeast track across the eastern Gulf of Mexico and eventually making landfall near the Big Bend area of Florida as a Category 1 Hurricane during the morning of August 5th. Debby continued inland and weakened to a tropical storm while tracking northeast across northern Florida later on August 5th, then continued a gradual weakening trend while tracking across Southeast Georgia as a tropical storm (45 mph) before slowly emerging off the Southeast Coast at tropical storm strength (40 mph) near Tybee Island, Georgia on August 6th. Debby then tracked east and farther offshore early August 7th, then turned north and became a strong tropical storm (60 mph) over the Gulf Stream later that morning, before taking a more north-northwest track back toward the Southeast Coast and making landfall near Awendaw/Bulls Bay, South Carolina as a tropical storm (50 mph) around 2 AM on August 8th. A minimum surface pressure of 994 mb was recorded at Sullivan���s Island (XSLV), South Carolina prior to Debby making landfall. After landfall, Debby continued on a north-northwest track across South Carolina as a tropical storm into mid day August 8th, before weakening to a depression later that day and continuing a north path across North Carolina and Virginia into early August 9th. ||Across Southeast South Carolina, the main impacts associated with Debby included flash flooding due to widespread heavy rainfall, several nighttime tornadoes within rainbands and scattered tree damage associated with near tropical storm force winds.  ||Prolonged heavy rainfall across Southeast South Carolina brought widespread flash flooding on August 5th and 6th, additional areas of flash flooding on August 7th, 8th and 9th, along with considerable and prolonged flooding of creeks, streams and main stem rivers for several days thereafter. Numerous homes and roads were flooded, leading to rescues and/or evacuations. Storm total rainfall amounts from August 4th to August 9th generally ranged between 4 to 22 inches with highest amounts across the Quad County Area (Berkeley, Dorchester, Charleston, Colleton) and particularly along a stretch from Summerville, Ridgeville, St George and Harleyville, South Carolina to Moncks Corner, South Carolina. A peak storm total rainfall of 22.02 inches was recorded by a CoCoRaHS observer approximately 6.6 miles southwest of Moncks Corner, South Carolina. A daily record rainfall of 4.71 inches was also set on August 6th at the Charleston International Airport (KCHS). Despite a large amount of rain and flash flooding, storm surge/coastal flooding did not lead to mentionable impacts locally. The highest water level at the Charleston (CHTS1) tide gauge was 1.06 ft MHHW during the evening of August 5th. No injuries or fatalities occurred with flash flooding/flooding.||Several rainbands associated with Debby brought 8 tornadoes (4 EF1 and 4 EF0) across coastal counties of Southeast South Carolina during the night of August 5th into early August 6th, causing damage to numerous trees and many structures. An EF1 tornado in Berkeley County caused 2 minor injuries when a car was flipped by the tornado. A total of 2 minor injuries and no fatalities occurred with tornadoes.  ||Tropical storm force winds/gusts produced scattered tree damage and communication/power outages across several counties. One minor injury occurred when a tree fell down on a vehicle in Beaufort County, South Carolina. Strongest winds were recorded across coastal areas and nearby coastal waters. The highest sustained tropical storm wind (39 knots) and highest tropical storm wind gust (55 knots) occurred at Folly Beach South End (XFSE), South Carolina. Across nearby coastal waters, the highest sustained tropical storm wind (44 knots) and highest tropical storm wind gust (51 knots) occurred at the Edisto Buoy (41004). A total of 1 minor injury and no fatalities occurred by tropical cyclone winds.",A Dorchester County emergency manager shared a picture of a washout along the paved 695 Block of Powder Horn Road.
SOUTH CAROLINA,45,2024,Flash Flood,0,0,0,0,20.00K,32.9401,-80.2036,"Debby first developed into a tropical storm about 100 miles west-southwest of Key West, Florida late afternoon on August 3rd, then gradually strengthened to a strong tropical storm while tracking north across the eastern Gulf of Mexico on August 4th. Debby then reached hurricane force strength late on August 4th about 100 miles west-northwest of Tampa, before continuing a north-northeast track across the eastern Gulf of Mexico and eventually making landfall near the Big Bend area of Florida as a Category 1 Hurricane during the morning of August 5th. Debby continued inland and weakened to a tropical storm while tracking northeast across northern Florida later on August 5th, then continued a gradual weakening trend while tracking across Southeast Georgia as a tropical storm (45 mph) before slowly emerging off the Southeast Coast at tropical storm strength (40 mph) near Tybee Island, Georgia on August 6th. Debby then tracked east and farther offshore early August 7th, then turned north and became a strong tropical storm (60 mph) over the Gulf Stream later that morning, before taking a more north-northwest track back toward the Southeast Coast and making landfall near Awendaw/Bulls Bay, South Carolina as a tropical storm (50 mph) around 2 AM on August 8th. A minimum surface pressure of 994 mb was recorded at Sullivan���s Island (XSLV), South Carolina prior to Debby making landfall. After landfall, Debby continued on a north-northwest track across South Carolina as a tropical storm into mid day August 8th, before weakening to a depression later that day and continuing a north path across North Carolina and Virginia into early August 9th. ||Across Southeast South Carolina, the main impacts associated with Debby included flash flooding due to widespread heavy rainfall, several nighttime tornadoes within rainbands and scattered tree damage associated with near tropical storm force winds.  ||Prolonged heavy rainfall across Southeast South Carolina brought widespread flash flooding on August 5th and 6th, additional areas of flash flooding on August 7th, 8th and 9th, along with considerable and prolonged flooding of creeks, streams and main stem rivers for several days thereafter. Numerous homes and roads were flooded, leading to rescues and/or evacuations. Storm total rainfall amounts from August 4th to August 9th generally ranged between 4 to 22 inches with highest amounts across the Quad County Area (Berkeley, Dorchester, Charleston, Colleton) and particularly along a stretch from Summerville, Ridgeville, St George and Harleyville, South Carolina to Moncks Corner, South Carolina. A peak storm total rainfall of 22.02 inches was recorded by a CoCoRaHS observer approximately 6.6 miles southwest of Moncks Corner, South Carolina. A daily record rainfall of 4.71 inches was also set on August 6th at the Charleston International Airport (KCHS). Despite a large amount of rain and flash flooding, storm surge/coastal flooding did not lead to mentionable impacts locally. The highest water level at the Charleston (CHTS1) tide gauge was 1.06 ft MHHW during the evening of August 5th. No injuries or fatalities occurred with flash flooding/flooding.||Several rainbands associated with Debby brought 8 tornadoes (4 EF1 and 4 EF0) across coastal counties of Southeast South Carolina during the night of August 5th into early August 6th, causing damage to numerous trees and many structures. An EF1 tornado in Berkeley County caused 2 minor injuries when a car was flipped by the tornado. A total of 2 minor injuries and no fatalities occurred with tornadoes.  ||Tropical storm force winds/gusts produced scattered tree damage and communication/power outages across several counties. One minor injury occurred when a tree fell down on a vehicle in Beaufort County, South Carolina. Strongest winds were recorded across coastal areas and nearby coastal waters. The highest sustained tropical storm wind (39 knots) and highest tropical storm wind gust (55 knots) occurred at Folly Beach South End (XFSE), South Carolina. Across nearby coastal waters, the highest sustained tropical storm wind (44 knots) and highest tropical storm wind gust (51 knots) occurred at the Edisto Buoy (41004). A total of 1 minor injury and no fatalities occurred by tropical cyclone winds.",Dorchester County Emergency Management reported that the Department of Transportation was shutting down Delmar Highway at Ashley Ridge High School because floodwaters were washing the roadway away.
SOUTH CAROLINA,45,2024,Flood,0,0,0,0,20.00K,32.77,-80.63,"Debby first developed into a tropical storm about 100 miles west-southwest of Key West, Florida late afternoon on August 3rd, then gradually strengthened to a strong tropical storm while tracking north across the eastern Gulf of Mexico on August 4th. Debby then reached hurricane force strength late on August 4th about 100 miles west-northwest of Tampa, before continuing a north-northeast track across the eastern Gulf of Mexico and eventually making landfall near the Big Bend area of Florida as a Category 1 Hurricane during the morning of August 5th. Debby continued inland and weakened to a tropical storm while tracking northeast across northern Florida later on August 5th, then continued a gradual weakening trend while tracking across Southeast Georgia as a tropical storm (45 mph) before slowly emerging off the Southeast Coast at tropical storm strength (40 mph) near Tybee Island, Georgia on August 6th. Debby then tracked east and farther offshore early August 7th, then turned north and became a strong tropical storm (60 mph) over the Gulf Stream later that morning, before taking a more north-northwest track back toward the Southeast Coast and making landfall near Awendaw/Bulls Bay, South Carolina as a tropical storm (50 mph) around 2 AM on August 8th. A minimum surface pressure of 994 mb was recorded at Sullivan���s Island (XSLV), South Carolina prior to Debby making landfall. After landfall, Debby continued on a north-northwest track across South Carolina as a tropical storm into mid day August 8th, before weakening to a depression later that day and continuing a north path across North Carolina and Virginia into early August 9th. ||Across Southeast South Carolina, the main impacts associated with Debby included flash flooding due to widespread heavy rainfall, several nighttime tornadoes within rainbands and scattered tree damage associated with near tropical storm force winds.  ||Prolonged heavy rainfall across Southeast South Carolina brought widespread flash flooding on August 5th and 6th, additional areas of flash flooding on August 7th, 8th and 9th, along with considerable and prolonged flooding of creeks, streams and main stem rivers for several days thereafter. Numerous homes and roads were flooded, leading to rescues and/or evacuations. Storm total rainfall amounts from August 4th to August 9th generally ranged between 4 to 22 inches with highest amounts across the Quad County Area (Berkeley, Dorchester, Charleston, Colleton) and particularly along a stretch from Summerville, Ridgeville, St George and Harleyville, South Carolina to Moncks Corner, South Carolina. A peak storm total rainfall of 22.02 inches was recorded by a CoCoRaHS observer approximately 6.6 miles southwest of Moncks Corner, South Carolina. A daily record rainfall of 4.71 inches was also set on August 6th at the Charleston International Airport (KCHS). Despite a large amount of rain and flash flooding, storm surge/coastal flooding did not lead to mentionable impacts locally. The highest water level at the Charleston (CHTS1) tide gauge was 1.06 ft MHHW during the evening of August 5th. No injuries or fatalities occurred with flash flooding/flooding.||Several rainbands associated with Debby brought 8 tornadoes (4 EF1 and 4 EF0) across coastal counties of Southeast South Carolina during the night of August 5th into early August 6th, causing damage to numerous trees and many structures. An EF1 tornado in Berkeley County caused 2 minor injuries when a car was flipped by the tornado. A total of 2 minor injuries and no fatalities occurred with tornadoes.  ||Tropical storm force winds/gusts produced scattered tree damage and communication/power outages across several counties. One minor injury occurred when a tree fell down on a vehicle in Beaufort County, South Carolina. Strongest winds were recorded across coastal areas and nearby coastal waters. The highest sustained tropical storm wind (39 knots) and highest tropical storm wind gust (55 knots) occurred at Folly Beach South End (XFSE), South Carolina. Across nearby coastal waters, the highest sustained tropical storm wind (44 knots) and highest tropical storm wind gust (51 knots) occurred at the Edisto Buoy (41004). A total of 1 minor injury and no fatalities occurred by tropical cyclone winds.",A Colleton County emergency manager reported Cyrus Lane off Green Pond Road washed out due to the heavy rain and ditches backing up with water.
SOUTH CAROLINA,45,2024,Flash Flood,0,0,0,0,0.00K,33.1891,-80.0058,"Debby first developed into a tropical storm about 100 miles west-southwest of Key West, Florida late afternoon on August 3rd, then gradually strengthened to a strong tropical storm while tracking north across the eastern Gulf of Mexico on August 4th. Debby then reached hurricane force strength late on August 4th about 100 miles west-northwest of Tampa, before continuing a north-northeast track across the eastern Gulf of Mexico and eventually making landfall near the Big Bend area of Florida as a Category 1 Hurricane during the morning of August 5th. Debby continued inland and weakened to a tropical storm while tracking northeast across northern Florida later on August 5th, then continued a gradual weakening trend while tracking across Southeast Georgia as a tropical storm (45 mph) before slowly emerging off the Southeast Coast at tropical storm strength (40 mph) near Tybee Island, Georgia on August 6th. Debby then tracked east and farther offshore early August 7th, then turned north and became a strong tropical storm (60 mph) over the Gulf Stream later that morning, before taking a more north-northwest track back toward the Southeast Coast and making landfall near Awendaw/Bulls Bay, South Carolina as a tropical storm (50 mph) around 2 AM on August 8th. A minimum surface pressure of 994 mb was recorded at Sullivan���s Island (XSLV), South Carolina prior to Debby making landfall. After landfall, Debby continued on a north-northwest track across South Carolina as a tropical storm into mid day August 8th, before weakening to a depression later that day and continuing a north path across North Carolina and Virginia into early August 9th. ||Across Southeast South Carolina, the main impacts associated with Debby included flash flooding due to widespread heavy rainfall, several nighttime tornadoes within rainbands and scattered tree damage associated with near tropical storm force winds.  ||Prolonged heavy rainfall across Southeast South Carolina brought widespread flash flooding on August 5th and 6th, additional areas of flash flooding on August 7th, 8th and 9th, along with considerable and prolonged flooding of creeks, streams and main stem rivers for several days thereafter. Numerous homes and roads were flooded, leading to rescues and/or evacuations. Storm total rainfall amounts from August 4th to August 9th generally ranged between 4 to 22 inches with highest amounts across the Quad County Area (Berkeley, Dorchester, Charleston, Colleton) and particularly along a stretch from Summerville, Ridgeville, St George and Harleyville, South Carolina to Moncks Corner, South Carolina. A peak storm total rainfall of 22.02 inches was recorded by a CoCoRaHS observer approximately 6.6 miles southwest of Moncks Corner, South Carolina. A daily record rainfall of 4.71 inches was also set on August 6th at the Charleston International Airport (KCHS). Despite a large amount of rain and flash flooding, storm surge/coastal flooding did not lead to mentionable impacts locally. The highest water level at the Charleston (CHTS1) tide gauge was 1.06 ft MHHW during the evening of August 5th. No injuries or fatalities occurred with flash flooding/flooding.||Several rainbands associated with Debby brought 8 tornadoes (4 EF1 and 4 EF0) across coastal counties of Southeast South Carolina during the night of August 5th into early August 6th, causing damage to numerous trees and many structures. An EF1 tornado in Berkeley County caused 2 minor injuries when a car was flipped by the tornado. A total of 2 minor injuries and no fatalities occurred with tornadoes.  ||Tropical storm force winds/gusts produced scattered tree damage and communication/power outages across several counties. One minor injury occurred when a tree fell down on a vehicle in Beaufort County, South Carolina. Strongest winds were recorded across coastal areas and nearby coastal waters. The highest sustained tropical storm wind (39 knots) and highest tropical storm wind gust (55 knots) occurred at Folly Beach South End (XFSE), South Carolina. Across nearby coastal waters, the highest sustained tropical storm wind (44 knots) and highest tropical storm wind gust (51 knots) occurred at the Edisto Buoy (41004). A total of 1 minor injury and no fatalities occurred by tropical cyclone winds.",Berkeley County Emergency Management reported Heatly Street in Moncks Corner being closed due to high water caused by flash flooding.
SOUTH CAROLINA,45,2024,Flood,0,0,0,0,20.00K,32.8137,-80.8046,"Debby first developed into a tropical storm about 100 miles west-southwest of Key West, Florida late afternoon on August 3rd, then gradually strengthened to a strong tropical storm while tracking north across the eastern Gulf of Mexico on August 4th. Debby then reached hurricane force strength late on August 4th about 100 miles west-northwest of Tampa, before continuing a north-northeast track across the eastern Gulf of Mexico and eventually making landfall near the Big Bend area of Florida as a Category 1 Hurricane during the morning of August 5th. Debby continued inland and weakened to a tropical storm while tracking northeast across northern Florida later on August 5th, then continued a gradual weakening trend while tracking across Southeast Georgia as a tropical storm (45 mph) before slowly emerging off the Southeast Coast at tropical storm strength (40 mph) near Tybee Island, Georgia on August 6th. Debby then tracked east and farther offshore early August 7th, then turned north and became a strong tropical storm (60 mph) over the Gulf Stream later that morning, before taking a more north-northwest track back toward the Southeast Coast and making landfall near Awendaw/Bulls Bay, South Carolina as a tropical storm (50 mph) around 2 AM on August 8th. A minimum surface pressure of 994 mb was recorded at Sullivan���s Island (XSLV), South Carolina prior to Debby making landfall. After landfall, Debby continued on a north-northwest track across South Carolina as a tropical storm into mid day August 8th, before weakening to a depression later that day and continuing a north path across North Carolina and Virginia into early August 9th. ||Across Southeast South Carolina, the main impacts associated with Debby included flash flooding due to widespread heavy rainfall, several nighttime tornadoes within rainbands and scattered tree damage associated with near tropical storm force winds.  ||Prolonged heavy rainfall across Southeast South Carolina brought widespread flash flooding on August 5th and 6th, additional areas of flash flooding on August 7th, 8th and 9th, along with considerable and prolonged flooding of creeks, streams and main stem rivers for several days thereafter. Numerous homes and roads were flooded, leading to rescues and/or evacuations. Storm total rainfall amounts from August 4th to August 9th generally ranged between 4 to 22 inches with highest amounts across the Quad County Area (Berkeley, Dorchester, Charleston, Colleton) and particularly along a stretch from Summerville, Ridgeville, St George and Harleyville, South Carolina to Moncks Corner, South Carolina. A peak storm total rainfall of 22.02 inches was recorded by a CoCoRaHS observer approximately 6.6 miles southwest of Moncks Corner, South Carolina. A daily record rainfall of 4.71 inches was also set on August 6th at the Charleston International Airport (KCHS). Despite a large amount of rain and flash flooding, storm surge/coastal flooding did not lead to mentionable impacts locally. The highest water level at the Charleston (CHTS1) tide gauge was 1.06 ft MHHW during the evening of August 5th. No injuries or fatalities occurred with flash flooding/flooding.||Several rainbands associated with Debby brought 8 tornadoes (4 EF1 and 4 EF0) across coastal counties of Southeast South Carolina during the night of August 5th into early August 6th, causing damage to numerous trees and many structures. An EF1 tornado in Berkeley County caused 2 minor injuries when a car was flipped by the tornado. A total of 2 minor injuries and no fatalities occurred with tornadoes.  ||Tropical storm force winds/gusts produced scattered tree damage and communication/power outages across several counties. One minor injury occurred when a tree fell down on a vehicle in Beaufort County, South Carolina. Strongest winds were recorded across coastal areas and nearby coastal waters. The highest sustained tropical storm wind (39 knots) and highest tropical storm wind gust (55 knots) occurred at Folly Beach South End (XFSE), South Carolina. Across nearby coastal waters, the highest sustained tropical storm wind (44 knots) and highest tropical storm wind gust (51 knots) occurred at the Edisto Buoy (41004). A total of 1 minor injury and no fatalities occurred by tropical cyclone winds.",A social media post showed the roadbed below Edward Road was completely washed out.
SOUTH CAROLINA,45,2024,Flash Flood,0,0,0,0,0.00K,32.8124,-80.7885,"Debby first developed into a tropical storm about 100 miles west-southwest of Key West, Florida late afternoon on August 3rd, then gradually strengthened to a strong tropical storm while tracking north across the eastern Gulf of Mexico on August 4th. Debby then reached hurricane force strength late on August 4th about 100 miles west-northwest of Tampa, before continuing a north-northeast track across the eastern Gulf of Mexico and eventually making landfall near the Big Bend area of Florida as a Category 1 Hurricane during the morning of August 5th. Debby continued inland and weakened to a tropical storm while tracking northeast across northern Florida later on August 5th, then continued a gradual weakening trend while tracking across Southeast Georgia as a tropical storm (45 mph) before slowly emerging off the Southeast Coast at tropical storm strength (40 mph) near Tybee Island, Georgia on August 6th. Debby then tracked east and farther offshore early August 7th, then turned north and became a strong tropical storm (60 mph) over the Gulf Stream later that morning, before taking a more north-northwest track back toward the Southeast Coast and making landfall near Awendaw/Bulls Bay, South Carolina as a tropical storm (50 mph) around 2 AM on August 8th. A minimum surface pressure of 994 mb was recorded at Sullivan���s Island (XSLV), South Carolina prior to Debby making landfall. After landfall, Debby continued on a north-northwest track across South Carolina as a tropical storm into mid day August 8th, before weakening to a depression later that day and continuing a north path across North Carolina and Virginia into early August 9th. ||Across Southeast South Carolina, the main impacts associated with Debby included flash flooding due to widespread heavy rainfall, several nighttime tornadoes within rainbands and scattered tree damage associated with near tropical storm force winds.  ||Prolonged heavy rainfall across Southeast South Carolina brought widespread flash flooding on August 5th and 6th, additional areas of flash flooding on August 7th, 8th and 9th, along with considerable and prolonged flooding of creeks, streams and main stem rivers for several days thereafter. Numerous homes and roads were flooded, leading to rescues and/or evacuations. Storm total rainfall amounts from August 4th to August 9th generally ranged between 4 to 22 inches with highest amounts across the Quad County Area (Berkeley, Dorchester, Charleston, Colleton) and particularly along a stretch from Summerville, Ridgeville, St George and Harleyville, South Carolina to Moncks Corner, South Carolina. A peak storm total rainfall of 22.02 inches was recorded by a CoCoRaHS observer approximately 6.6 miles southwest of Moncks Corner, South Carolina. A daily record rainfall of 4.71 inches was also set on August 6th at the Charleston International Airport (KCHS). Despite a large amount of rain and flash flooding, storm surge/coastal flooding did not lead to mentionable impacts locally. The highest water level at the Charleston (CHTS1) tide gauge was 1.06 ft MHHW during the evening of August 5th. No injuries or fatalities occurred with flash flooding/flooding.||Several rainbands associated with Debby brought 8 tornadoes (4 EF1 and 4 EF0) across coastal counties of Southeast South Carolina during the night of August 5th into early August 6th, causing damage to numerous trees and many structures. An EF1 tornado in Berkeley County caused 2 minor injuries when a car was flipped by the tornado. A total of 2 minor injuries and no fatalities occurred with tornadoes.  ||Tropical storm force winds/gusts produced scattered tree damage and communication/power outages across several counties. One minor injury occurred when a tree fell down on a vehicle in Beaufort County, South Carolina. Strongest winds were recorded across coastal areas and nearby coastal waters. The highest sustained tropical storm wind (39 knots) and highest tropical storm wind gust (55 knots) occurred at Folly Beach South End (XFSE), South Carolina. Across nearby coastal waters, the highest sustained tropical storm wind (44 knots) and highest tropical storm wind gust (51 knots) occurred at the Edisto Buoy (41004). A total of 1 minor injury and no fatalities occurred by tropical cyclone winds.",A video posted on social media showed two dikes at Crosbys Pond breached due to heavy rainfall and all water in the 20 acre pond rapidly draining into nearby Black Creek.
SOUTH CAROLINA,45,2024,Thunderstorm Wind,0,0,0,0,1.00K,33.04,-80.4,Moderate levels of instability along with an afternoon sea breeze circulation led to thunderstorms capable of producing damaging winds.,A Colleton County emergency manager reported a tree down along Augusta Highway near the intersection with Peirce Road.
SOUTH CAROLINA,45,2024,Thunderstorm Wind,0,0,0,0,1.00K,32.93,-80.67,Dry mid-level air arriving over high moisture levels near the surface led to a few thunderstorms capable of producing damaging wind gusts.,Colleton County Emergency Management reported a tree down on Longleaf Drive near Jefferies Highway.
SOUTH CAROLINA,45,2024,Thunderstorm Wind,0,0,0,0,2.25K,32.98,-80.49,Dry mid-level air arriving over high moisture levels near the surface led to a few thunderstorms capable of producing damaging wind gusts.,"Colleton County Emergency Management reported a tree and power lines down, blocking one lane near the intersection of Wesley Grove Road and Rehoboth Road."
SOUTH CAROLINA,45,2024,Tornado,0,0,0,0,NA,32.513,-80.313,"Debby first developed into a tropical storm about 100 miles west-southwest of Key West, Florida late afternoon on August 3rd, then gradually strengthened to a strong tropical storm while tracking north across the eastern Gulf of Mexico on August 4th. Debby then reached hurricane force strength late on August 4th about 100 miles west-northwest of Tampa, before continuing a north-northeast track across the eastern Gulf of Mexico and eventually making landfall near the Big Bend area of Florida as a Category 1 Hurricane during the morning of August 5th. Debby continued inland and weakened to a tropical storm while tracking northeast across northern Florida later on August 5th, then continued a gradual weakening trend while tracking across Southeast Georgia as a tropical storm (45 mph) before slowly emerging off the Southeast Coast at tropical storm strength (40 mph) near Tybee Island, Georgia on August 6th. Debby then tracked east and farther offshore early August 7th, then turned north and became a strong tropical storm (60 mph) over the Gulf Stream later that morning, before taking a more north-northwest track back toward the Southeast Coast and making landfall near Awendaw/Bulls Bay, South Carolina as a tropical storm (50 mph) around 2 AM on August 8th. A minimum surface pressure of 994 mb was recorded at Sullivan���s Island (XSLV), South Carolina prior to Debby making landfall. After landfall, Debby continued on a north-northwest track across South Carolina as a tropical storm into mid day August 8th, before weakening to a depression later that day and continuing a north path across North Carolina and Virginia into early August 9th. ||Across Southeast South Carolina, the main impacts associated with Debby included flash flooding due to widespread heavy rainfall, several nighttime tornadoes within rainbands and scattered tree damage associated with near tropical storm force winds.  ||Prolonged heavy rainfall across Southeast South Carolina brought widespread flash flooding on August 5th and 6th, additional areas of flash flooding on August 7th, 8th and 9th, along with considerable and prolonged flooding of creeks, streams and main stem rivers for several days thereafter. Numerous homes and roads were flooded, leading to rescues and/or evacuations. Storm total rainfall amounts from August 4th to August 9th generally ranged between 4 to 22 inches with highest amounts across the Quad County Area (Berkeley, Dorchester, Charleston, Colleton) and particularly along a stretch from Summerville, Ridgeville, St George and Harleyville, South Carolina to Moncks Corner, South Carolina. A peak storm total rainfall of 22.02 inches was recorded by a CoCoRaHS observer approximately 6.6 miles southwest of Moncks Corner, South Carolina. A daily record rainfall of 4.71 inches was also set on August 6th at the Charleston International Airport (KCHS). Despite a large amount of rain and flash flooding, storm surge/coastal flooding did not lead to mentionable impacts locally. The highest water level at the Charleston (CHTS1) tide gauge was 1.06 ft MHHW during the evening of August 5th. No injuries or fatalities occurred with flash flooding/flooding.||Several rainbands associated with Debby brought 8 tornadoes (4 EF1 and 4 EF0) across coastal counties of Southeast South Carolina during the night of August 5th into early August 6th, causing damage to numerous trees and many structures. An EF1 tornado in Berkeley County caused 2 minor injuries when a car was flipped by the tornado. A total of 2 minor injuries and no fatalities occurred with tornadoes.  ||Tropical storm force winds/gusts produced scattered tree damage and communication/power outages across several counties. One minor injury occurred when a tree fell down on a vehicle in Beaufort County, South Carolina. Strongest winds were recorded across coastal areas and nearby coastal waters. The highest sustained tropical storm wind (39 knots) and highest tropical storm wind gust (55 knots) occurred at Folly Beach South End (XFSE), South Carolina. Across nearby coastal waters, the highest sustained tropical storm wind (44 knots) and highest tropical storm wind gust (51 knots) occurred at the Edisto Buoy (41004). A total of 1 minor injury and no fatalities occurred by tropical cyclone winds.","A National Weather Service Storm Survey Team confirmed an EF1 tornado with an estimated maximum wind speed of 97 mph in Edisto Island, South Carolina occurring from 835 PM to 845 PM EST. The tornado started in Colleton County, then briefly tracked across a small portion of Charleston County, then briefly returned back into Colleton County before crossing into Charleston County once more and quickly ending. ||Along the tornado's second segment, it entered Charleston County from Colleton County at a latitude/longitude of 32.513 N, 80.313 W, moving north-northwest from a marsh region and snapping many hardwood trees and also uprooting some trees along Palmetto Road. From Palmetto Road, the tornado continued on a northwest path over Fishing Creek Drive. At this location, the tornado caused considerable damage to several homes, removing the entire roof of at least three homes and part of the roof decking to at least one more. The tornado was given its highest EF1 rating in this area, with maximum winds estimated to be 97 mph. The tornado then continued northwest across a marshy area before entering Colleton County at a latitude/longitude of 32.517 N, 80.320 W."
SOUTH CAROLINA,45,2024,Tornado,0,0,0,0,NA,32.8,-80.035,"Debby first developed into a tropical storm about 100 miles west-southwest of Key West, Florida late afternoon on August 3rd, then gradually strengthened to a strong tropical storm while tracking north across the eastern Gulf of Mexico on August 4th. Debby then reached hurricane force strength late on August 4th about 100 miles west-northwest of Tampa, before continuing a north-northeast track across the eastern Gulf of Mexico and eventually making landfall near the Big Bend area of Florida as a Category 1 Hurricane during the morning of August 5th. Debby continued inland and weakened to a tropical storm while tracking northeast across northern Florida later on August 5th, then continued a gradual weakening trend while tracking across Southeast Georgia as a tropical storm (45 mph) before slowly emerging off the Southeast Coast at tropical storm strength (40 mph) near Tybee Island, Georgia on August 6th. Debby then tracked east and farther offshore early August 7th, then turned north and became a strong tropical storm (60 mph) over the Gulf Stream later that morning, before taking a more north-northwest track back toward the Southeast Coast and making landfall near Awendaw/Bulls Bay, South Carolina as a tropical storm (50 mph) around 2 AM on August 8th. A minimum surface pressure of 994 mb was recorded at Sullivan���s Island (XSLV), South Carolina prior to Debby making landfall. After landfall, Debby continued on a north-northwest track across South Carolina as a tropical storm into mid day August 8th, before weakening to a depression later that day and continuing a north path across North Carolina and Virginia into early August 9th. ||Across Southeast South Carolina, the main impacts associated with Debby included flash flooding due to widespread heavy rainfall, several nighttime tornadoes within rainbands and scattered tree damage associated with near tropical storm force winds.  ||Prolonged heavy rainfall across Southeast South Carolina brought widespread flash flooding on August 5th and 6th, additional areas of flash flooding on August 7th, 8th and 9th, along with considerable and prolonged flooding of creeks, streams and main stem rivers for several days thereafter. Numerous homes and roads were flooded, leading to rescues and/or evacuations. Storm total rainfall amounts from August 4th to August 9th generally ranged between 4 to 22 inches with highest amounts across the Quad County Area (Berkeley, Dorchester, Charleston, Colleton) and particularly along a stretch from Summerville, Ridgeville, St George and Harleyville, South Carolina to Moncks Corner, South Carolina. A peak storm total rainfall of 22.02 inches was recorded by a CoCoRaHS observer approximately 6.6 miles southwest of Moncks Corner, South Carolina. A daily record rainfall of 4.71 inches was also set on August 6th at the Charleston International Airport (KCHS). Despite a large amount of rain and flash flooding, storm surge/coastal flooding did not lead to mentionable impacts locally. The highest water level at the Charleston (CHTS1) tide gauge was 1.06 ft MHHW during the evening of August 5th. No injuries or fatalities occurred with flash flooding/flooding.||Several rainbands associated with Debby brought 8 tornadoes (4 EF1 and 4 EF0) across coastal counties of Southeast South Carolina during the night of August 5th into early August 6th, causing damage to numerous trees and many structures. An EF1 tornado in Berkeley County caused 2 minor injuries when a car was flipped by the tornado. A total of 2 minor injuries and no fatalities occurred with tornadoes.  ||Tropical storm force winds/gusts produced scattered tree damage and communication/power outages across several counties. One minor injury occurred when a tree fell down on a vehicle in Beaufort County, South Carolina. Strongest winds were recorded across coastal areas and nearby coastal waters. The highest sustained tropical storm wind (39 knots) and highest tropical storm wind gust (55 knots) occurred at Folly Beach South End (XFSE), South Carolina. Across nearby coastal waters, the highest sustained tropical storm wind (44 knots) and highest tropical storm wind gust (51 knots) occurred at the Edisto Buoy (41004). A total of 1 minor injury and no fatalities occurred by tropical cyclone winds.","A National Weather Service Storm Survey Team confirmed an EF0 tornado with an estimated maximum wind speed of 77 mph in West Ashley, South Carolina occurring from 1114 PM to 1122 PM EST.||The tornado, associated with an outer rainband of Tropical Storm Debby, began near the Citadel Mall and Interstate 526, causing small limb debris. The tornado is suspected to have sporadically touched down as it continued northwest across a mostly uninhabited area along Henry Tecklenburg Drive, just south of Bon Secours Saint Francis Hospital. The tornado then continued northwest across Glenn McConnell Parkway where it snapped and uprooted some trees as it moved near Bairds Cove and Mary Ader Avenue. The tornado then crossed a marshy area of Long Branch Creek and snapped/uprooted a few more trees around Wicklowe Drive. The tornado then continued northwest, tracking south of Canterbury Woods over a heavily wooded area before it crossed Bees Ferry Road. The tornado then tracked along the southern edge of Shadowmoss Plantation Golf Club, where it snapped and uprooted a few more trees between Brogun Lane, McDougall Drive and Dunvegan Drive. The tornado then dissipated just south of Muirfield Parkway, just northwest of the Shadowmoss clubhouse."
SOUTH CAROLINA,45,2024,Thunderstorm Wind,0,0,0,0,1.00K,33,-80.57,Dry mid-level air arriving over high moisture levels near the surface led to a few thunderstorms capable of producing damaging wind gusts.,Colleton County Emergency Management reported a tree down near the intersection of Round O Road and Sidneys Road. The tree was blocking both lanes of the roadway.
SOUTH CAROLINA,45,2024,Tornado,0,0,0,0,NA,32.5023,-80.2962,"Debby first developed into a tropical storm about 100 miles west-southwest of Key West, Florida late afternoon on August 3rd, then gradually strengthened to a strong tropical storm while tracking north across the eastern Gulf of Mexico on August 4th. Debby then reached hurricane force strength late on August 4th about 100 miles west-northwest of Tampa, before continuing a north-northeast track across the eastern Gulf of Mexico and eventually making landfall near the Big Bend area of Florida as a Category 1 Hurricane during the morning of August 5th. Debby continued inland and weakened to a tropical storm while tracking northeast across northern Florida later on August 5th, then continued a gradual weakening trend while tracking across Southeast Georgia as a tropical storm (45 mph) before slowly emerging off the Southeast Coast at tropical storm strength (40 mph) near Tybee Island, Georgia on August 6th. Debby then tracked east and farther offshore early August 7th, then turned north and became a strong tropical storm (60 mph) over the Gulf Stream later that morning, before taking a more north-northwest track back toward the Southeast Coast and making landfall near Awendaw/Bulls Bay, South Carolina as a tropical storm (50 mph) around 2 AM on August 8th. A minimum surface pressure of 994 mb was recorded at Sullivan���s Island (XSLV), South Carolina prior to Debby making landfall. After landfall, Debby continued on a north-northwest track across South Carolina as a tropical storm into mid day August 8th, before weakening to a depression later that day and continuing a north path across North Carolina and Virginia into early August 9th. ||Across Southeast South Carolina, the main impacts associated with Debby included flash flooding due to widespread heavy rainfall, several nighttime tornadoes within rainbands and scattered tree damage associated with near tropical storm force winds.  ||Prolonged heavy rainfall across Southeast South Carolina brought widespread flash flooding on August 5th and 6th, additional areas of flash flooding on August 7th, 8th and 9th, along with considerable and prolonged flooding of creeks, streams and main stem rivers for several days thereafter. Numerous homes and roads were flooded, leading to rescues and/or evacuations. Storm total rainfall amounts from August 4th to August 9th generally ranged between 4 to 22 inches with highest amounts across the Quad County Area (Berkeley, Dorchester, Charleston, Colleton) and particularly along a stretch from Summerville, Ridgeville, St George and Harleyville, South Carolina to Moncks Corner, South Carolina. A peak storm total rainfall of 22.02 inches was recorded by a CoCoRaHS observer approximately 6.6 miles southwest of Moncks Corner, South Carolina. A daily record rainfall of 4.71 inches was also set on August 6th at the Charleston International Airport (KCHS). Despite a large amount of rain and flash flooding, storm surge/coastal flooding did not lead to mentionable impacts locally. The highest water level at the Charleston (CHTS1) tide gauge was 1.06 ft MHHW during the evening of August 5th. No injuries or fatalities occurred with flash flooding/flooding.||Several rainbands associated with Debby brought 8 tornadoes (4 EF1 and 4 EF0) across coastal counties of Southeast South Carolina during the night of August 5th into early August 6th, causing damage to numerous trees and many structures. An EF1 tornado in Berkeley County caused 2 minor injuries when a car was flipped by the tornado. A total of 2 minor injuries and no fatalities occurred with tornadoes.  ||Tropical storm force winds/gusts produced scattered tree damage and communication/power outages across several counties. One minor injury occurred when a tree fell down on a vehicle in Beaufort County, South Carolina. Strongest winds were recorded across coastal areas and nearby coastal waters. The highest sustained tropical storm wind (39 knots) and highest tropical storm wind gust (55 knots) occurred at Folly Beach South End (XFSE), South Carolina. Across nearby coastal waters, the highest sustained tropical storm wind (44 knots) and highest tropical storm wind gust (51 knots) occurred at the Edisto Buoy (41004). A total of 1 minor injury and no fatalities occurred by tropical cyclone winds.","A National Weather Service Storm Survey Team confirmed an EF1 tornado with an estimated maximum wind speed of 97 mph in Edisto Island, South Carolina occurring from 835 PM to 845 PM EST. The tornado started in Colleton County, then briefly tracked across a small portion of Charleston County, then briefly returned back into Colleton County before crossing into Charleston County again and ending.||The first segment of the tornado, which originated in an outer rainband associated with Tropical Storm Debby over the nearshore Atlantic waters, moved onshore at Edisto Beach, South Carolina near the intersection of Highway 174 and Palmetto Boulevard. At the location the tornado moved onshore, it removed roof decking, roof shingles and siding to several homes. The Enmarket gas station also had some roof damage and some air conditioning units thrown from the roof. The tornado then moved north-northwest over a marsh region, snapping many hardwood trees while leaving Colleton County and entering Charleston County at a latitude/longitude of 32.513 N, 80.313 W."
SOUTH CAROLINA,45,2024,Flash Flood,0,0,0,0,0.00K,32.292,-80.944,"Debby first developed into a tropical storm about 100 miles west-southwest of Key West, Florida late afternoon on August 3rd, then gradually strengthened to a strong tropical storm while tracking north across the eastern Gulf of Mexico on August 4th. Debby then reached hurricane force strength late on August 4th about 100 miles west-northwest of Tampa, before continuing a north-northeast track across the eastern Gulf of Mexico and eventually making landfall near the Big Bend area of Florida as a Category 1 Hurricane during the morning of August 5th. Debby continued inland and weakened to a tropical storm while tracking northeast across northern Florida later on August 5th, then continued a gradual weakening trend while tracking across Southeast Georgia as a tropical storm (45 mph) before slowly emerging off the Southeast Coast at tropical storm strength (40 mph) near Tybee Island, Georgia on August 6th. Debby then tracked east and farther offshore early August 7th, then turned north and became a strong tropical storm (60 mph) over the Gulf Stream later that morning, before taking a more north-northwest track back toward the Southeast Coast and making landfall near Awendaw/Bulls Bay, South Carolina as a tropical storm (50 mph) around 2 AM on August 8th. A minimum surface pressure of 994 mb was recorded at Sullivan���s Island (XSLV), South Carolina prior to Debby making landfall. After landfall, Debby continued on a north-northwest track across South Carolina as a tropical storm into mid day August 8th, before weakening to a depression later that day and continuing a north path across North Carolina and Virginia into early August 9th. ||Across Southeast South Carolina, the main impacts associated with Debby included flash flooding due to widespread heavy rainfall, several nighttime tornadoes within rainbands and scattered tree damage associated with near tropical storm force winds.  ||Prolonged heavy rainfall across Southeast South Carolina brought widespread flash flooding on August 5th and 6th, additional areas of flash flooding on August 7th, 8th and 9th, along with considerable and prolonged flooding of creeks, streams and main stem rivers for several days thereafter. Numerous homes and roads were flooded, leading to rescues and/or evacuations. Storm total rainfall amounts from August 4th to August 9th generally ranged between 4 to 22 inches with highest amounts across the Quad County Area (Berkeley, Dorchester, Charleston, Colleton) and particularly along a stretch from Summerville, Ridgeville, St George and Harleyville, South Carolina to Moncks Corner, South Carolina. A peak storm total rainfall of 22.02 inches was recorded by a CoCoRaHS observer approximately 6.6 miles southwest of Moncks Corner, South Carolina. A daily record rainfall of 4.71 inches was also set on August 6th at the Charleston International Airport (KCHS). Despite a large amount of rain and flash flooding, storm surge/coastal flooding did not lead to mentionable impacts locally. The highest water level at the Charleston (CHTS1) tide gauge was 1.06 ft MHHW during the evening of August 5th. No injuries or fatalities occurred with flash flooding/flooding.||Several rainbands associated with Debby brought 8 tornadoes (4 EF1 and 4 EF0) across coastal counties of Southeast South Carolina during the night of August 5th into early August 6th, causing damage to numerous trees and many structures. An EF1 tornado in Berkeley County caused 2 minor injuries when a car was flipped by the tornado. A total of 2 minor injuries and no fatalities occurred with tornadoes.  ||Tropical storm force winds/gusts produced scattered tree damage and communication/power outages across several counties. One minor injury occurred when a tree fell down on a vehicle in Beaufort County, South Carolina. Strongest winds were recorded across coastal areas and nearby coastal waters. The highest sustained tropical storm wind (39 knots) and highest tropical storm wind gust (55 knots) occurred at Folly Beach South End (XFSE), South Carolina. Across nearby coastal waters, the highest sustained tropical storm wind (44 knots) and highest tropical storm wind gust (51 knots) occurred at the Edisto Buoy (41004). A total of 1 minor injury and no fatalities occurred by tropical cyclone winds.",Law enforcement reported flood waters entering through the front door of a home along Broughton Circle.
SOUTH CAROLINA,45,2024,Flash Flood,0,0,0,0,0.00K,32.81,-80.016,"Debby first developed into a tropical storm about 100 miles west-southwest of Key West, Florida late afternoon on August 3rd, then gradually strengthened to a strong tropical storm while tracking north across the eastern Gulf of Mexico on August 4th. Debby then reached hurricane force strength late on August 4th about 100 miles west-northwest of Tampa, before continuing a north-northeast track across the eastern Gulf of Mexico and eventually making landfall near the Big Bend area of Florida as a Category 1 Hurricane during the morning of August 5th. Debby continued inland and weakened to a tropical storm while tracking northeast across northern Florida later on August 5th, then continued a gradual weakening trend while tracking across Southeast Georgia as a tropical storm (45 mph) before slowly emerging off the Southeast Coast at tropical storm strength (40 mph) near Tybee Island, Georgia on August 6th. Debby then tracked east and farther offshore early August 7th, then turned north and became a strong tropical storm (60 mph) over the Gulf Stream later that morning, before taking a more north-northwest track back toward the Southeast Coast and making landfall near Awendaw/Bulls Bay, South Carolina as a tropical storm (50 mph) around 2 AM on August 8th. A minimum surface pressure of 994 mb was recorded at Sullivan���s Island (XSLV), South Carolina prior to Debby making landfall. After landfall, Debby continued on a north-northwest track across South Carolina as a tropical storm into mid day August 8th, before weakening to a depression later that day and continuing a north path across North Carolina and Virginia into early August 9th. ||Across Southeast South Carolina, the main impacts associated with Debby included flash flooding due to widespread heavy rainfall, several nighttime tornadoes within rainbands and scattered tree damage associated with near tropical storm force winds.  ||Prolonged heavy rainfall across Southeast South Carolina brought widespread flash flooding on August 5th and 6th, additional areas of flash flooding on August 7th, 8th and 9th, along with considerable and prolonged flooding of creeks, streams and main stem rivers for several days thereafter. Numerous homes and roads were flooded, leading to rescues and/or evacuations. Storm total rainfall amounts from August 4th to August 9th generally ranged between 4 to 22 inches with highest amounts across the Quad County Area (Berkeley, Dorchester, Charleston, Colleton) and particularly along a stretch from Summerville, Ridgeville, St George and Harleyville, South Carolina to Moncks Corner, South Carolina. A peak storm total rainfall of 22.02 inches was recorded by a CoCoRaHS observer approximately 6.6 miles southwest of Moncks Corner, South Carolina. A daily record rainfall of 4.71 inches was also set on August 6th at the Charleston International Airport (KCHS). Despite a large amount of rain and flash flooding, storm surge/coastal flooding did not lead to mentionable impacts locally. The highest water level at the Charleston (CHTS1) tide gauge was 1.06 ft MHHW during the evening of August 5th. No injuries or fatalities occurred with flash flooding/flooding.||Several rainbands associated with Debby brought 8 tornadoes (4 EF1 and 4 EF0) across coastal counties of Southeast South Carolina during the night of August 5th into early August 6th, causing damage to numerous trees and many structures. An EF1 tornado in Berkeley County caused 2 minor injuries when a car was flipped by the tornado. A total of 2 minor injuries and no fatalities occurred with tornadoes.  ||Tropical storm force winds/gusts produced scattered tree damage and communication/power outages across several counties. One minor injury occurred when a tree fell down on a vehicle in Beaufort County, South Carolina. Strongest winds were recorded across coastal areas and nearby coastal waters. The highest sustained tropical storm wind (39 knots) and highest tropical storm wind gust (55 knots) occurred at Folly Beach South End (XFSE), South Carolina. Across nearby coastal waters, the highest sustained tropical storm wind (44 knots) and highest tropical storm wind gust (51 knots) occurred at the Edisto Buoy (41004). A total of 1 minor injury and no fatalities occurred by tropical cyclone winds.",A NWS employee reported water entering the back of several homes near Ashley Hall Road and St Julian Drive.
SOUTH CAROLINA,45,2024,Flash Flood,0,0,0,0,0.00K,32.8319,-80.0749,"Debby first developed into a tropical storm about 100 miles west-southwest of Key West, Florida late afternoon on August 3rd, then gradually strengthened to a strong tropical storm while tracking north across the eastern Gulf of Mexico on August 4th. Debby then reached hurricane force strength late on August 4th about 100 miles west-northwest of Tampa, before continuing a north-northeast track across the eastern Gulf of Mexico and eventually making landfall near the Big Bend area of Florida as a Category 1 Hurricane during the morning of August 5th. Debby continued inland and weakened to a tropical storm while tracking northeast across northern Florida later on August 5th, then continued a gradual weakening trend while tracking across Southeast Georgia as a tropical storm (45 mph) before slowly emerging off the Southeast Coast at tropical storm strength (40 mph) near Tybee Island, Georgia on August 6th. Debby then tracked east and farther offshore early August 7th, then turned north and became a strong tropical storm (60 mph) over the Gulf Stream later that morning, before taking a more north-northwest track back toward the Southeast Coast and making landfall near Awendaw/Bulls Bay, South Carolina as a tropical storm (50 mph) around 2 AM on August 8th. A minimum surface pressure of 994 mb was recorded at Sullivan���s Island (XSLV), South Carolina prior to Debby making landfall. After landfall, Debby continued on a north-northwest track across South Carolina as a tropical storm into mid day August 8th, before weakening to a depression later that day and continuing a north path across North Carolina and Virginia into early August 9th. ||Across Southeast South Carolina, the main impacts associated with Debby included flash flooding due to widespread heavy rainfall, several nighttime tornadoes within rainbands and scattered tree damage associated with near tropical storm force winds.  ||Prolonged heavy rainfall across Southeast South Carolina brought widespread flash flooding on August 5th and 6th, additional areas of flash flooding on August 7th, 8th and 9th, along with considerable and prolonged flooding of creeks, streams and main stem rivers for several days thereafter. Numerous homes and roads were flooded, leading to rescues and/or evacuations. Storm total rainfall amounts from August 4th to August 9th generally ranged between 4 to 22 inches with highest amounts across the Quad County Area (Berkeley, Dorchester, Charleston, Colleton) and particularly along a stretch from Summerville, Ridgeville, St George and Harleyville, South Carolina to Moncks Corner, South Carolina. A peak storm total rainfall of 22.02 inches was recorded by a CoCoRaHS observer approximately 6.6 miles southwest of Moncks Corner, South Carolina. A daily record rainfall of 4.71 inches was also set on August 6th at the Charleston International Airport (KCHS). Despite a large amount of rain and flash flooding, storm surge/coastal flooding did not lead to mentionable impacts locally. The highest water level at the Charleston (CHTS1) tide gauge was 1.06 ft MHHW during the evening of August 5th. No injuries or fatalities occurred with flash flooding/flooding.||Several rainbands associated with Debby brought 8 tornadoes (4 EF1 and 4 EF0) across coastal counties of Southeast South Carolina during the night of August 5th into early August 6th, causing damage to numerous trees and many structures. An EF1 tornado in Berkeley County caused 2 minor injuries when a car was flipped by the tornado. A total of 2 minor injuries and no fatalities occurred with tornadoes.  ||Tropical storm force winds/gusts produced scattered tree damage and communication/power outages across several counties. One minor injury occurred when a tree fell down on a vehicle in Beaufort County, South Carolina. Strongest winds were recorded across coastal areas and nearby coastal waters. The highest sustained tropical storm wind (39 knots) and highest tropical storm wind gust (55 knots) occurred at Folly Beach South End (XFSE), South Carolina. Across nearby coastal waters, the highest sustained tropical storm wind (44 knots) and highest tropical storm wind gust (51 knots) occurred at the Edisto Buoy (41004). A total of 1 minor injury and no fatalities occurred by tropical cyclone winds.","The water level on Church Creek near West Ashley was 6.51 ft and rising. Moderate flood stage is 6.5 ft. At 6.5 ft, water from the creek commonly impacts Crosstowne Church."
SOUTH CAROLINA,45,2024,Flash Flood,0,0,0,0,10.00K,32.81,-80.76,"Debby first developed into a tropical storm about 100 miles west-southwest of Key West, Florida late afternoon on August 3rd, then gradually strengthened to a strong tropical storm while tracking north across the eastern Gulf of Mexico on August 4th. Debby then reached hurricane force strength late on August 4th about 100 miles west-northwest of Tampa, before continuing a north-northeast track across the eastern Gulf of Mexico and eventually making landfall near the Big Bend area of Florida as a Category 1 Hurricane during the morning of August 5th. Debby continued inland and weakened to a tropical storm while tracking northeast across northern Florida later on August 5th, then continued a gradual weakening trend while tracking across Southeast Georgia as a tropical storm (45 mph) before slowly emerging off the Southeast Coast at tropical storm strength (40 mph) near Tybee Island, Georgia on August 6th. Debby then tracked east and farther offshore early August 7th, then turned north and became a strong tropical storm (60 mph) over the Gulf Stream later that morning, before taking a more north-northwest track back toward the Southeast Coast and making landfall near Awendaw/Bulls Bay, South Carolina as a tropical storm (50 mph) around 2 AM on August 8th. A minimum surface pressure of 994 mb was recorded at Sullivan���s Island (XSLV), South Carolina prior to Debby making landfall. After landfall, Debby continued on a north-northwest track across South Carolina as a tropical storm into mid day August 8th, before weakening to a depression later that day and continuing a north path across North Carolina and Virginia into early August 9th. ||Across Southeast South Carolina, the main impacts associated with Debby included flash flooding due to widespread heavy rainfall, several nighttime tornadoes within rainbands and scattered tree damage associated with near tropical storm force winds.  ||Prolonged heavy rainfall across Southeast South Carolina brought widespread flash flooding on August 5th and 6th, additional areas of flash flooding on August 7th, 8th and 9th, along with considerable and prolonged flooding of creeks, streams and main stem rivers for several days thereafter. Numerous homes and roads were flooded, leading to rescues and/or evacuations. Storm total rainfall amounts from August 4th to August 9th generally ranged between 4 to 22 inches with highest amounts across the Quad County Area (Berkeley, Dorchester, Charleston, Colleton) and particularly along a stretch from Summerville, Ridgeville, St George and Harleyville, South Carolina to Moncks Corner, South Carolina. A peak storm total rainfall of 22.02 inches was recorded by a CoCoRaHS observer approximately 6.6 miles southwest of Moncks Corner, South Carolina. A daily record rainfall of 4.71 inches was also set on August 6th at the Charleston International Airport (KCHS). Despite a large amount of rain and flash flooding, storm surge/coastal flooding did not lead to mentionable impacts locally. The highest water level at the Charleston (CHTS1) tide gauge was 1.06 ft MHHW during the evening of August 5th. No injuries or fatalities occurred with flash flooding/flooding.||Several rainbands associated with Debby brought 8 tornadoes (4 EF1 and 4 EF0) across coastal counties of Southeast South Carolina during the night of August 5th into early August 6th, causing damage to numerous trees and many structures. An EF1 tornado in Berkeley County caused 2 minor injuries when a car was flipped by the tornado. A total of 2 minor injuries and no fatalities occurred with tornadoes.  ||Tropical storm force winds/gusts produced scattered tree damage and communication/power outages across several counties. One minor injury occurred when a tree fell down on a vehicle in Beaufort County, South Carolina. Strongest winds were recorded across coastal areas and nearby coastal waters. The highest sustained tropical storm wind (39 knots) and highest tropical storm wind gust (55 knots) occurred at Folly Beach South End (XFSE), South Carolina. Across nearby coastal waters, the highest sustained tropical storm wind (44 knots) and highest tropical storm wind gust (51 knots) occurred at the Edisto Buoy (41004). A total of 1 minor injury and no fatalities occurred by tropical cyclone winds.",Law enforcement reported a portion of roadway damaged in the 2500 Block of Black Creek Road.
SOUTH CAROLINA,45,2024,Flash Flood,0,0,0,0,10.00K,32.81,-80.8,"Debby first developed into a tropical storm about 100 miles west-southwest of Key West, Florida late afternoon on August 3rd, then gradually strengthened to a strong tropical storm while tracking north across the eastern Gulf of Mexico on August 4th. Debby then reached hurricane force strength late on August 4th about 100 miles west-northwest of Tampa, before continuing a north-northeast track across the eastern Gulf of Mexico and eventually making landfall near the Big Bend area of Florida as a Category 1 Hurricane during the morning of August 5th. Debby continued inland and weakened to a tropical storm while tracking northeast across northern Florida later on August 5th, then continued a gradual weakening trend while tracking across Southeast Georgia as a tropical storm (45 mph) before slowly emerging off the Southeast Coast at tropical storm strength (40 mph) near Tybee Island, Georgia on August 6th. Debby then tracked east and farther offshore early August 7th, then turned north and became a strong tropical storm (60 mph) over the Gulf Stream later that morning, before taking a more north-northwest track back toward the Southeast Coast and making landfall near Awendaw/Bulls Bay, South Carolina as a tropical storm (50 mph) around 2 AM on August 8th. A minimum surface pressure of 994 mb was recorded at Sullivan���s Island (XSLV), South Carolina prior to Debby making landfall. After landfall, Debby continued on a north-northwest track across South Carolina as a tropical storm into mid day August 8th, before weakening to a depression later that day and continuing a north path across North Carolina and Virginia into early August 9th. ||Across Southeast South Carolina, the main impacts associated with Debby included flash flooding due to widespread heavy rainfall, several nighttime tornadoes within rainbands and scattered tree damage associated with near tropical storm force winds.  ||Prolonged heavy rainfall across Southeast South Carolina brought widespread flash flooding on August 5th and 6th, additional areas of flash flooding on August 7th, 8th and 9th, along with considerable and prolonged flooding of creeks, streams and main stem rivers for several days thereafter. Numerous homes and roads were flooded, leading to rescues and/or evacuations. Storm total rainfall amounts from August 4th to August 9th generally ranged between 4 to 22 inches with highest amounts across the Quad County Area (Berkeley, Dorchester, Charleston, Colleton) and particularly along a stretch from Summerville, Ridgeville, St George and Harleyville, South Carolina to Moncks Corner, South Carolina. A peak storm total rainfall of 22.02 inches was recorded by a CoCoRaHS observer approximately 6.6 miles southwest of Moncks Corner, South Carolina. A daily record rainfall of 4.71 inches was also set on August 6th at the Charleston International Airport (KCHS). Despite a large amount of rain and flash flooding, storm surge/coastal flooding did not lead to mentionable impacts locally. The highest water level at the Charleston (CHTS1) tide gauge was 1.06 ft MHHW during the evening of August 5th. No injuries or fatalities occurred with flash flooding/flooding.||Several rainbands associated with Debby brought 8 tornadoes (4 EF1 and 4 EF0) across coastal counties of Southeast South Carolina during the night of August 5th into early August 6th, causing damage to numerous trees and many structures. An EF1 tornado in Berkeley County caused 2 minor injuries when a car was flipped by the tornado. A total of 2 minor injuries and no fatalities occurred with tornadoes.  ||Tropical storm force winds/gusts produced scattered tree damage and communication/power outages across several counties. One minor injury occurred when a tree fell down on a vehicle in Beaufort County, South Carolina. Strongest winds were recorded across coastal areas and nearby coastal waters. The highest sustained tropical storm wind (39 knots) and highest tropical storm wind gust (55 knots) occurred at Folly Beach South End (XFSE), South Carolina. Across nearby coastal waters, the highest sustained tropical storm wind (44 knots) and highest tropical storm wind gust (51 knots) occurred at the Edisto Buoy (41004). A total of 1 minor injury and no fatalities occurred by tropical cyclone winds.",Law enforcement reported a portion of roadway damaged near the intersection of Black Creek Road and Edward Road.
SOUTH CAROLINA,45,2024,Flash Flood,0,0,0,0,0.00K,32.2396,-80.9096,"Debby first developed into a tropical storm about 100 miles west-southwest of Key West, Florida late afternoon on August 3rd, then gradually strengthened to a strong tropical storm while tracking north across the eastern Gulf of Mexico on August 4th. Debby then reached hurricane force strength late on August 4th about 100 miles west-northwest of Tampa, before continuing a north-northeast track across the eastern Gulf of Mexico and eventually making landfall near the Big Bend area of Florida as a Category 1 Hurricane during the morning of August 5th. Debby continued inland and weakened to a tropical storm while tracking northeast across northern Florida later on August 5th, then continued a gradual weakening trend while tracking across Southeast Georgia as a tropical storm (45 mph) before slowly emerging off the Southeast Coast at tropical storm strength (40 mph) near Tybee Island, Georgia on August 6th. Debby then tracked east and farther offshore early August 7th, then turned north and became a strong tropical storm (60 mph) over the Gulf Stream later that morning, before taking a more north-northwest track back toward the Southeast Coast and making landfall near Awendaw/Bulls Bay, South Carolina as a tropical storm (50 mph) around 2 AM on August 8th. A minimum surface pressure of 994 mb was recorded at Sullivan���s Island (XSLV), South Carolina prior to Debby making landfall. After landfall, Debby continued on a north-northwest track across South Carolina as a tropical storm into mid day August 8th, before weakening to a depression later that day and continuing a north path across North Carolina and Virginia into early August 9th. ||Across Southeast South Carolina, the main impacts associated with Debby included flash flooding due to widespread heavy rainfall, several nighttime tornadoes within rainbands and scattered tree damage associated with near tropical storm force winds.  ||Prolonged heavy rainfall across Southeast South Carolina brought widespread flash flooding on August 5th and 6th, additional areas of flash flooding on August 7th, 8th and 9th, along with considerable and prolonged flooding of creeks, streams and main stem rivers for several days thereafter. Numerous homes and roads were flooded, leading to rescues and/or evacuations. Storm total rainfall amounts from August 4th to August 9th generally ranged between 4 to 22 inches with highest amounts across the Quad County Area (Berkeley, Dorchester, Charleston, Colleton) and particularly along a stretch from Summerville, Ridgeville, St George and Harleyville, South Carolina to Moncks Corner, South Carolina. A peak storm total rainfall of 22.02 inches was recorded by a CoCoRaHS observer approximately 6.6 miles southwest of Moncks Corner, South Carolina. A daily record rainfall of 4.71 inches was also set on August 6th at the Charleston International Airport (KCHS). Despite a large amount of rain and flash flooding, storm surge/coastal flooding did not lead to mentionable impacts locally. The highest water level at the Charleston (CHTS1) tide gauge was 1.06 ft MHHW during the evening of August 5th. No injuries or fatalities occurred with flash flooding/flooding.||Several rainbands associated with Debby brought 8 tornadoes (4 EF1 and 4 EF0) across coastal counties of Southeast South Carolina during the night of August 5th into early August 6th, causing damage to numerous trees and many structures. An EF1 tornado in Berkeley County caused 2 minor injuries when a car was flipped by the tornado. A total of 2 minor injuries and no fatalities occurred with tornadoes.  ||Tropical storm force winds/gusts produced scattered tree damage and communication/power outages across several counties. One minor injury occurred when a tree fell down on a vehicle in Beaufort County, South Carolina. Strongest winds were recorded across coastal areas and nearby coastal waters. The highest sustained tropical storm wind (39 knots) and highest tropical storm wind gust (55 knots) occurred at Folly Beach South End (XFSE), South Carolina. Across nearby coastal waters, the highest sustained tropical storm wind (44 knots) and highest tropical storm wind gust (51 knots) occurred at the Edisto Buoy (41004). A total of 1 minor injury and no fatalities occurred by tropical cyclone winds.",Fire officials reported flood waters entered a home at the intersection of Farm Lake Drive and Cattle Run Way. Waters were also about to enter several homes nearby.
SOUTH CAROLINA,45,2024,Flash Flood,0,0,0,0,10.00K,32.6592,-80.5207,"Debby first developed into a tropical storm about 100 miles west-southwest of Key West, Florida late afternoon on August 3rd, then gradually strengthened to a strong tropical storm while tracking north across the eastern Gulf of Mexico on August 4th. Debby then reached hurricane force strength late on August 4th about 100 miles west-northwest of Tampa, before continuing a north-northeast track across the eastern Gulf of Mexico and eventually making landfall near the Big Bend area of Florida as a Category 1 Hurricane during the morning of August 5th. Debby continued inland and weakened to a tropical storm while tracking northeast across northern Florida later on August 5th, then continued a gradual weakening trend while tracking across Southeast Georgia as a tropical storm (45 mph) before slowly emerging off the Southeast Coast at tropical storm strength (40 mph) near Tybee Island, Georgia on August 6th. Debby then tracked east and farther offshore early August 7th, then turned north and became a strong tropical storm (60 mph) over the Gulf Stream later that morning, before taking a more north-northwest track back toward the Southeast Coast and making landfall near Awendaw/Bulls Bay, South Carolina as a tropical storm (50 mph) around 2 AM on August 8th. A minimum surface pressure of 994 mb was recorded at Sullivan���s Island (XSLV), South Carolina prior to Debby making landfall. After landfall, Debby continued on a north-northwest track across South Carolina as a tropical storm into mid day August 8th, before weakening to a depression later that day and continuing a north path across North Carolina and Virginia into early August 9th. ||Across Southeast South Carolina, the main impacts associated with Debby included flash flooding due to widespread heavy rainfall, several nighttime tornadoes within rainbands and scattered tree damage associated with near tropical storm force winds.  ||Prolonged heavy rainfall across Southeast South Carolina brought widespread flash flooding on August 5th and 6th, additional areas of flash flooding on August 7th, 8th and 9th, along with considerable and prolonged flooding of creeks, streams and main stem rivers for several days thereafter. Numerous homes and roads were flooded, leading to rescues and/or evacuations. Storm total rainfall amounts from August 4th to August 9th generally ranged between 4 to 22 inches with highest amounts across the Quad County Area (Berkeley, Dorchester, Charleston, Colleton) and particularly along a stretch from Summerville, Ridgeville, St George and Harleyville, South Carolina to Moncks Corner, South Carolina. A peak storm total rainfall of 22.02 inches was recorded by a CoCoRaHS observer approximately 6.6 miles southwest of Moncks Corner, South Carolina. A daily record rainfall of 4.71 inches was also set on August 6th at the Charleston International Airport (KCHS). Despite a large amount of rain and flash flooding, storm surge/coastal flooding did not lead to mentionable impacts locally. The highest water level at the Charleston (CHTS1) tide gauge was 1.06 ft MHHW during the evening of August 5th. No injuries or fatalities occurred with flash flooding/flooding.||Several rainbands associated with Debby brought 8 tornadoes (4 EF1 and 4 EF0) across coastal counties of Southeast South Carolina during the night of August 5th into early August 6th, causing damage to numerous trees and many structures. An EF1 tornado in Berkeley County caused 2 minor injuries when a car was flipped by the tornado. A total of 2 minor injuries and no fatalities occurred with tornadoes.  ||Tropical storm force winds/gusts produced scattered tree damage and communication/power outages across several counties. One minor injury occurred when a tree fell down on a vehicle in Beaufort County, South Carolina. Strongest winds were recorded across coastal areas and nearby coastal waters. The highest sustained tropical storm wind (39 knots) and highest tropical storm wind gust (55 knots) occurred at Folly Beach South End (XFSE), South Carolina. Across nearby coastal waters, the highest sustained tropical storm wind (44 knots) and highest tropical storm wind gust (51 knots) occurred at the Edisto Buoy (41004). A total of 1 minor injury and no fatalities occurred by tropical cyclone winds.",Law enforcement reported a portion of roadway damaged in the 8300 Block of Bennetts Point Road.
SOUTH CAROLINA,45,2024,Flash Flood,0,0,0,0,0.00K,33.1955,-80.0254,"Debby first developed into a tropical storm about 100 miles west-southwest of Key West, Florida late afternoon on August 3rd, then gradually strengthened to a strong tropical storm while tracking north across the eastern Gulf of Mexico on August 4th. Debby then reached hurricane force strength late on August 4th about 100 miles west-northwest of Tampa, before continuing a north-northeast track across the eastern Gulf of Mexico and eventually making landfall near the Big Bend area of Florida as a Category 1 Hurricane during the morning of August 5th. Debby continued inland and weakened to a tropical storm while tracking northeast across northern Florida later on August 5th, then continued a gradual weakening trend while tracking across Southeast Georgia as a tropical storm (45 mph) before slowly emerging off the Southeast Coast at tropical storm strength (40 mph) near Tybee Island, Georgia on August 6th. Debby then tracked east and farther offshore early August 7th, then turned north and became a strong tropical storm (60 mph) over the Gulf Stream later that morning, before taking a more north-northwest track back toward the Southeast Coast and making landfall near Awendaw/Bulls Bay, South Carolina as a tropical storm (50 mph) around 2 AM on August 8th. A minimum surface pressure of 994 mb was recorded at Sullivan���s Island (XSLV), South Carolina prior to Debby making landfall. After landfall, Debby continued on a north-northwest track across South Carolina as a tropical storm into mid day August 8th, before weakening to a depression later that day and continuing a north path across North Carolina and Virginia into early August 9th. ||Across Southeast South Carolina, the main impacts associated with Debby included flash flooding due to widespread heavy rainfall, several nighttime tornadoes within rainbands and scattered tree damage associated with near tropical storm force winds.  ||Prolonged heavy rainfall across Southeast South Carolina brought widespread flash flooding on August 5th and 6th, additional areas of flash flooding on August 7th, 8th and 9th, along with considerable and prolonged flooding of creeks, streams and main stem rivers for several days thereafter. Numerous homes and roads were flooded, leading to rescues and/or evacuations. Storm total rainfall amounts from August 4th to August 9th generally ranged between 4 to 22 inches with highest amounts across the Quad County Area (Berkeley, Dorchester, Charleston, Colleton) and particularly along a stretch from Summerville, Ridgeville, St George and Harleyville, South Carolina to Moncks Corner, South Carolina. A peak storm total rainfall of 22.02 inches was recorded by a CoCoRaHS observer approximately 6.6 miles southwest of Moncks Corner, South Carolina. A daily record rainfall of 4.71 inches was also set on August 6th at the Charleston International Airport (KCHS). Despite a large amount of rain and flash flooding, storm surge/coastal flooding did not lead to mentionable impacts locally. The highest water level at the Charleston (CHTS1) tide gauge was 1.06 ft MHHW during the evening of August 5th. No injuries or fatalities occurred with flash flooding/flooding.||Several rainbands associated with Debby brought 8 tornadoes (4 EF1 and 4 EF0) across coastal counties of Southeast South Carolina during the night of August 5th into early August 6th, causing damage to numerous trees and many structures. An EF1 tornado in Berkeley County caused 2 minor injuries when a car was flipped by the tornado. A total of 2 minor injuries and no fatalities occurred with tornadoes.  ||Tropical storm force winds/gusts produced scattered tree damage and communication/power outages across several counties. One minor injury occurred when a tree fell down on a vehicle in Beaufort County, South Carolina. Strongest winds were recorded across coastal areas and nearby coastal waters. The highest sustained tropical storm wind (39 knots) and highest tropical storm wind gust (55 knots) occurred at Folly Beach South End (XFSE), South Carolina. Across nearby coastal waters, the highest sustained tropical storm wind (44 knots) and highest tropical storm wind gust (51 knots) occurred at the Edisto Buoy (41004). A total of 1 minor injury and no fatalities occurred by tropical cyclone winds.",A Berkeley County emergency manager reported a tree blocking the Haynesville Road due to flash flooding.
SOUTH CAROLINA,45,2024,Tornado,0,0,0,0,NA,32.4393,-80.6085,"Debby first developed into a tropical storm about 100 miles west-southwest of Key West, Florida late afternoon on August 3rd, then gradually strengthened to a strong tropical storm while tracking north across the eastern Gulf of Mexico on August 4th. Debby then reached hurricane force strength late on August 4th about 100 miles west-northwest of Tampa, before continuing a north-northeast track across the eastern Gulf of Mexico and eventually making landfall near the Big Bend area of Florida as a Category 1 Hurricane during the morning of August 5th. Debby continued inland and weakened to a tropical storm while tracking northeast across northern Florida later on August 5th, then continued a gradual weakening trend while tracking across Southeast Georgia as a tropical storm (45 mph) before slowly emerging off the Southeast Coast at tropical storm strength (40 mph) near Tybee Island, Georgia on August 6th. Debby then tracked east and farther offshore early August 7th, then turned north and became a strong tropical storm (60 mph) over the Gulf Stream later that morning, before taking a more north-northwest track back toward the Southeast Coast and making landfall near Awendaw/Bulls Bay, South Carolina as a tropical storm (50 mph) around 2 AM on August 8th. A minimum surface pressure of 994 mb was recorded at Sullivan���s Island (XSLV), South Carolina prior to Debby making landfall. After landfall, Debby continued on a north-northwest track across South Carolina as a tropical storm into mid day August 8th, before weakening to a depression later that day and continuing a north path across North Carolina and Virginia into early August 9th. ||Across Southeast South Carolina, the main impacts associated with Debby included flash flooding due to widespread heavy rainfall, several nighttime tornadoes within rainbands and scattered tree damage associated with near tropical storm force winds.  ||Prolonged heavy rainfall across Southeast South Carolina brought widespread flash flooding on August 5th and 6th, additional areas of flash flooding on August 7th, 8th and 9th, along with considerable and prolonged flooding of creeks, streams and main stem rivers for several days thereafter. Numerous homes and roads were flooded, leading to rescues and/or evacuations. Storm total rainfall amounts from August 4th to August 9th generally ranged between 4 to 22 inches with highest amounts across the Quad County Area (Berkeley, Dorchester, Charleston, Colleton) and particularly along a stretch from Summerville, Ridgeville, St George and Harleyville, South Carolina to Moncks Corner, South Carolina. A peak storm total rainfall of 22.02 inches was recorded by a CoCoRaHS observer approximately 6.6 miles southwest of Moncks Corner, South Carolina. A daily record rainfall of 4.71 inches was also set on August 6th at the Charleston International Airport (KCHS). Despite a large amount of rain and flash flooding, storm surge/coastal flooding did not lead to mentionable impacts locally. The highest water level at the Charleston (CHTS1) tide gauge was 1.06 ft MHHW during the evening of August 5th. No injuries or fatalities occurred with flash flooding/flooding.||Several rainbands associated with Debby brought 8 tornadoes (4 EF1 and 4 EF0) across coastal counties of Southeast South Carolina during the night of August 5th into early August 6th, causing damage to numerous trees and many structures. An EF1 tornado in Berkeley County caused 2 minor injuries when a car was flipped by the tornado. A total of 2 minor injuries and no fatalities occurred with tornadoes.  ||Tropical storm force winds/gusts produced scattered tree damage and communication/power outages across several counties. One minor injury occurred when a tree fell down on a vehicle in Beaufort County, South Carolina. Strongest winds were recorded across coastal areas and nearby coastal waters. The highest sustained tropical storm wind (39 knots) and highest tropical storm wind gust (55 knots) occurred at Folly Beach South End (XFSE), South Carolina. Across nearby coastal waters, the highest sustained tropical storm wind (44 knots) and highest tropical storm wind gust (51 knots) occurred at the Edisto Buoy (41004). A total of 1 minor injury and no fatalities occurred by tropical cyclone winds.","A National Weather Service Storm Survey Team confirmed an EF0 tornado with an estimated maximum wind speed of 85 mph in Lady's Island, South Carolina occurring from 1153 PM to 1156 PM EST.||The short-lived tornado developed in an outer rainband of Tropical Storm Debby over Point Creek, just southeast of Lady's Island. The tornado moved rapidly northwest across a marshy region of the island, snapping several small trees  in an uninhabited area when it reached Holly Hall Road. The tornado then continued northwest across the marsh region of Rock Springs Creek and to the 500 Block of Sams Point Road, where it snapped several more trees. The tornado then continued on a northwest path and quickly dissipated just south of Wade Hampton Drive."
SOUTH CAROLINA,45,2024,Thunderstorm Wind,0,0,0,0,1.50K,33.13,-80.4,"Strong instability, moderate levels of downdraft CAPE, ample bulk shear and a passing mid-level shortwave led to an environment supportive of strong/severe thunderstorms upstream, before activity entered Southeast South Carolina with a cold front during evening hours.",A Dorchester County emergency manager reported and few large branches and 1 tree down blocking the roadway in the 200 Block of Salem Road.
SOUTH CAROLINA,45,2024,Thunderstorm Wind,0,0,0,0,NA,33,-80.65,"High levels of instability associated with strong heating, moderate levels of downdraft CAPE and outflow boundaries from previous thunderstorms led to an environment supportive of severe thunderstorms capable of producing damaging winds.",Law enforcement reported a tree down and blocking both lanes in the 3500 Block of Pleasant Grove Road.
SOUTH CAROLINA,45,2024,Thunderstorm Wind,0,0,0,0,1.00K,32.9,-80.65,"High levels of instability associated with strong heating, moderate levels of downdraft CAPE and outflow boundaries from previous thunderstorms led to an environment supportive of severe thunderstorms capable of producing damaging winds.",Law enforcement reported a tree down and blocking both lanes in the 100 Block of Bailey Street.
SOUTH CAROLINA,45,2024,Thunderstorm Wind,0,0,0,0,1.00K,33.03,-80.96,"High levels of instability associated with strong heating, moderate levels of downdraft CAPE and outflow boundaries from previous thunderstorms led to an environment supportive of severe thunderstorms capable of producing damaging winds.",Law enforcement reported a tree down and blocking one lane near the intersection of Gabriel Drive and Confederate Highway.
SOUTH CAROLINA,45,2024,Flash Flood,0,0,0,0,10.00K,32.91,-80.84,"Debby first developed into a tropical storm about 100 miles west-southwest of Key West, Florida late afternoon on August 3rd, then gradually strengthened to a strong tropical storm while tracking north across the eastern Gulf of Mexico on August 4th. Debby then reached hurricane force strength late on August 4th about 100 miles west-northwest of Tampa, before continuing a north-northeast track across the eastern Gulf of Mexico and eventually making landfall near the Big Bend area of Florida as a Category 1 Hurricane during the morning of August 5th. Debby continued inland and weakened to a tropical storm while tracking northeast across northern Florida later on August 5th, then continued a gradual weakening trend while tracking across Southeast Georgia as a tropical storm (45 mph) before slowly emerging off the Southeast Coast at tropical storm strength (40 mph) near Tybee Island, Georgia on August 6th. Debby then tracked east and farther offshore early August 7th, then turned north and became a strong tropical storm (60 mph) over the Gulf Stream later that morning, before taking a more north-northwest track back toward the Southeast Coast and making landfall near Awendaw/Bulls Bay, South Carolina as a tropical storm (50 mph) around 2 AM on August 8th. A minimum surface pressure of 994 mb was recorded at Sullivan���s Island (XSLV), South Carolina prior to Debby making landfall. After landfall, Debby continued on a north-northwest track across South Carolina as a tropical storm into mid day August 8th, before weakening to a depression later that day and continuing a north path across North Carolina and Virginia into early August 9th. ||Across Southeast South Carolina, the main impacts associated with Debby included flash flooding due to widespread heavy rainfall, several nighttime tornadoes within rainbands and scattered tree damage associated with near tropical storm force winds.  ||Prolonged heavy rainfall across Southeast South Carolina brought widespread flash flooding on August 5th and 6th, additional areas of flash flooding on August 7th, 8th and 9th, along with considerable and prolonged flooding of creeks, streams and main stem rivers for several days thereafter. Numerous homes and roads were flooded, leading to rescues and/or evacuations. Storm total rainfall amounts from August 4th to August 9th generally ranged between 4 to 22 inches with highest amounts across the Quad County Area (Berkeley, Dorchester, Charleston, Colleton) and particularly along a stretch from Summerville, Ridgeville, St George and Harleyville, South Carolina to Moncks Corner, South Carolina. A peak storm total rainfall of 22.02 inches was recorded by a CoCoRaHS observer approximately 6.6 miles southwest of Moncks Corner, South Carolina. A daily record rainfall of 4.71 inches was also set on August 6th at the Charleston International Airport (KCHS). Despite a large amount of rain and flash flooding, storm surge/coastal flooding did not lead to mentionable impacts locally. The highest water level at the Charleston (CHTS1) tide gauge was 1.06 ft MHHW during the evening of August 5th. No injuries or fatalities occurred with flash flooding/flooding.||Several rainbands associated with Debby brought 8 tornadoes (4 EF1 and 4 EF0) across coastal counties of Southeast South Carolina during the night of August 5th into early August 6th, causing damage to numerous trees and many structures. An EF1 tornado in Berkeley County caused 2 minor injuries when a car was flipped by the tornado. A total of 2 minor injuries and no fatalities occurred with tornadoes.  ||Tropical storm force winds/gusts produced scattered tree damage and communication/power outages across several counties. One minor injury occurred when a tree fell down on a vehicle in Beaufort County, South Carolina. Strongest winds were recorded across coastal areas and nearby coastal waters. The highest sustained tropical storm wind (39 knots) and highest tropical storm wind gust (55 knots) occurred at Folly Beach South End (XFSE), South Carolina. Across nearby coastal waters, the highest sustained tropical storm wind (44 knots) and highest tropical storm wind gust (51 knots) occurred at the Edisto Buoy (41004). A total of 1 minor injury and no fatalities occurred by tropical cyclone winds.",Law enforcement reported a portion of roadway damaged in the 600 Block of Cedar Creek Road.
SOUTH CAROLINA,45,2024,Flash Flood,0,0,0,0,10.00K,32.9667,-80.4265,"Debby first developed into a tropical storm about 100 miles west-southwest of Key West, Florida late afternoon on August 3rd, then gradually strengthened to a strong tropical storm while tracking north across the eastern Gulf of Mexico on August 4th. Debby then reached hurricane force strength late on August 4th about 100 miles west-northwest of Tampa, before continuing a north-northeast track across the eastern Gulf of Mexico and eventually making landfall near the Big Bend area of Florida as a Category 1 Hurricane during the morning of August 5th. Debby continued inland and weakened to a tropical storm while tracking northeast across northern Florida later on August 5th, then continued a gradual weakening trend while tracking across Southeast Georgia as a tropical storm (45 mph) before slowly emerging off the Southeast Coast at tropical storm strength (40 mph) near Tybee Island, Georgia on August 6th. Debby then tracked east and farther offshore early August 7th, then turned north and became a strong tropical storm (60 mph) over the Gulf Stream later that morning, before taking a more north-northwest track back toward the Southeast Coast and making landfall near Awendaw/Bulls Bay, South Carolina as a tropical storm (50 mph) around 2 AM on August 8th. A minimum surface pressure of 994 mb was recorded at Sullivan���s Island (XSLV), South Carolina prior to Debby making landfall. After landfall, Debby continued on a north-northwest track across South Carolina as a tropical storm into mid day August 8th, before weakening to a depression later that day and continuing a north path across North Carolina and Virginia into early August 9th. ||Across Southeast South Carolina, the main impacts associated with Debby included flash flooding due to widespread heavy rainfall, several nighttime tornadoes within rainbands and scattered tree damage associated with near tropical storm force winds.  ||Prolonged heavy rainfall across Southeast South Carolina brought widespread flash flooding on August 5th and 6th, additional areas of flash flooding on August 7th, 8th and 9th, along with considerable and prolonged flooding of creeks, streams and main stem rivers for several days thereafter. Numerous homes and roads were flooded, leading to rescues and/or evacuations. Storm total rainfall amounts from August 4th to August 9th generally ranged between 4 to 22 inches with highest amounts across the Quad County Area (Berkeley, Dorchester, Charleston, Colleton) and particularly along a stretch from Summerville, Ridgeville, St George and Harleyville, South Carolina to Moncks Corner, South Carolina. A peak storm total rainfall of 22.02 inches was recorded by a CoCoRaHS observer approximately 6.6 miles southwest of Moncks Corner, South Carolina. A daily record rainfall of 4.71 inches was also set on August 6th at the Charleston International Airport (KCHS). Despite a large amount of rain and flash flooding, storm surge/coastal flooding did not lead to mentionable impacts locally. The highest water level at the Charleston (CHTS1) tide gauge was 1.06 ft MHHW during the evening of August 5th. No injuries or fatalities occurred with flash flooding/flooding.||Several rainbands associated with Debby brought 8 tornadoes (4 EF1 and 4 EF0) across coastal counties of Southeast South Carolina during the night of August 5th into early August 6th, causing damage to numerous trees and many structures. An EF1 tornado in Berkeley County caused 2 minor injuries when a car was flipped by the tornado. A total of 2 minor injuries and no fatalities occurred with tornadoes.  ||Tropical storm force winds/gusts produced scattered tree damage and communication/power outages across several counties. One minor injury occurred when a tree fell down on a vehicle in Beaufort County, South Carolina. Strongest winds were recorded across coastal areas and nearby coastal waters. The highest sustained tropical storm wind (39 knots) and highest tropical storm wind gust (55 knots) occurred at Folly Beach South End (XFSE), South Carolina. Across nearby coastal waters, the highest sustained tropical storm wind (44 knots) and highest tropical storm wind gust (51 knots) occurred at the Edisto Buoy (41004). A total of 1 minor injury and no fatalities occurred by tropical cyclone winds.",Law enforcement reported a portion of roadway damaged in the 100 Block of Good Hope Landing Lane.
SOUTH CAROLINA,45,2024,Flash Flood,0,0,0,0,0.00K,33.0115,-80.0907,"Debby first developed into a tropical storm about 100 miles west-southwest of Key West, Florida late afternoon on August 3rd, then gradually strengthened to a strong tropical storm while tracking north across the eastern Gulf of Mexico on August 4th. Debby then reached hurricane force strength late on August 4th about 100 miles west-northwest of Tampa, before continuing a north-northeast track across the eastern Gulf of Mexico and eventually making landfall near the Big Bend area of Florida as a Category 1 Hurricane during the morning of August 5th. Debby continued inland and weakened to a tropical storm while tracking northeast across northern Florida later on August 5th, then continued a gradual weakening trend while tracking across Southeast Georgia as a tropical storm (45 mph) before slowly emerging off the Southeast Coast at tropical storm strength (40 mph) near Tybee Island, Georgia on August 6th. Debby then tracked east and farther offshore early August 7th, then turned north and became a strong tropical storm (60 mph) over the Gulf Stream later that morning, before taking a more north-northwest track back toward the Southeast Coast and making landfall near Awendaw/Bulls Bay, South Carolina as a tropical storm (50 mph) around 2 AM on August 8th. A minimum surface pressure of 994 mb was recorded at Sullivan���s Island (XSLV), South Carolina prior to Debby making landfall. After landfall, Debby continued on a north-northwest track across South Carolina as a tropical storm into mid day August 8th, before weakening to a depression later that day and continuing a north path across North Carolina and Virginia into early August 9th. ||Across Southeast South Carolina, the main impacts associated with Debby included flash flooding due to widespread heavy rainfall, several nighttime tornadoes within rainbands and scattered tree damage associated with near tropical storm force winds.  ||Prolonged heavy rainfall across Southeast South Carolina brought widespread flash flooding on August 5th and 6th, additional areas of flash flooding on August 7th, 8th and 9th, along with considerable and prolonged flooding of creeks, streams and main stem rivers for several days thereafter. Numerous homes and roads were flooded, leading to rescues and/or evacuations. Storm total rainfall amounts from August 4th to August 9th generally ranged between 4 to 22 inches with highest amounts across the Quad County Area (Berkeley, Dorchester, Charleston, Colleton) and particularly along a stretch from Summerville, Ridgeville, St George and Harleyville, South Carolina to Moncks Corner, South Carolina. A peak storm total rainfall of 22.02 inches was recorded by a CoCoRaHS observer approximately 6.6 miles southwest of Moncks Corner, South Carolina. A daily record rainfall of 4.71 inches was also set on August 6th at the Charleston International Airport (KCHS). Despite a large amount of rain and flash flooding, storm surge/coastal flooding did not lead to mentionable impacts locally. The highest water level at the Charleston (CHTS1) tide gauge was 1.06 ft MHHW during the evening of August 5th. No injuries or fatalities occurred with flash flooding/flooding.||Several rainbands associated with Debby brought 8 tornadoes (4 EF1 and 4 EF0) across coastal counties of Southeast South Carolina during the night of August 5th into early August 6th, causing damage to numerous trees and many structures. An EF1 tornado in Berkeley County caused 2 minor injuries when a car was flipped by the tornado. A total of 2 minor injuries and no fatalities occurred with tornadoes.  ||Tropical storm force winds/gusts produced scattered tree damage and communication/power outages across several counties. One minor injury occurred when a tree fell down on a vehicle in Beaufort County, South Carolina. Strongest winds were recorded across coastal areas and nearby coastal waters. The highest sustained tropical storm wind (39 knots) and highest tropical storm wind gust (55 knots) occurred at Folly Beach South End (XFSE), South Carolina. Across nearby coastal waters, the highest sustained tropical storm wind (44 knots) and highest tropical storm wind gust (51 knots) occurred at the Edisto Buoy (41004). A total of 1 minor injury and no fatalities occurred by tropical cyclone winds.",The public reported flowing water entering buildings near the intersection of Furman Lane and Oxford Road.
SOUTH CAROLINA,45,2024,Flash Flood,0,0,0,0,0.00K,32.826,-79.9668,"Debby first developed into a tropical storm about 100 miles west-southwest of Key West, Florida late afternoon on August 3rd, then gradually strengthened to a strong tropical storm while tracking north across the eastern Gulf of Mexico on August 4th. Debby then reached hurricane force strength late on August 4th about 100 miles west-northwest of Tampa, before continuing a north-northeast track across the eastern Gulf of Mexico and eventually making landfall near the Big Bend area of Florida as a Category 1 Hurricane during the morning of August 5th. Debby continued inland and weakened to a tropical storm while tracking northeast across northern Florida later on August 5th, then continued a gradual weakening trend while tracking across Southeast Georgia as a tropical storm (45 mph) before slowly emerging off the Southeast Coast at tropical storm strength (40 mph) near Tybee Island, Georgia on August 6th. Debby then tracked east and farther offshore early August 7th, then turned north and became a strong tropical storm (60 mph) over the Gulf Stream later that morning, before taking a more north-northwest track back toward the Southeast Coast and making landfall near Awendaw/Bulls Bay, South Carolina as a tropical storm (50 mph) around 2 AM on August 8th. A minimum surface pressure of 994 mb was recorded at Sullivan���s Island (XSLV), South Carolina prior to Debby making landfall. After landfall, Debby continued on a north-northwest track across South Carolina as a tropical storm into mid day August 8th, before weakening to a depression later that day and continuing a north path across North Carolina and Virginia into early August 9th. ||Across Southeast South Carolina, the main impacts associated with Debby included flash flooding due to widespread heavy rainfall, several nighttime tornadoes within rainbands and scattered tree damage associated with near tropical storm force winds.  ||Prolonged heavy rainfall across Southeast South Carolina brought widespread flash flooding on August 5th and 6th, additional areas of flash flooding on August 7th, 8th and 9th, along with considerable and prolonged flooding of creeks, streams and main stem rivers for several days thereafter. Numerous homes and roads were flooded, leading to rescues and/or evacuations. Storm total rainfall amounts from August 4th to August 9th generally ranged between 4 to 22 inches with highest amounts across the Quad County Area (Berkeley, Dorchester, Charleston, Colleton) and particularly along a stretch from Summerville, Ridgeville, St George and Harleyville, South Carolina to Moncks Corner, South Carolina. A peak storm total rainfall of 22.02 inches was recorded by a CoCoRaHS observer approximately 6.6 miles southwest of Moncks Corner, South Carolina. A daily record rainfall of 4.71 inches was also set on August 6th at the Charleston International Airport (KCHS). Despite a large amount of rain and flash flooding, storm surge/coastal flooding did not lead to mentionable impacts locally. The highest water level at the Charleston (CHTS1) tide gauge was 1.06 ft MHHW during the evening of August 5th. No injuries or fatalities occurred with flash flooding/flooding.||Several rainbands associated with Debby brought 8 tornadoes (4 EF1 and 4 EF0) across coastal counties of Southeast South Carolina during the night of August 5th into early August 6th, causing damage to numerous trees and many structures. An EF1 tornado in Berkeley County caused 2 minor injuries when a car was flipped by the tornado. A total of 2 minor injuries and no fatalities occurred with tornadoes.  ||Tropical storm force winds/gusts produced scattered tree damage and communication/power outages across several counties. One minor injury occurred when a tree fell down on a vehicle in Beaufort County, South Carolina. Strongest winds were recorded across coastal areas and nearby coastal waters. The highest sustained tropical storm wind (39 knots) and highest tropical storm wind gust (55 knots) occurred at Folly Beach South End (XFSE), South Carolina. Across nearby coastal waters, the highest sustained tropical storm wind (44 knots) and highest tropical storm wind gust (51 knots) occurred at the Edisto Buoy (41004). A total of 1 minor injury and no fatalities occurred by tropical cyclone winds.",The City of Charleston reported over 60 roads closed across the city due to flooding. The City of Charleston web page indicated that all primary access points to the Charleston Peninsula were closed to incoming traffic due to widespread flooding.
SOUTH CAROLINA,45,2024,Tornado,0,0,0,0,NA,32.3736,-80.5253,"Debby first developed into a tropical storm about 100 miles west-southwest of Key West, Florida late afternoon on August 3rd, then gradually strengthened to a strong tropical storm while tracking north across the eastern Gulf of Mexico on August 4th. Debby then reached hurricane force strength late on August 4th about 100 miles west-northwest of Tampa, before continuing a north-northeast track across the eastern Gulf of Mexico and eventually making landfall near the Big Bend area of Florida as a Category 1 Hurricane during the morning of August 5th. Debby continued inland and weakened to a tropical storm while tracking northeast across northern Florida later on August 5th, then continued a gradual weakening trend while tracking across Southeast Georgia as a tropical storm (45 mph) before slowly emerging off the Southeast Coast at tropical storm strength (40 mph) near Tybee Island, Georgia on August 6th. Debby then tracked east and farther offshore early August 7th, then turned north and became a strong tropical storm (60 mph) over the Gulf Stream later that morning, before taking a more north-northwest track back toward the Southeast Coast and making landfall near Awendaw/Bulls Bay, South Carolina as a tropical storm (50 mph) around 2 AM on August 8th. A minimum surface pressure of 994 mb was recorded at Sullivan���s Island (XSLV), South Carolina prior to Debby making landfall. After landfall, Debby continued on a north-northwest track across South Carolina as a tropical storm into mid day August 8th, before weakening to a depression later that day and continuing a north path across North Carolina and Virginia into early August 9th. ||Across Southeast South Carolina, the main impacts associated with Debby included flash flooding due to widespread heavy rainfall, several nighttime tornadoes within rainbands and scattered tree damage associated with near tropical storm force winds.  ||Prolonged heavy rainfall across Southeast South Carolina brought widespread flash flooding on August 5th and 6th, additional areas of flash flooding on August 7th, 8th and 9th, along with considerable and prolonged flooding of creeks, streams and main stem rivers for several days thereafter. Numerous homes and roads were flooded, leading to rescues and/or evacuations. Storm total rainfall amounts from August 4th to August 9th generally ranged between 4 to 22 inches with highest amounts across the Quad County Area (Berkeley, Dorchester, Charleston, Colleton) and particularly along a stretch from Summerville, Ridgeville, St George and Harleyville, South Carolina to Moncks Corner, South Carolina. A peak storm total rainfall of 22.02 inches was recorded by a CoCoRaHS observer approximately 6.6 miles southwest of Moncks Corner, South Carolina. A daily record rainfall of 4.71 inches was also set on August 6th at the Charleston International Airport (KCHS). Despite a large amount of rain and flash flooding, storm surge/coastal flooding did not lead to mentionable impacts locally. The highest water level at the Charleston (CHTS1) tide gauge was 1.06 ft MHHW during the evening of August 5th. No injuries or fatalities occurred with flash flooding/flooding.||Several rainbands associated with Debby brought 8 tornadoes (4 EF1 and 4 EF0) across coastal counties of Southeast South Carolina during the night of August 5th into early August 6th, causing damage to numerous trees and many structures. An EF1 tornado in Berkeley County caused 2 minor injuries when a car was flipped by the tornado. A total of 2 minor injuries and no fatalities occurred with tornadoes.  ||Tropical storm force winds/gusts produced scattered tree damage and communication/power outages across several counties. One minor injury occurred when a tree fell down on a vehicle in Beaufort County, South Carolina. Strongest winds were recorded across coastal areas and nearby coastal waters. The highest sustained tropical storm wind (39 knots) and highest tropical storm wind gust (55 knots) occurred at Folly Beach South End (XFSE), South Carolina. Across nearby coastal waters, the highest sustained tropical storm wind (44 knots) and highest tropical storm wind gust (51 knots) occurred at the Edisto Buoy (41004). A total of 1 minor injury and no fatalities occurred by tropical cyclone winds.","A National Weather Service Storm Survey Team confirmed an EF0 tornado with an estimated maximum wind speed of 74 mph in Saint Helena Island, South Carolina occurring from 1141 PM to 1143 PM EST. ||The weak and very short-lived tornado, which was associated with an outer rainband of Tropical Storm Debby, touched down over the marsh region of the Harbor River, just south of 1st Coleman Road. Radar data was used to estimate the beginning of the tornado path over the remote marsh region south of 1st Coleman Road. The first detectable damage was a small uprooted tree and a few snapped tree limbs near the southern end of 1st Coleman Road, where it borders the marsh region of the Harbor River. The tornado then moved rapidly northwest, generally along the southern and western side of 1st Coleman Road where it snapped several tree limbs and small trees, broke a flag pole at the base and caused minor damage to the metal skirt at the base of one mobile home. The tornado then continued briefly to the northwest where it ended in a heavily wooded area just southwest of the intersection of Seaside Road and 1st Coleman Road."
SOUTH CAROLINA,45,2024,Flood,0,0,0,0,0.00K,33.0285,-79.8541,"Debby first developed into a tropical storm about 100 miles west-southwest of Key West, Florida late afternoon on August 3rd, then gradually strengthened to a strong tropical storm while tracking north across the eastern Gulf of Mexico on August 4th. Debby then reached hurricane force strength late on August 4th about 100 miles west-northwest of Tampa, before continuing a north-northeast track across the eastern Gulf of Mexico and eventually making landfall near the Big Bend area of Florida as a Category 1 Hurricane during the morning of August 5th. Debby continued inland and weakened to a tropical storm while tracking northeast across northern Florida later on August 5th, then continued a gradual weakening trend while tracking across Southeast Georgia as a tropical storm (45 mph) before slowly emerging off the Southeast Coast at tropical storm strength (40 mph) near Tybee Island, Georgia on August 6th. Debby then tracked east and farther offshore early August 7th, then turned north and became a strong tropical storm (60 mph) over the Gulf Stream later that morning, before taking a more north-northwest track back toward the Southeast Coast and making landfall near Awendaw/Bulls Bay, South Carolina as a tropical storm (50 mph) around 2 AM on August 8th. A minimum surface pressure of 994 mb was recorded at Sullivan���s Island (XSLV), South Carolina prior to Debby making landfall. After landfall, Debby continued on a north-northwest track across South Carolina as a tropical storm into mid day August 8th, before weakening to a depression later that day and continuing a north path across North Carolina and Virginia into early August 9th. ||Across Southeast South Carolina, the main impacts associated with Debby included flash flooding due to widespread heavy rainfall, several nighttime tornadoes within rainbands and scattered tree damage associated with near tropical storm force winds.  ||Prolonged heavy rainfall across Southeast South Carolina brought widespread flash flooding on August 5th and 6th, additional areas of flash flooding on August 7th, 8th and 9th, along with considerable and prolonged flooding of creeks, streams and main stem rivers for several days thereafter. Numerous homes and roads were flooded, leading to rescues and/or evacuations. Storm total rainfall amounts from August 4th to August 9th generally ranged between 4 to 22 inches with highest amounts across the Quad County Area (Berkeley, Dorchester, Charleston, Colleton) and particularly along a stretch from Summerville, Ridgeville, St George and Harleyville, South Carolina to Moncks Corner, South Carolina. A peak storm total rainfall of 22.02 inches was recorded by a CoCoRaHS observer approximately 6.6 miles southwest of Moncks Corner, South Carolina. A daily record rainfall of 4.71 inches was also set on August 6th at the Charleston International Airport (KCHS). Despite a large amount of rain and flash flooding, storm surge/coastal flooding did not lead to mentionable impacts locally. The highest water level at the Charleston (CHTS1) tide gauge was 1.06 ft MHHW during the evening of August 5th. No injuries or fatalities occurred with flash flooding/flooding.||Several rainbands associated with Debby brought 8 tornadoes (4 EF1 and 4 EF0) across coastal counties of Southeast South Carolina during the night of August 5th into early August 6th, causing damage to numerous trees and many structures. An EF1 tornado in Berkeley County caused 2 minor injuries when a car was flipped by the tornado. A total of 2 minor injuries and no fatalities occurred with tornadoes.  ||Tropical storm force winds/gusts produced scattered tree damage and communication/power outages across several counties. One minor injury occurred when a tree fell down on a vehicle in Beaufort County, South Carolina. Strongest winds were recorded across coastal areas and nearby coastal waters. The highest sustained tropical storm wind (39 knots) and highest tropical storm wind gust (55 knots) occurred at Folly Beach South End (XFSE), South Carolina. Across nearby coastal waters, the highest sustained tropical storm wind (44 knots) and highest tropical storm wind gust (51 knots) occurred at the Edisto Buoy (41004). A total of 1 minor injury and no fatalities occurred by tropical cyclone winds.",Major flooding occurred along French Quarter Creek where a USGS gauge (FQCS1) measured the 2nd highest crest on record (13.41 ft at approximately 1015 AM EST on August 8th). French Quarter Creek Road was completely flooded and any ground level homes were inundated with flood waters. The road and all homes were only accessible by boat during the peak of the flooding.
SOUTH CAROLINA,45,2024,Flash Flood,0,0,0,0,20.00K,33.19,-79.93,"Debby first developed into a tropical storm about 100 miles west-southwest of Key West, Florida late afternoon on August 3rd, then gradually strengthened to a strong tropical storm while tracking north across the eastern Gulf of Mexico on August 4th. Debby then reached hurricane force strength late on August 4th about 100 miles west-northwest of Tampa, before continuing a north-northeast track across the eastern Gulf of Mexico and eventually making landfall near the Big Bend area of Florida as a Category 1 Hurricane during the morning of August 5th. Debby continued inland and weakened to a tropical storm while tracking northeast across northern Florida later on August 5th, then continued a gradual weakening trend while tracking across Southeast Georgia as a tropical storm (45 mph) before slowly emerging off the Southeast Coast at tropical storm strength (40 mph) near Tybee Island, Georgia on August 6th. Debby then tracked east and farther offshore early August 7th, then turned north and became a strong tropical storm (60 mph) over the Gulf Stream later that morning, before taking a more north-northwest track back toward the Southeast Coast and making landfall near Awendaw/Bulls Bay, South Carolina as a tropical storm (50 mph) around 2 AM on August 8th. A minimum surface pressure of 994 mb was recorded at Sullivan���s Island (XSLV), South Carolina prior to Debby making landfall. After landfall, Debby continued on a north-northwest track across South Carolina as a tropical storm into mid day August 8th, before weakening to a depression later that day and continuing a north path across North Carolina and Virginia into early August 9th. ||Across Southeast South Carolina, the main impacts associated with Debby included flash flooding due to widespread heavy rainfall, several nighttime tornadoes within rainbands and scattered tree damage associated with near tropical storm force winds.  ||Prolonged heavy rainfall across Southeast South Carolina brought widespread flash flooding on August 5th and 6th, additional areas of flash flooding on August 7th, 8th and 9th, along with considerable and prolonged flooding of creeks, streams and main stem rivers for several days thereafter. Numerous homes and roads were flooded, leading to rescues and/or evacuations. Storm total rainfall amounts from August 4th to August 9th generally ranged between 4 to 22 inches with highest amounts across the Quad County Area (Berkeley, Dorchester, Charleston, Colleton) and particularly along a stretch from Summerville, Ridgeville, St George and Harleyville, South Carolina to Moncks Corner, South Carolina. A peak storm total rainfall of 22.02 inches was recorded by a CoCoRaHS observer approximately 6.6 miles southwest of Moncks Corner, South Carolina. A daily record rainfall of 4.71 inches was also set on August 6th at the Charleston International Airport (KCHS). Despite a large amount of rain and flash flooding, storm surge/coastal flooding did not lead to mentionable impacts locally. The highest water level at the Charleston (CHTS1) tide gauge was 1.06 ft MHHW during the evening of August 5th. No injuries or fatalities occurred with flash flooding/flooding.||Several rainbands associated with Debby brought 8 tornadoes (4 EF1 and 4 EF0) across coastal counties of Southeast South Carolina during the night of August 5th into early August 6th, causing damage to numerous trees and many structures. An EF1 tornado in Berkeley County caused 2 minor injuries when a car was flipped by the tornado. A total of 2 minor injuries and no fatalities occurred with tornadoes.  ||Tropical storm force winds/gusts produced scattered tree damage and communication/power outages across several counties. One minor injury occurred when a tree fell down on a vehicle in Beaufort County, South Carolina. Strongest winds were recorded across coastal areas and nearby coastal waters. The highest sustained tropical storm wind (39 knots) and highest tropical storm wind gust (55 knots) occurred at Folly Beach South End (XFSE), South Carolina. Across nearby coastal waters, the highest sustained tropical storm wind (44 knots) and highest tropical storm wind gust (51 knots) occurred at the Edisto Buoy (41004). A total of 1 minor injury and no fatalities occurred by tropical cyclone winds.",Berkeley County Emergency Management reported a washout of Cane Gulley Road near Highway 402.
SOUTH CAROLINA,45,2024,Flash Flood,0,0,0,0,10.00K,32.6527,-80.6264,"Debby first developed into a tropical storm about 100 miles west-southwest of Key West, Florida late afternoon on August 3rd, then gradually strengthened to a strong tropical storm while tracking north across the eastern Gulf of Mexico on August 4th. Debby then reached hurricane force strength late on August 4th about 100 miles west-northwest of Tampa, before continuing a north-northeast track across the eastern Gulf of Mexico and eventually making landfall near the Big Bend area of Florida as a Category 1 Hurricane during the morning of August 5th. Debby continued inland and weakened to a tropical storm while tracking northeast across northern Florida later on August 5th, then continued a gradual weakening trend while tracking across Southeast Georgia as a tropical storm (45 mph) before slowly emerging off the Southeast Coast at tropical storm strength (40 mph) near Tybee Island, Georgia on August 6th. Debby then tracked east and farther offshore early August 7th, then turned north and became a strong tropical storm (60 mph) over the Gulf Stream later that morning, before taking a more north-northwest track back toward the Southeast Coast and making landfall near Awendaw/Bulls Bay, South Carolina as a tropical storm (50 mph) around 2 AM on August 8th. A minimum surface pressure of 994 mb was recorded at Sullivan���s Island (XSLV), South Carolina prior to Debby making landfall. After landfall, Debby continued on a north-northwest track across South Carolina as a tropical storm into mid day August 8th, before weakening to a depression later that day and continuing a north path across North Carolina and Virginia into early August 9th. ||Across Southeast South Carolina, the main impacts associated with Debby included flash flooding due to widespread heavy rainfall, several nighttime tornadoes within rainbands and scattered tree damage associated with near tropical storm force winds.  ||Prolonged heavy rainfall across Southeast South Carolina brought widespread flash flooding on August 5th and 6th, additional areas of flash flooding on August 7th, 8th and 9th, along with considerable and prolonged flooding of creeks, streams and main stem rivers for several days thereafter. Numerous homes and roads were flooded, leading to rescues and/or evacuations. Storm total rainfall amounts from August 4th to August 9th generally ranged between 4 to 22 inches with highest amounts across the Quad County Area (Berkeley, Dorchester, Charleston, Colleton) and particularly along a stretch from Summerville, Ridgeville, St George and Harleyville, South Carolina to Moncks Corner, South Carolina. A peak storm total rainfall of 22.02 inches was recorded by a CoCoRaHS observer approximately 6.6 miles southwest of Moncks Corner, South Carolina. A daily record rainfall of 4.71 inches was also set on August 6th at the Charleston International Airport (KCHS). Despite a large amount of rain and flash flooding, storm surge/coastal flooding did not lead to mentionable impacts locally. The highest water level at the Charleston (CHTS1) tide gauge was 1.06 ft MHHW during the evening of August 5th. No injuries or fatalities occurred with flash flooding/flooding.||Several rainbands associated with Debby brought 8 tornadoes (4 EF1 and 4 EF0) across coastal counties of Southeast South Carolina during the night of August 5th into early August 6th, causing damage to numerous trees and many structures. An EF1 tornado in Berkeley County caused 2 minor injuries when a car was flipped by the tornado. A total of 2 minor injuries and no fatalities occurred with tornadoes.  ||Tropical storm force winds/gusts produced scattered tree damage and communication/power outages across several counties. One minor injury occurred when a tree fell down on a vehicle in Beaufort County, South Carolina. Strongest winds were recorded across coastal areas and nearby coastal waters. The highest sustained tropical storm wind (39 knots) and highest tropical storm wind gust (55 knots) occurred at Folly Beach South End (XFSE), South Carolina. Across nearby coastal waters, the highest sustained tropical storm wind (44 knots) and highest tropical storm wind gust (51 knots) occurred at the Edisto Buoy (41004). A total of 1 minor injury and no fatalities occurred by tropical cyclone winds.",Law enforcement reported a portion of roadway washed out in the 600 Block of Wiggins Road.
SOUTH CAROLINA,45,2024,Flash Flood,0,0,0,0,10.00K,33.0565,-80.8122,"Debby first developed into a tropical storm about 100 miles west-southwest of Key West, Florida late afternoon on August 3rd, then gradually strengthened to a strong tropical storm while tracking north across the eastern Gulf of Mexico on August 4th. Debby then reached hurricane force strength late on August 4th about 100 miles west-northwest of Tampa, before continuing a north-northeast track across the eastern Gulf of Mexico and eventually making landfall near the Big Bend area of Florida as a Category 1 Hurricane during the morning of August 5th. Debby continued inland and weakened to a tropical storm while tracking northeast across northern Florida later on August 5th, then continued a gradual weakening trend while tracking across Southeast Georgia as a tropical storm (45 mph) before slowly emerging off the Southeast Coast at tropical storm strength (40 mph) near Tybee Island, Georgia on August 6th. Debby then tracked east and farther offshore early August 7th, then turned north and became a strong tropical storm (60 mph) over the Gulf Stream later that morning, before taking a more north-northwest track back toward the Southeast Coast and making landfall near Awendaw/Bulls Bay, South Carolina as a tropical storm (50 mph) around 2 AM on August 8th. A minimum surface pressure of 994 mb was recorded at Sullivan���s Island (XSLV), South Carolina prior to Debby making landfall. After landfall, Debby continued on a north-northwest track across South Carolina as a tropical storm into mid day August 8th, before weakening to a depression later that day and continuing a north path across North Carolina and Virginia into early August 9th. ||Across Southeast South Carolina, the main impacts associated with Debby included flash flooding due to widespread heavy rainfall, several nighttime tornadoes within rainbands and scattered tree damage associated with near tropical storm force winds.  ||Prolonged heavy rainfall across Southeast South Carolina brought widespread flash flooding on August 5th and 6th, additional areas of flash flooding on August 7th, 8th and 9th, along with considerable and prolonged flooding of creeks, streams and main stem rivers for several days thereafter. Numerous homes and roads were flooded, leading to rescues and/or evacuations. Storm total rainfall amounts from August 4th to August 9th generally ranged between 4 to 22 inches with highest amounts across the Quad County Area (Berkeley, Dorchester, Charleston, Colleton) and particularly along a stretch from Summerville, Ridgeville, St George and Harleyville, South Carolina to Moncks Corner, South Carolina. A peak storm total rainfall of 22.02 inches was recorded by a CoCoRaHS observer approximately 6.6 miles southwest of Moncks Corner, South Carolina. A daily record rainfall of 4.71 inches was also set on August 6th at the Charleston International Airport (KCHS). Despite a large amount of rain and flash flooding, storm surge/coastal flooding did not lead to mentionable impacts locally. The highest water level at the Charleston (CHTS1) tide gauge was 1.06 ft MHHW during the evening of August 5th. No injuries or fatalities occurred with flash flooding/flooding.||Several rainbands associated with Debby brought 8 tornadoes (4 EF1 and 4 EF0) across coastal counties of Southeast South Carolina during the night of August 5th into early August 6th, causing damage to numerous trees and many structures. An EF1 tornado in Berkeley County caused 2 minor injuries when a car was flipped by the tornado. A total of 2 minor injuries and no fatalities occurred with tornadoes.  ||Tropical storm force winds/gusts produced scattered tree damage and communication/power outages across several counties. One minor injury occurred when a tree fell down on a vehicle in Beaufort County, South Carolina. Strongest winds were recorded across coastal areas and nearby coastal waters. The highest sustained tropical storm wind (39 knots) and highest tropical storm wind gust (55 knots) occurred at Folly Beach South End (XFSE), South Carolina. Across nearby coastal waters, the highest sustained tropical storm wind (44 knots) and highest tropical storm wind gust (51 knots) occurred at the Edisto Buoy (41004). A total of 1 minor injury and no fatalities occurred by tropical cyclone winds.",Law enforcement reported a portion of roadway washed out near the intersection of Mill Pond Road and Low Country Highway.
SOUTH CAROLINA,45,2024,Flash Flood,0,0,0,0,10.00K,32.8489,-80.7957,"Debby first developed into a tropical storm about 100 miles west-southwest of Key West, Florida late afternoon on August 3rd, then gradually strengthened to a strong tropical storm while tracking north across the eastern Gulf of Mexico on August 4th. Debby then reached hurricane force strength late on August 4th about 100 miles west-northwest of Tampa, before continuing a north-northeast track across the eastern Gulf of Mexico and eventually making landfall near the Big Bend area of Florida as a Category 1 Hurricane during the morning of August 5th. Debby continued inland and weakened to a tropical storm while tracking northeast across northern Florida later on August 5th, then continued a gradual weakening trend while tracking across Southeast Georgia as a tropical storm (45 mph) before slowly emerging off the Southeast Coast at tropical storm strength (40 mph) near Tybee Island, Georgia on August 6th. Debby then tracked east and farther offshore early August 7th, then turned north and became a strong tropical storm (60 mph) over the Gulf Stream later that morning, before taking a more north-northwest track back toward the Southeast Coast and making landfall near Awendaw/Bulls Bay, South Carolina as a tropical storm (50 mph) around 2 AM on August 8th. A minimum surface pressure of 994 mb was recorded at Sullivan���s Island (XSLV), South Carolina prior to Debby making landfall. After landfall, Debby continued on a north-northwest track across South Carolina as a tropical storm into mid day August 8th, before weakening to a depression later that day and continuing a north path across North Carolina and Virginia into early August 9th. ||Across Southeast South Carolina, the main impacts associated with Debby included flash flooding due to widespread heavy rainfall, several nighttime tornadoes within rainbands and scattered tree damage associated with near tropical storm force winds.  ||Prolonged heavy rainfall across Southeast South Carolina brought widespread flash flooding on August 5th and 6th, additional areas of flash flooding on August 7th, 8th and 9th, along with considerable and prolonged flooding of creeks, streams and main stem rivers for several days thereafter. Numerous homes and roads were flooded, leading to rescues and/or evacuations. Storm total rainfall amounts from August 4th to August 9th generally ranged between 4 to 22 inches with highest amounts across the Quad County Area (Berkeley, Dorchester, Charleston, Colleton) and particularly along a stretch from Summerville, Ridgeville, St George and Harleyville, South Carolina to Moncks Corner, South Carolina. A peak storm total rainfall of 22.02 inches was recorded by a CoCoRaHS observer approximately 6.6 miles southwest of Moncks Corner, South Carolina. A daily record rainfall of 4.71 inches was also set on August 6th at the Charleston International Airport (KCHS). Despite a large amount of rain and flash flooding, storm surge/coastal flooding did not lead to mentionable impacts locally. The highest water level at the Charleston (CHTS1) tide gauge was 1.06 ft MHHW during the evening of August 5th. No injuries or fatalities occurred with flash flooding/flooding.||Several rainbands associated with Debby brought 8 tornadoes (4 EF1 and 4 EF0) across coastal counties of Southeast South Carolina during the night of August 5th into early August 6th, causing damage to numerous trees and many structures. An EF1 tornado in Berkeley County caused 2 minor injuries when a car was flipped by the tornado. A total of 2 minor injuries and no fatalities occurred with tornadoes.  ||Tropical storm force winds/gusts produced scattered tree damage and communication/power outages across several counties. One minor injury occurred when a tree fell down on a vehicle in Beaufort County, South Carolina. Strongest winds were recorded across coastal areas and nearby coastal waters. The highest sustained tropical storm wind (39 knots) and highest tropical storm wind gust (55 knots) occurred at Folly Beach South End (XFSE), South Carolina. Across nearby coastal waters, the highest sustained tropical storm wind (44 knots) and highest tropical storm wind gust (51 knots) occurred at the Edisto Buoy (41004). A total of 1 minor injury and no fatalities occurred by tropical cyclone winds.",Law enforcement reported a portion of roadway washed out in the 400 Block of Paradise Road.
SOUTH CAROLINA,45,2024,Flash Flood,0,0,0,0,100.00K,32.63,-81.03,"Debby first developed into a tropical storm about 100 miles west-southwest of Key West, Florida late afternoon on August 3rd, then gradually strengthened to a strong tropical storm while tracking north across the eastern Gulf of Mexico on August 4th. Debby then reached hurricane force strength late on August 4th about 100 miles west-northwest of Tampa, before continuing a north-northeast track across the eastern Gulf of Mexico and eventually making landfall near the Big Bend area of Florida as a Category 1 Hurricane during the morning of August 5th. Debby continued inland and weakened to a tropical storm while tracking northeast across northern Florida later on August 5th, then continued a gradual weakening trend while tracking across Southeast Georgia as a tropical storm (45 mph) before slowly emerging off the Southeast Coast at tropical storm strength (40 mph) near Tybee Island, Georgia on August 6th. Debby then tracked east and farther offshore early August 7th, then turned north and became a strong tropical storm (60 mph) over the Gulf Stream later that morning, before taking a more north-northwest track back toward the Southeast Coast and making landfall near Awendaw/Bulls Bay, South Carolina as a tropical storm (50 mph) around 2 AM on August 8th. A minimum surface pressure of 994 mb was recorded at Sullivan���s Island (XSLV), South Carolina prior to Debby making landfall. After landfall, Debby continued on a north-northwest track across South Carolina as a tropical storm into mid day August 8th, before weakening to a depression later that day and continuing a north path across North Carolina and Virginia into early August 9th. ||Across Southeast South Carolina, the main impacts associated with Debby included flash flooding due to widespread heavy rainfall, several nighttime tornadoes within rainbands and scattered tree damage associated with near tropical storm force winds.  ||Prolonged heavy rainfall across Southeast South Carolina brought widespread flash flooding on August 5th and 6th, additional areas of flash flooding on August 7th, 8th and 9th, along with considerable and prolonged flooding of creeks, streams and main stem rivers for several days thereafter. Numerous homes and roads were flooded, leading to rescues and/or evacuations. Storm total rainfall amounts from August 4th to August 9th generally ranged between 4 to 22 inches with highest amounts across the Quad County Area (Berkeley, Dorchester, Charleston, Colleton) and particularly along a stretch from Summerville, Ridgeville, St George and Harleyville, South Carolina to Moncks Corner, South Carolina. A peak storm total rainfall of 22.02 inches was recorded by a CoCoRaHS observer approximately 6.6 miles southwest of Moncks Corner, South Carolina. A daily record rainfall of 4.71 inches was also set on August 6th at the Charleston International Airport (KCHS). Despite a large amount of rain and flash flooding, storm surge/coastal flooding did not lead to mentionable impacts locally. The highest water level at the Charleston (CHTS1) tide gauge was 1.06 ft MHHW during the evening of August 5th. No injuries or fatalities occurred with flash flooding/flooding.||Several rainbands associated with Debby brought 8 tornadoes (4 EF1 and 4 EF0) across coastal counties of Southeast South Carolina during the night of August 5th into early August 6th, causing damage to numerous trees and many structures. An EF1 tornado in Berkeley County caused 2 minor injuries when a car was flipped by the tornado. A total of 2 minor injuries and no fatalities occurred with tornadoes.  ||Tropical storm force winds/gusts produced scattered tree damage and communication/power outages across several counties. One minor injury occurred when a tree fell down on a vehicle in Beaufort County, South Carolina. Strongest winds were recorded across coastal areas and nearby coastal waters. The highest sustained tropical storm wind (39 knots) and highest tropical storm wind gust (55 knots) occurred at Folly Beach South End (XFSE), South Carolina. Across nearby coastal waters, the highest sustained tropical storm wind (44 knots) and highest tropical storm wind gust (51 knots) occurred at the Edisto Buoy (41004). A total of 1 minor injury and no fatalities occurred by tropical cyclone winds.","Jasper County Emergency Management reported Langfordville Road collapsed over Beaverdam Branch, washing a car and occupant downstream. An adult female was rescued from the floodwaters without injury."
SOUTH CAROLINA,45,2024,Thunderstorm Wind,0,0,0,0,NA,33.02,-80.93,"High levels of instability associated with strong heating, moderate levels of downdraft CAPE and outflow boundaries from previous thunderstorms led to an environment supportive of severe thunderstorms capable of producing damaging winds.",Law enforcement reported a tree down and blocking one lane near the intersection of Bells Highway and Dry Branch Road.
SOUTH CAROLINA,45,2024,Tornado,0,0,0,0,NA,32.479,-80.3307,"Debby first developed into a tropical storm about 100 miles west-southwest of Key West, Florida late afternoon on August 3rd, then gradually strengthened to a strong tropical storm while tracking north across the eastern Gulf of Mexico on August 4th. Debby then reached hurricane force strength late on August 4th about 100 miles west-northwest of Tampa, before continuing a north-northeast track across the eastern Gulf of Mexico and eventually making landfall near the Big Bend area of Florida as a Category 1 Hurricane during the morning of August 5th. Debby continued inland and weakened to a tropical storm while tracking northeast across northern Florida later on August 5th, then continued a gradual weakening trend while tracking across Southeast Georgia as a tropical storm (45 mph) before slowly emerging off the Southeast Coast at tropical storm strength (40 mph) near Tybee Island, Georgia on August 6th. Debby then tracked east and farther offshore early August 7th, then turned north and became a strong tropical storm (60 mph) over the Gulf Stream later that morning, before taking a more north-northwest track back toward the Southeast Coast and making landfall near Awendaw/Bulls Bay, South Carolina as a tropical storm (50 mph) around 2 AM on August 8th. A minimum surface pressure of 994 mb was recorded at Sullivan���s Island (XSLV), South Carolina prior to Debby making landfall. After landfall, Debby continued on a north-northwest track across South Carolina as a tropical storm into mid day August 8th, before weakening to a depression later that day and continuing a north path across North Carolina and Virginia into early August 9th. ||Across Southeast South Carolina, the main impacts associated with Debby included flash flooding due to widespread heavy rainfall, several nighttime tornadoes within rainbands and scattered tree damage associated with near tropical storm force winds.  ||Prolonged heavy rainfall across Southeast South Carolina brought widespread flash flooding on August 5th and 6th, additional areas of flash flooding on August 7th, 8th and 9th, along with considerable and prolonged flooding of creeks, streams and main stem rivers for several days thereafter. Numerous homes and roads were flooded, leading to rescues and/or evacuations. Storm total rainfall amounts from August 4th to August 9th generally ranged between 4 to 22 inches with highest amounts across the Quad County Area (Berkeley, Dorchester, Charleston, Colleton) and particularly along a stretch from Summerville, Ridgeville, St George and Harleyville, South Carolina to Moncks Corner, South Carolina. A peak storm total rainfall of 22.02 inches was recorded by a CoCoRaHS observer approximately 6.6 miles southwest of Moncks Corner, South Carolina. A daily record rainfall of 4.71 inches was also set on August 6th at the Charleston International Airport (KCHS). Despite a large amount of rain and flash flooding, storm surge/coastal flooding did not lead to mentionable impacts locally. The highest water level at the Charleston (CHTS1) tide gauge was 1.06 ft MHHW during the evening of August 5th. No injuries or fatalities occurred with flash flooding/flooding.||Several rainbands associated with Debby brought 8 tornadoes (4 EF1 and 4 EF0) across coastal counties of Southeast South Carolina during the night of August 5th into early August 6th, causing damage to numerous trees and many structures. An EF1 tornado in Berkeley County caused 2 minor injuries when a car was flipped by the tornado. A total of 2 minor injuries and no fatalities occurred with tornadoes.  ||Tropical storm force winds/gusts produced scattered tree damage and communication/power outages across several counties. One minor injury occurred when a tree fell down on a vehicle in Beaufort County, South Carolina. Strongest winds were recorded across coastal areas and nearby coastal waters. The highest sustained tropical storm wind (39 knots) and highest tropical storm wind gust (55 knots) occurred at Folly Beach South End (XFSE), South Carolina. Across nearby coastal waters, the highest sustained tropical storm wind (44 knots) and highest tropical storm wind gust (51 knots) occurred at the Edisto Buoy (41004). A total of 1 minor injury and no fatalities occurred by tropical cyclone winds.","A National Weather Service Storm Survey Team confirmed an EF1 tornado with an estimated maximum wind speed of 90 mph in Edisto Island, South Carolina occurring from 908 PM to 911 PM EST.||The brief tornado, associated with an outer rainband from Tropical Storm Debby, moved onshore along the south end of Edisto Island, South Carolina near the 2700 Block of Point Street, where it snapped and twisted some small trees and removed asphalt shingles to at least one home. The worst damage was on Palmetto Boulevard, where one home had a complete collapse of the porch and a significant portion of the roof removed. The tornado continued to move rapidly northwestward crossing around the 2700 Block of Myrtle Street, where it did some minor damage to the facia of at least one home. Just northwest, near the 2900 block of Lee Street, at least one home had a corner of the roof removed. The tornado then moved into the southern portion of the Plantation Golf Course where it dissipated."
SOUTH CAROLINA,45,2024,Tornado,0,0,0,0,0.00K,32.517,-80.32,"Debby first developed into a tropical storm about 100 miles west-southwest of Key West, Florida late afternoon on August 3rd, then gradually strengthened to a strong tropical storm while tracking north across the eastern Gulf of Mexico on August 4th. Debby then reached hurricane force strength late on August 4th about 100 miles west-northwest of Tampa, before continuing a north-northeast track across the eastern Gulf of Mexico and eventually making landfall near the Big Bend area of Florida as a Category 1 Hurricane during the morning of August 5th. Debby continued inland and weakened to a tropical storm while tracking northeast across northern Florida later on August 5th, then continued a gradual weakening trend while tracking across Southeast Georgia as a tropical storm (45 mph) before slowly emerging off the Southeast Coast at tropical storm strength (40 mph) near Tybee Island, Georgia on August 6th. Debby then tracked east and farther offshore early August 7th, then turned north and became a strong tropical storm (60 mph) over the Gulf Stream later that morning, before taking a more north-northwest track back toward the Southeast Coast and making landfall near Awendaw/Bulls Bay, South Carolina as a tropical storm (50 mph) around 2 AM on August 8th. A minimum surface pressure of 994 mb was recorded at Sullivan���s Island (XSLV), South Carolina prior to Debby making landfall. After landfall, Debby continued on a north-northwest track across South Carolina as a tropical storm into mid day August 8th, before weakening to a depression later that day and continuing a north path across North Carolina and Virginia into early August 9th. ||Across Southeast South Carolina, the main impacts associated with Debby included flash flooding due to widespread heavy rainfall, several nighttime tornadoes within rainbands and scattered tree damage associated with near tropical storm force winds.  ||Prolonged heavy rainfall across Southeast South Carolina brought widespread flash flooding on August 5th and 6th, additional areas of flash flooding on August 7th, 8th and 9th, along with considerable and prolonged flooding of creeks, streams and main stem rivers for several days thereafter. Numerous homes and roads were flooded, leading to rescues and/or evacuations. Storm total rainfall amounts from August 4th to August 9th generally ranged between 4 to 22 inches with highest amounts across the Quad County Area (Berkeley, Dorchester, Charleston, Colleton) and particularly along a stretch from Summerville, Ridgeville, St George and Harleyville, South Carolina to Moncks Corner, South Carolina. A peak storm total rainfall of 22.02 inches was recorded by a CoCoRaHS observer approximately 6.6 miles southwest of Moncks Corner, South Carolina. A daily record rainfall of 4.71 inches was also set on August 6th at the Charleston International Airport (KCHS). Despite a large amount of rain and flash flooding, storm surge/coastal flooding did not lead to mentionable impacts locally. The highest water level at the Charleston (CHTS1) tide gauge was 1.06 ft MHHW during the evening of August 5th. No injuries or fatalities occurred with flash flooding/flooding.||Several rainbands associated with Debby brought 8 tornadoes (4 EF1 and 4 EF0) across coastal counties of Southeast South Carolina during the night of August 5th into early August 6th, causing damage to numerous trees and many structures. An EF1 tornado in Berkeley County caused 2 minor injuries when a car was flipped by the tornado. A total of 2 minor injuries and no fatalities occurred with tornadoes.  ||Tropical storm force winds/gusts produced scattered tree damage and communication/power outages across several counties. One minor injury occurred when a tree fell down on a vehicle in Beaufort County, South Carolina. Strongest winds were recorded across coastal areas and nearby coastal waters. The highest sustained tropical storm wind (39 knots) and highest tropical storm wind gust (55 knots) occurred at Folly Beach South End (XFSE), South Carolina. Across nearby coastal waters, the highest sustained tropical storm wind (44 knots) and highest tropical storm wind gust (51 knots) occurred at the Edisto Buoy (41004). A total of 1 minor injury and no fatalities occurred by tropical cyclone winds.","A National Weather Service Storm Survey Team confirmed an EF1 tornado with an estimated maximum wind speed of 97 mph in Edisto Island, South Carolina occurring from 835 PM to 845 PM EST. The tornado started in Colleton County, then briefly tracked across a small portion of Charleston County, then briefly returned back into Colleton County before crossing into Charleston County once more and quickly ending. ||Along the tornado's third segment, it entered Colleton County from Charleston County at a latitude/longitude of 32.517 N, 80.320 W, taking a northwest path across a mix of land/marsh areas and eventually reaching another section of Palmetto Road, likely causing additional damage to structures and trees along its path before continuing on a northwest path and departing Colleton County into Charleston County at a latitude/longitude of 32.524 N, 80.336 W."
SOUTH CAROLINA,45,2024,Flash Flood,0,0,0,0,0.00K,33.0399,-79.8639,"Debby first developed into a tropical storm about 100 miles west-southwest of Key West, Florida late afternoon on August 3rd, then gradually strengthened to a strong tropical storm while tracking north across the eastern Gulf of Mexico on August 4th. Debby then reached hurricane force strength late on August 4th about 100 miles west-northwest of Tampa, before continuing a north-northeast track across the eastern Gulf of Mexico and eventually making landfall near the Big Bend area of Florida as a Category 1 Hurricane during the morning of August 5th. Debby continued inland and weakened to a tropical storm while tracking northeast across northern Florida later on August 5th, then continued a gradual weakening trend while tracking across Southeast Georgia as a tropical storm (45 mph) before slowly emerging off the Southeast Coast at tropical storm strength (40 mph) near Tybee Island, Georgia on August 6th. Debby then tracked east and farther offshore early August 7th, then turned north and became a strong tropical storm (60 mph) over the Gulf Stream later that morning, before taking a more north-northwest track back toward the Southeast Coast and making landfall near Awendaw/Bulls Bay, South Carolina as a tropical storm (50 mph) around 2 AM on August 8th. A minimum surface pressure of 994 mb was recorded at Sullivan���s Island (XSLV), South Carolina prior to Debby making landfall. After landfall, Debby continued on a north-northwest track across South Carolina as a tropical storm into mid day August 8th, before weakening to a depression later that day and continuing a north path across North Carolina and Virginia into early August 9th. ||Across Southeast South Carolina, the main impacts associated with Debby included flash flooding due to widespread heavy rainfall, several nighttime tornadoes within rainbands and scattered tree damage associated with near tropical storm force winds.  ||Prolonged heavy rainfall across Southeast South Carolina brought widespread flash flooding on August 5th and 6th, additional areas of flash flooding on August 7th, 8th and 9th, along with considerable and prolonged flooding of creeks, streams and main stem rivers for several days thereafter. Numerous homes and roads were flooded, leading to rescues and/or evacuations. Storm total rainfall amounts from August 4th to August 9th generally ranged between 4 to 22 inches with highest amounts across the Quad County Area (Berkeley, Dorchester, Charleston, Colleton) and particularly along a stretch from Summerville, Ridgeville, St George and Harleyville, South Carolina to Moncks Corner, South Carolina. A peak storm total rainfall of 22.02 inches was recorded by a CoCoRaHS observer approximately 6.6 miles southwest of Moncks Corner, South Carolina. A daily record rainfall of 4.71 inches was also set on August 6th at the Charleston International Airport (KCHS). Despite a large amount of rain and flash flooding, storm surge/coastal flooding did not lead to mentionable impacts locally. The highest water level at the Charleston (CHTS1) tide gauge was 1.06 ft MHHW during the evening of August 5th. No injuries or fatalities occurred with flash flooding/flooding.||Several rainbands associated with Debby brought 8 tornadoes (4 EF1 and 4 EF0) across coastal counties of Southeast South Carolina during the night of August 5th into early August 6th, causing damage to numerous trees and many structures. An EF1 tornado in Berkeley County caused 2 minor injuries when a car was flipped by the tornado. A total of 2 minor injuries and no fatalities occurred with tornadoes.  ||Tropical storm force winds/gusts produced scattered tree damage and communication/power outages across several counties. One minor injury occurred when a tree fell down on a vehicle in Beaufort County, South Carolina. Strongest winds were recorded across coastal areas and nearby coastal waters. The highest sustained tropical storm wind (39 knots) and highest tropical storm wind gust (55 knots) occurred at Folly Beach South End (XFSE), South Carolina. Across nearby coastal waters, the highest sustained tropical storm wind (44 knots) and highest tropical storm wind gust (51 knots) occurred at the Edisto Buoy (41004). A total of 1 minor injury and no fatalities occurred by tropical cyclone winds.","The river gauge at French Quarter Creek (FQCS1) near Huger, South Carolina reached the moderate flood stage of 11.5 feet. This is the level when flash flooding begins along the creek."
SOUTH CAROLINA,45,2024,Flash Flood,0,0,0,0,0.00K,33.187,-80.002,"Debby first developed into a tropical storm about 100 miles west-southwest of Key West, Florida late afternoon on August 3rd, then gradually strengthened to a strong tropical storm while tracking north across the eastern Gulf of Mexico on August 4th. Debby then reached hurricane force strength late on August 4th about 100 miles west-northwest of Tampa, before continuing a north-northeast track across the eastern Gulf of Mexico and eventually making landfall near the Big Bend area of Florida as a Category 1 Hurricane during the morning of August 5th. Debby continued inland and weakened to a tropical storm while tracking northeast across northern Florida later on August 5th, then continued a gradual weakening trend while tracking across Southeast Georgia as a tropical storm (45 mph) before slowly emerging off the Southeast Coast at tropical storm strength (40 mph) near Tybee Island, Georgia on August 6th. Debby then tracked east and farther offshore early August 7th, then turned north and became a strong tropical storm (60 mph) over the Gulf Stream later that morning, before taking a more north-northwest track back toward the Southeast Coast and making landfall near Awendaw/Bulls Bay, South Carolina as a tropical storm (50 mph) around 2 AM on August 8th. A minimum surface pressure of 994 mb was recorded at Sullivan���s Island (XSLV), South Carolina prior to Debby making landfall. After landfall, Debby continued on a north-northwest track across South Carolina as a tropical storm into mid day August 8th, before weakening to a depression later that day and continuing a north path across North Carolina and Virginia into early August 9th. ||Across Southeast South Carolina, the main impacts associated with Debby included flash flooding due to widespread heavy rainfall, several nighttime tornadoes within rainbands and scattered tree damage associated with near tropical storm force winds.  ||Prolonged heavy rainfall across Southeast South Carolina brought widespread flash flooding on August 5th and 6th, additional areas of flash flooding on August 7th, 8th and 9th, along with considerable and prolonged flooding of creeks, streams and main stem rivers for several days thereafter. Numerous homes and roads were flooded, leading to rescues and/or evacuations. Storm total rainfall amounts from August 4th to August 9th generally ranged between 4 to 22 inches with highest amounts across the Quad County Area (Berkeley, Dorchester, Charleston, Colleton) and particularly along a stretch from Summerville, Ridgeville, St George and Harleyville, South Carolina to Moncks Corner, South Carolina. A peak storm total rainfall of 22.02 inches was recorded by a CoCoRaHS observer approximately 6.6 miles southwest of Moncks Corner, South Carolina. A daily record rainfall of 4.71 inches was also set on August 6th at the Charleston International Airport (KCHS). Despite a large amount of rain and flash flooding, storm surge/coastal flooding did not lead to mentionable impacts locally. The highest water level at the Charleston (CHTS1) tide gauge was 1.06 ft MHHW during the evening of August 5th. No injuries or fatalities occurred with flash flooding/flooding.||Several rainbands associated with Debby brought 8 tornadoes (4 EF1 and 4 EF0) across coastal counties of Southeast South Carolina during the night of August 5th into early August 6th, causing damage to numerous trees and many structures. An EF1 tornado in Berkeley County caused 2 minor injuries when a car was flipped by the tornado. A total of 2 minor injuries and no fatalities occurred with tornadoes.  ||Tropical storm force winds/gusts produced scattered tree damage and communication/power outages across several counties. One minor injury occurred when a tree fell down on a vehicle in Beaufort County, South Carolina. Strongest winds were recorded across coastal areas and nearby coastal waters. The highest sustained tropical storm wind (39 knots) and highest tropical storm wind gust (55 knots) occurred at Folly Beach South End (XFSE), South Carolina. Across nearby coastal waters, the highest sustained tropical storm wind (44 knots) and highest tropical storm wind gust (51 knots) occurred at the Edisto Buoy (41004). A total of 1 minor injury and no fatalities occurred by tropical cyclone winds.",The public relayed a video of a flooded house on Fairlawn Drive in Moncks Corner.
SOUTH CAROLINA,45,2024,Flash Flood,0,0,0,0,0.00K,33.1105,-80.1392,"Debby first developed into a tropical storm about 100 miles west-southwest of Key West, Florida late afternoon on August 3rd, then gradually strengthened to a strong tropical storm while tracking north across the eastern Gulf of Mexico on August 4th. Debby then reached hurricane force strength late on August 4th about 100 miles west-northwest of Tampa, before continuing a north-northeast track across the eastern Gulf of Mexico and eventually making landfall near the Big Bend area of Florida as a Category 1 Hurricane during the morning of August 5th. Debby continued inland and weakened to a tropical storm while tracking northeast across northern Florida later on August 5th, then continued a gradual weakening trend while tracking across Southeast Georgia as a tropical storm (45 mph) before slowly emerging off the Southeast Coast at tropical storm strength (40 mph) near Tybee Island, Georgia on August 6th. Debby then tracked east and farther offshore early August 7th, then turned north and became a strong tropical storm (60 mph) over the Gulf Stream later that morning, before taking a more north-northwest track back toward the Southeast Coast and making landfall near Awendaw/Bulls Bay, South Carolina as a tropical storm (50 mph) around 2 AM on August 8th. A minimum surface pressure of 994 mb was recorded at Sullivan���s Island (XSLV), South Carolina prior to Debby making landfall. After landfall, Debby continued on a north-northwest track across South Carolina as a tropical storm into mid day August 8th, before weakening to a depression later that day and continuing a north path across North Carolina and Virginia into early August 9th. ||Across Southeast South Carolina, the main impacts associated with Debby included flash flooding due to widespread heavy rainfall, several nighttime tornadoes within rainbands and scattered tree damage associated with near tropical storm force winds.  ||Prolonged heavy rainfall across Southeast South Carolina brought widespread flash flooding on August 5th and 6th, additional areas of flash flooding on August 7th, 8th and 9th, along with considerable and prolonged flooding of creeks, streams and main stem rivers for several days thereafter. Numerous homes and roads were flooded, leading to rescues and/or evacuations. Storm total rainfall amounts from August 4th to August 9th generally ranged between 4 to 22 inches with highest amounts across the Quad County Area (Berkeley, Dorchester, Charleston, Colleton) and particularly along a stretch from Summerville, Ridgeville, St George and Harleyville, South Carolina to Moncks Corner, South Carolina. A peak storm total rainfall of 22.02 inches was recorded by a CoCoRaHS observer approximately 6.6 miles southwest of Moncks Corner, South Carolina. A daily record rainfall of 4.71 inches was also set on August 6th at the Charleston International Airport (KCHS). Despite a large amount of rain and flash flooding, storm surge/coastal flooding did not lead to mentionable impacts locally. The highest water level at the Charleston (CHTS1) tide gauge was 1.06 ft MHHW during the evening of August 5th. No injuries or fatalities occurred with flash flooding/flooding.||Several rainbands associated with Debby brought 8 tornadoes (4 EF1 and 4 EF0) across coastal counties of Southeast South Carolina during the night of August 5th into early August 6th, causing damage to numerous trees and many structures. An EF1 tornado in Berkeley County caused 2 minor injuries when a car was flipped by the tornado. A total of 2 minor injuries and no fatalities occurred with tornadoes.  ||Tropical storm force winds/gusts produced scattered tree damage and communication/power outages across several counties. One minor injury occurred when a tree fell down on a vehicle in Beaufort County, South Carolina. Strongest winds were recorded across coastal areas and nearby coastal waters. The highest sustained tropical storm wind (39 knots) and highest tropical storm wind gust (55 knots) occurred at Folly Beach South End (XFSE), South Carolina. Across nearby coastal waters, the highest sustained tropical storm wind (44 knots) and highest tropical storm wind gust (51 knots) occurred at the Edisto Buoy (41004). A total of 1 minor injury and no fatalities occurred by tropical cyclone winds.",A picture on social media shows a stranded car in flood waters located on Nexton Parkway near the intersection with Pine Hollow Drive. Two occupants were rescued from vehicle with no reported injuries.
SOUTH CAROLINA,45,2024,Flash Flood,0,0,0,0,20.00K,33.0793,-80.4549,"Debby first developed into a tropical storm about 100 miles west-southwest of Key West, Florida late afternoon on August 3rd, then gradually strengthened to a strong tropical storm while tracking north across the eastern Gulf of Mexico on August 4th. Debby then reached hurricane force strength late on August 4th about 100 miles west-northwest of Tampa, before continuing a north-northeast track across the eastern Gulf of Mexico and eventually making landfall near the Big Bend area of Florida as a Category 1 Hurricane during the morning of August 5th. Debby continued inland and weakened to a tropical storm while tracking northeast across northern Florida later on August 5th, then continued a gradual weakening trend while tracking across Southeast Georgia as a tropical storm (45 mph) before slowly emerging off the Southeast Coast at tropical storm strength (40 mph) near Tybee Island, Georgia on August 6th. Debby then tracked east and farther offshore early August 7th, then turned north and became a strong tropical storm (60 mph) over the Gulf Stream later that morning, before taking a more north-northwest track back toward the Southeast Coast and making landfall near Awendaw/Bulls Bay, South Carolina as a tropical storm (50 mph) around 2 AM on August 8th. A minimum surface pressure of 994 mb was recorded at Sullivan���s Island (XSLV), South Carolina prior to Debby making landfall. After landfall, Debby continued on a north-northwest track across South Carolina as a tropical storm into mid day August 8th, before weakening to a depression later that day and continuing a north path across North Carolina and Virginia into early August 9th. ||Across Southeast South Carolina, the main impacts associated with Debby included flash flooding due to widespread heavy rainfall, several nighttime tornadoes within rainbands and scattered tree damage associated with near tropical storm force winds.  ||Prolonged heavy rainfall across Southeast South Carolina brought widespread flash flooding on August 5th and 6th, additional areas of flash flooding on August 7th, 8th and 9th, along with considerable and prolonged flooding of creeks, streams and main stem rivers for several days thereafter. Numerous homes and roads were flooded, leading to rescues and/or evacuations. Storm total rainfall amounts from August 4th to August 9th generally ranged between 4 to 22 inches with highest amounts across the Quad County Area (Berkeley, Dorchester, Charleston, Colleton) and particularly along a stretch from Summerville, Ridgeville, St George and Harleyville, South Carolina to Moncks Corner, South Carolina. A peak storm total rainfall of 22.02 inches was recorded by a CoCoRaHS observer approximately 6.6 miles southwest of Moncks Corner, South Carolina. A daily record rainfall of 4.71 inches was also set on August 6th at the Charleston International Airport (KCHS). Despite a large amount of rain and flash flooding, storm surge/coastal flooding did not lead to mentionable impacts locally. The highest water level at the Charleston (CHTS1) tide gauge was 1.06 ft MHHW during the evening of August 5th. No injuries or fatalities occurred with flash flooding/flooding.||Several rainbands associated with Debby brought 8 tornadoes (4 EF1 and 4 EF0) across coastal counties of Southeast South Carolina during the night of August 5th into early August 6th, causing damage to numerous trees and many structures. An EF1 tornado in Berkeley County caused 2 minor injuries when a car was flipped by the tornado. A total of 2 minor injuries and no fatalities occurred with tornadoes.  ||Tropical storm force winds/gusts produced scattered tree damage and communication/power outages across several counties. One minor injury occurred when a tree fell down on a vehicle in Beaufort County, South Carolina. Strongest winds were recorded across coastal areas and nearby coastal waters. The highest sustained tropical storm wind (39 knots) and highest tropical storm wind gust (55 knots) occurred at Folly Beach South End (XFSE), South Carolina. Across nearby coastal waters, the highest sustained tropical storm wind (44 knots) and highest tropical storm wind gust (51 knots) occurred at the Edisto Buoy (41004). A total of 1 minor injury and no fatalities occurred by tropical cyclone winds.",A Dorchester County emergency manager shared a picture of paved Wire Road washed out near the intersection with Zion Road.
SOUTH CAROLINA,45,2024,Flash Flood,0,0,0,0,20.00K,32.6264,-80.5924,"Debby first developed into a tropical storm about 100 miles west-southwest of Key West, Florida late afternoon on August 3rd, then gradually strengthened to a strong tropical storm while tracking north across the eastern Gulf of Mexico on August 4th. Debby then reached hurricane force strength late on August 4th about 100 miles west-northwest of Tampa, before continuing a north-northeast track across the eastern Gulf of Mexico and eventually making landfall near the Big Bend area of Florida as a Category 1 Hurricane during the morning of August 5th. Debby continued inland and weakened to a tropical storm while tracking northeast across northern Florida later on August 5th, then continued a gradual weakening trend while tracking across Southeast Georgia as a tropical storm (45 mph) before slowly emerging off the Southeast Coast at tropical storm strength (40 mph) near Tybee Island, Georgia on August 6th. Debby then tracked east and farther offshore early August 7th, then turned north and became a strong tropical storm (60 mph) over the Gulf Stream later that morning, before taking a more north-northwest track back toward the Southeast Coast and making landfall near Awendaw/Bulls Bay, South Carolina as a tropical storm (50 mph) around 2 AM on August 8th. A minimum surface pressure of 994 mb was recorded at Sullivan���s Island (XSLV), South Carolina prior to Debby making landfall. After landfall, Debby continued on a north-northwest track across South Carolina as a tropical storm into mid day August 8th, before weakening to a depression later that day and continuing a north path across North Carolina and Virginia into early August 9th. ||Across Southeast South Carolina, the main impacts associated with Debby included flash flooding due to widespread heavy rainfall, several nighttime tornadoes within rainbands and scattered tree damage associated with near tropical storm force winds.  ||Prolonged heavy rainfall across Southeast South Carolina brought widespread flash flooding on August 5th and 6th, additional areas of flash flooding on August 7th, 8th and 9th, along with considerable and prolonged flooding of creeks, streams and main stem rivers for several days thereafter. Numerous homes and roads were flooded, leading to rescues and/or evacuations. Storm total rainfall amounts from August 4th to August 9th generally ranged between 4 to 22 inches with highest amounts across the Quad County Area (Berkeley, Dorchester, Charleston, Colleton) and particularly along a stretch from Summerville, Ridgeville, St George and Harleyville, South Carolina to Moncks Corner, South Carolina. A peak storm total rainfall of 22.02 inches was recorded by a CoCoRaHS observer approximately 6.6 miles southwest of Moncks Corner, South Carolina. A daily record rainfall of 4.71 inches was also set on August 6th at the Charleston International Airport (KCHS). Despite a large amount of rain and flash flooding, storm surge/coastal flooding did not lead to mentionable impacts locally. The highest water level at the Charleston (CHTS1) tide gauge was 1.06 ft MHHW during the evening of August 5th. No injuries or fatalities occurred with flash flooding/flooding.||Several rainbands associated with Debby brought 8 tornadoes (4 EF1 and 4 EF0) across coastal counties of Southeast South Carolina during the night of August 5th into early August 6th, causing damage to numerous trees and many structures. An EF1 tornado in Berkeley County caused 2 minor injuries when a car was flipped by the tornado. A total of 2 minor injuries and no fatalities occurred with tornadoes.  ||Tropical storm force winds/gusts produced scattered tree damage and communication/power outages across several counties. One minor injury occurred when a tree fell down on a vehicle in Beaufort County, South Carolina. Strongest winds were recorded across coastal areas and nearby coastal waters. The highest sustained tropical storm wind (39 knots) and highest tropical storm wind gust (55 knots) occurred at Folly Beach South End (XFSE), South Carolina. Across nearby coastal waters, the highest sustained tropical storm wind (44 knots) and highest tropical storm wind gust (51 knots) occurred at the Edisto Buoy (41004). A total of 1 minor injury and no fatalities occurred by tropical cyclone winds.",Colleton County Emergency Management reported a road washout at 5000 Wiggins Road.
SOUTH CAROLINA,45,2024,Flash Flood,0,0,0,0,10.00K,32.79,-80.76,"Debby first developed into a tropical storm about 100 miles west-southwest of Key West, Florida late afternoon on August 3rd, then gradually strengthened to a strong tropical storm while tracking north across the eastern Gulf of Mexico on August 4th. Debby then reached hurricane force strength late on August 4th about 100 miles west-northwest of Tampa, before continuing a north-northeast track across the eastern Gulf of Mexico and eventually making landfall near the Big Bend area of Florida as a Category 1 Hurricane during the morning of August 5th. Debby continued inland and weakened to a tropical storm while tracking northeast across northern Florida later on August 5th, then continued a gradual weakening trend while tracking across Southeast Georgia as a tropical storm (45 mph) before slowly emerging off the Southeast Coast at tropical storm strength (40 mph) near Tybee Island, Georgia on August 6th. Debby then tracked east and farther offshore early August 7th, then turned north and became a strong tropical storm (60 mph) over the Gulf Stream later that morning, before taking a more north-northwest track back toward the Southeast Coast and making landfall near Awendaw/Bulls Bay, South Carolina as a tropical storm (50 mph) around 2 AM on August 8th. A minimum surface pressure of 994 mb was recorded at Sullivan���s Island (XSLV), South Carolina prior to Debby making landfall. After landfall, Debby continued on a north-northwest track across South Carolina as a tropical storm into mid day August 8th, before weakening to a depression later that day and continuing a north path across North Carolina and Virginia into early August 9th. ||Across Southeast South Carolina, the main impacts associated with Debby included flash flooding due to widespread heavy rainfall, several nighttime tornadoes within rainbands and scattered tree damage associated with near tropical storm force winds.  ||Prolonged heavy rainfall across Southeast South Carolina brought widespread flash flooding on August 5th and 6th, additional areas of flash flooding on August 7th, 8th and 9th, along with considerable and prolonged flooding of creeks, streams and main stem rivers for several days thereafter. Numerous homes and roads were flooded, leading to rescues and/or evacuations. Storm total rainfall amounts from August 4th to August 9th generally ranged between 4 to 22 inches with highest amounts across the Quad County Area (Berkeley, Dorchester, Charleston, Colleton) and particularly along a stretch from Summerville, Ridgeville, St George and Harleyville, South Carolina to Moncks Corner, South Carolina. A peak storm total rainfall of 22.02 inches was recorded by a CoCoRaHS observer approximately 6.6 miles southwest of Moncks Corner, South Carolina. A daily record rainfall of 4.71 inches was also set on August 6th at the Charleston International Airport (KCHS). Despite a large amount of rain and flash flooding, storm surge/coastal flooding did not lead to mentionable impacts locally. The highest water level at the Charleston (CHTS1) tide gauge was 1.06 ft MHHW during the evening of August 5th. No injuries or fatalities occurred with flash flooding/flooding.||Several rainbands associated with Debby brought 8 tornadoes (4 EF1 and 4 EF0) across coastal counties of Southeast South Carolina during the night of August 5th into early August 6th, causing damage to numerous trees and many structures. An EF1 tornado in Berkeley County caused 2 minor injuries when a car was flipped by the tornado. A total of 2 minor injuries and no fatalities occurred with tornadoes.  ||Tropical storm force winds/gusts produced scattered tree damage and communication/power outages across several counties. One minor injury occurred when a tree fell down on a vehicle in Beaufort County, South Carolina. Strongest winds were recorded across coastal areas and nearby coastal waters. The highest sustained tropical storm wind (39 knots) and highest tropical storm wind gust (55 knots) occurred at Folly Beach South End (XFSE), South Carolina. Across nearby coastal waters, the highest sustained tropical storm wind (44 knots) and highest tropical storm wind gust (51 knots) occurred at the Edisto Buoy (41004). A total of 1 minor injury and no fatalities occurred by tropical cyclone winds.",Law enforcement reported a portion of roadway damaged in the 2400 Block of Mewville Road.
SOUTH CAROLINA,45,2024,Flash Flood,0,0,0,0,60.00K,32.9517,-80.2637,"Debby first developed into a tropical storm about 100 miles west-southwest of Key West, Florida late afternoon on August 3rd, then gradually strengthened to a strong tropical storm while tracking north across the eastern Gulf of Mexico on August 4th. Debby then reached hurricane force strength late on August 4th about 100 miles west-northwest of Tampa, before continuing a north-northeast track across the eastern Gulf of Mexico and eventually making landfall near the Big Bend area of Florida as a Category 1 Hurricane during the morning of August 5th. Debby continued inland and weakened to a tropical storm while tracking northeast across northern Florida later on August 5th, then continued a gradual weakening trend while tracking across Southeast Georgia as a tropical storm (45 mph) before slowly emerging off the Southeast Coast at tropical storm strength (40 mph) near Tybee Island, Georgia on August 6th. Debby then tracked east and farther offshore early August 7th, then turned north and became a strong tropical storm (60 mph) over the Gulf Stream later that morning, before taking a more north-northwest track back toward the Southeast Coast and making landfall near Awendaw/Bulls Bay, South Carolina as a tropical storm (50 mph) around 2 AM on August 8th. A minimum surface pressure of 994 mb was recorded at Sullivan���s Island (XSLV), South Carolina prior to Debby making landfall. After landfall, Debby continued on a north-northwest track across South Carolina as a tropical storm into mid day August 8th, before weakening to a depression later that day and continuing a north path across North Carolina and Virginia into early August 9th. ||Across Southeast South Carolina, the main impacts associated with Debby included flash flooding due to widespread heavy rainfall, several nighttime tornadoes within rainbands and scattered tree damage associated with near tropical storm force winds.  ||Prolonged heavy rainfall across Southeast South Carolina brought widespread flash flooding on August 5th and 6th, additional areas of flash flooding on August 7th, 8th and 9th, along with considerable and prolonged flooding of creeks, streams and main stem rivers for several days thereafter. Numerous homes and roads were flooded, leading to rescues and/or evacuations. Storm total rainfall amounts from August 4th to August 9th generally ranged between 4 to 22 inches with highest amounts across the Quad County Area (Berkeley, Dorchester, Charleston, Colleton) and particularly along a stretch from Summerville, Ridgeville, St George and Harleyville, South Carolina to Moncks Corner, South Carolina. A peak storm total rainfall of 22.02 inches was recorded by a CoCoRaHS observer approximately 6.6 miles southwest of Moncks Corner, South Carolina. A daily record rainfall of 4.71 inches was also set on August 6th at the Charleston International Airport (KCHS). Despite a large amount of rain and flash flooding, storm surge/coastal flooding did not lead to mentionable impacts locally. The highest water level at the Charleston (CHTS1) tide gauge was 1.06 ft MHHW during the evening of August 5th. No injuries or fatalities occurred with flash flooding/flooding.||Several rainbands associated with Debby brought 8 tornadoes (4 EF1 and 4 EF0) across coastal counties of Southeast South Carolina during the night of August 5th into early August 6th, causing damage to numerous trees and many structures. An EF1 tornado in Berkeley County caused 2 minor injuries when a car was flipped by the tornado. A total of 2 minor injuries and no fatalities occurred with tornadoes.  ||Tropical storm force winds/gusts produced scattered tree damage and communication/power outages across several counties. One minor injury occurred when a tree fell down on a vehicle in Beaufort County, South Carolina. Strongest winds were recorded across coastal areas and nearby coastal waters. The highest sustained tropical storm wind (39 knots) and highest tropical storm wind gust (55 knots) occurred at Folly Beach South End (XFSE), South Carolina. Across nearby coastal waters, the highest sustained tropical storm wind (44 knots) and highest tropical storm wind gust (51 knots) occurred at the Edisto Buoy (41004). A total of 1 minor injury and no fatalities occurred by tropical cyclone winds.",A Dorchester County emergency manager reported paved roadway damage on Summers Drive between Highway 17A and Victoria Point Lane. A small bridge in between these locations was also starting to crumble at this time.
SOUTH CAROLINA,45,2024,Flash Flood,0,0,0,0,0.00K,33.1196,-80.4006,"Debby first developed into a tropical storm about 100 miles west-southwest of Key West, Florida late afternoon on August 3rd, then gradually strengthened to a strong tropical storm while tracking north across the eastern Gulf of Mexico on August 4th. Debby then reached hurricane force strength late on August 4th about 100 miles west-northwest of Tampa, before continuing a north-northeast track across the eastern Gulf of Mexico and eventually making landfall near the Big Bend area of Florida as a Category 1 Hurricane during the morning of August 5th. Debby continued inland and weakened to a tropical storm while tracking northeast across northern Florida later on August 5th, then continued a gradual weakening trend while tracking across Southeast Georgia as a tropical storm (45 mph) before slowly emerging off the Southeast Coast at tropical storm strength (40 mph) near Tybee Island, Georgia on August 6th. Debby then tracked east and farther offshore early August 7th, then turned north and became a strong tropical storm (60 mph) over the Gulf Stream later that morning, before taking a more north-northwest track back toward the Southeast Coast and making landfall near Awendaw/Bulls Bay, South Carolina as a tropical storm (50 mph) around 2 AM on August 8th. A minimum surface pressure of 994 mb was recorded at Sullivan���s Island (XSLV), South Carolina prior to Debby making landfall. After landfall, Debby continued on a north-northwest track across South Carolina as a tropical storm into mid day August 8th, before weakening to a depression later that day and continuing a north path across North Carolina and Virginia into early August 9th. ||Across Southeast South Carolina, the main impacts associated with Debby included flash flooding due to widespread heavy rainfall, several nighttime tornadoes within rainbands and scattered tree damage associated with near tropical storm force winds.  ||Prolonged heavy rainfall across Southeast South Carolina brought widespread flash flooding on August 5th and 6th, additional areas of flash flooding on August 7th, 8th and 9th, along with considerable and prolonged flooding of creeks, streams and main stem rivers for several days thereafter. Numerous homes and roads were flooded, leading to rescues and/or evacuations. Storm total rainfall amounts from August 4th to August 9th generally ranged between 4 to 22 inches with highest amounts across the Quad County Area (Berkeley, Dorchester, Charleston, Colleton) and particularly along a stretch from Summerville, Ridgeville, St George and Harleyville, South Carolina to Moncks Corner, South Carolina. A peak storm total rainfall of 22.02 inches was recorded by a CoCoRaHS observer approximately 6.6 miles southwest of Moncks Corner, South Carolina. A daily record rainfall of 4.71 inches was also set on August 6th at the Charleston International Airport (KCHS). Despite a large amount of rain and flash flooding, storm surge/coastal flooding did not lead to mentionable impacts locally. The highest water level at the Charleston (CHTS1) tide gauge was 1.06 ft MHHW during the evening of August 5th. No injuries or fatalities occurred with flash flooding/flooding.||Several rainbands associated with Debby brought 8 tornadoes (4 EF1 and 4 EF0) across coastal counties of Southeast South Carolina during the night of August 5th into early August 6th, causing damage to numerous trees and many structures. An EF1 tornado in Berkeley County caused 2 minor injuries when a car was flipped by the tornado. A total of 2 minor injuries and no fatalities occurred with tornadoes.  ||Tropical storm force winds/gusts produced scattered tree damage and communication/power outages across several counties. One minor injury occurred when a tree fell down on a vehicle in Beaufort County, South Carolina. Strongest winds were recorded across coastal areas and nearby coastal waters. The highest sustained tropical storm wind (39 knots) and highest tropical storm wind gust (55 knots) occurred at Folly Beach South End (XFSE), South Carolina. Across nearby coastal waters, the highest sustained tropical storm wind (44 knots) and highest tropical storm wind gust (51 knots) occurred at the Edisto Buoy (41004). A total of 1 minor injury and no fatalities occurred by tropical cyclone winds.",A Dorchester County emergency manager relayed an image of water moving over Salem Road where it intersects with Halfway Gut Creek.
SOUTH CAROLINA,45,2024,Flash Flood,0,0,0,0,0.00K,33.2117,-80.0275,"Debby first developed into a tropical storm about 100 miles west-southwest of Key West, Florida late afternoon on August 3rd, then gradually strengthened to a strong tropical storm while tracking north across the eastern Gulf of Mexico on August 4th. Debby then reached hurricane force strength late on August 4th about 100 miles west-northwest of Tampa, before continuing a north-northeast track across the eastern Gulf of Mexico and eventually making landfall near the Big Bend area of Florida as a Category 1 Hurricane during the morning of August 5th. Debby continued inland and weakened to a tropical storm while tracking northeast across northern Florida later on August 5th, then continued a gradual weakening trend while tracking across Southeast Georgia as a tropical storm (45 mph) before slowly emerging off the Southeast Coast at tropical storm strength (40 mph) near Tybee Island, Georgia on August 6th. Debby then tracked east and farther offshore early August 7th, then turned north and became a strong tropical storm (60 mph) over the Gulf Stream later that morning, before taking a more north-northwest track back toward the Southeast Coast and making landfall near Awendaw/Bulls Bay, South Carolina as a tropical storm (50 mph) around 2 AM on August 8th. A minimum surface pressure of 994 mb was recorded at Sullivan���s Island (XSLV), South Carolina prior to Debby making landfall. After landfall, Debby continued on a north-northwest track across South Carolina as a tropical storm into mid day August 8th, before weakening to a depression later that day and continuing a north path across North Carolina and Virginia into early August 9th. ||Across Southeast South Carolina, the main impacts associated with Debby included flash flooding due to widespread heavy rainfall, several nighttime tornadoes within rainbands and scattered tree damage associated with near tropical storm force winds.  ||Prolonged heavy rainfall across Southeast South Carolina brought widespread flash flooding on August 5th and 6th, additional areas of flash flooding on August 7th, 8th and 9th, along with considerable and prolonged flooding of creeks, streams and main stem rivers for several days thereafter. Numerous homes and roads were flooded, leading to rescues and/or evacuations. Storm total rainfall amounts from August 4th to August 9th generally ranged between 4 to 22 inches with highest amounts across the Quad County Area (Berkeley, Dorchester, Charleston, Colleton) and particularly along a stretch from Summerville, Ridgeville, St George and Harleyville, South Carolina to Moncks Corner, South Carolina. A peak storm total rainfall of 22.02 inches was recorded by a CoCoRaHS observer approximately 6.6 miles southwest of Moncks Corner, South Carolina. A daily record rainfall of 4.71 inches was also set on August 6th at the Charleston International Airport (KCHS). Despite a large amount of rain and flash flooding, storm surge/coastal flooding did not lead to mentionable impacts locally. The highest water level at the Charleston (CHTS1) tide gauge was 1.06 ft MHHW during the evening of August 5th. No injuries or fatalities occurred with flash flooding/flooding.||Several rainbands associated with Debby brought 8 tornadoes (4 EF1 and 4 EF0) across coastal counties of Southeast South Carolina during the night of August 5th into early August 6th, causing damage to numerous trees and many structures. An EF1 tornado in Berkeley County caused 2 minor injuries when a car was flipped by the tornado. A total of 2 minor injuries and no fatalities occurred with tornadoes.  ||Tropical storm force winds/gusts produced scattered tree damage and communication/power outages across several counties. One minor injury occurred when a tree fell down on a vehicle in Beaufort County, South Carolina. Strongest winds were recorded across coastal areas and nearby coastal waters. The highest sustained tropical storm wind (39 knots) and highest tropical storm wind gust (55 knots) occurred at Folly Beach South End (XFSE), South Carolina. Across nearby coastal waters, the highest sustained tropical storm wind (44 knots) and highest tropical storm wind gust (51 knots) occurred at the Edisto Buoy (41004). A total of 1 minor injury and no fatalities occurred by tropical cyclone winds.","Berkeley County Emergency Management reported approximately 30 swift water rescues within Berkeley County, mainly in Moncks Corner. No injuries have been reported."
SOUTH CAROLINA,45,2024,Flash Flood,0,0,0,0,0.00K,32.81,-80.53,"Debby first developed into a tropical storm about 100 miles west-southwest of Key West, Florida late afternoon on August 3rd, then gradually strengthened to a strong tropical storm while tracking north across the eastern Gulf of Mexico on August 4th. Debby then reached hurricane force strength late on August 4th about 100 miles west-northwest of Tampa, before continuing a north-northeast track across the eastern Gulf of Mexico and eventually making landfall near the Big Bend area of Florida as a Category 1 Hurricane during the morning of August 5th. Debby continued inland and weakened to a tropical storm while tracking northeast across northern Florida later on August 5th, then continued a gradual weakening trend while tracking across Southeast Georgia as a tropical storm (45 mph) before slowly emerging off the Southeast Coast at tropical storm strength (40 mph) near Tybee Island, Georgia on August 6th. Debby then tracked east and farther offshore early August 7th, then turned north and became a strong tropical storm (60 mph) over the Gulf Stream later that morning, before taking a more north-northwest track back toward the Southeast Coast and making landfall near Awendaw/Bulls Bay, South Carolina as a tropical storm (50 mph) around 2 AM on August 8th. A minimum surface pressure of 994 mb was recorded at Sullivan���s Island (XSLV), South Carolina prior to Debby making landfall. After landfall, Debby continued on a north-northwest track across South Carolina as a tropical storm into mid day August 8th, before weakening to a depression later that day and continuing a north path across North Carolina and Virginia into early August 9th. ||Across Southeast South Carolina, the main impacts associated with Debby included flash flooding due to widespread heavy rainfall, several nighttime tornadoes within rainbands and scattered tree damage associated with near tropical storm force winds.  ||Prolonged heavy rainfall across Southeast South Carolina brought widespread flash flooding on August 5th and 6th, additional areas of flash flooding on August 7th, 8th and 9th, along with considerable and prolonged flooding of creeks, streams and main stem rivers for several days thereafter. Numerous homes and roads were flooded, leading to rescues and/or evacuations. Storm total rainfall amounts from August 4th to August 9th generally ranged between 4 to 22 inches with highest amounts across the Quad County Area (Berkeley, Dorchester, Charleston, Colleton) and particularly along a stretch from Summerville, Ridgeville, St George and Harleyville, South Carolina to Moncks Corner, South Carolina. A peak storm total rainfall of 22.02 inches was recorded by a CoCoRaHS observer approximately 6.6 miles southwest of Moncks Corner, South Carolina. A daily record rainfall of 4.71 inches was also set on August 6th at the Charleston International Airport (KCHS). Despite a large amount of rain and flash flooding, storm surge/coastal flooding did not lead to mentionable impacts locally. The highest water level at the Charleston (CHTS1) tide gauge was 1.06 ft MHHW during the evening of August 5th. No injuries or fatalities occurred with flash flooding/flooding.||Several rainbands associated with Debby brought 8 tornadoes (4 EF1 and 4 EF0) across coastal counties of Southeast South Carolina during the night of August 5th into early August 6th, causing damage to numerous trees and many structures. An EF1 tornado in Berkeley County caused 2 minor injuries when a car was flipped by the tornado. A total of 2 minor injuries and no fatalities occurred with tornadoes.  ||Tropical storm force winds/gusts produced scattered tree damage and communication/power outages across several counties. One minor injury occurred when a tree fell down on a vehicle in Beaufort County, South Carolina. Strongest winds were recorded across coastal areas and nearby coastal waters. The highest sustained tropical storm wind (39 knots) and highest tropical storm wind gust (55 knots) occurred at Folly Beach South End (XFSE), South Carolina. Across nearby coastal waters, the highest sustained tropical storm wind (44 knots) and highest tropical storm wind gust (51 knots) occurred at the Edisto Buoy (41004). A total of 1 minor injury and no fatalities occurred by tropical cyclone winds.","A Colleton County emergency manager reported Charleston Highway closed due to flooding at Horseshoe Creek Bridge between Neyles and Jacksonboro, South Carolina. Water was actively flowing over the roadway."
SOUTH CAROLINA,45,2024,Tornado,2,0,0,0,NA,33.2079,-79.9807,"Debby first developed into a tropical storm about 100 miles west-southwest of Key West, Florida late afternoon on August 3rd, then gradually strengthened to a strong tropical storm while tracking north across the eastern Gulf of Mexico on August 4th. Debby then reached hurricane force strength late on August 4th about 100 miles west-northwest of Tampa, before continuing a north-northeast track across the eastern Gulf of Mexico and eventually making landfall near the Big Bend area of Florida as a Category 1 Hurricane during the morning of August 5th. Debby continued inland and weakened to a tropical storm while tracking northeast across northern Florida later on August 5th, then continued a gradual weakening trend while tracking across Southeast Georgia as a tropical storm (45 mph) before slowly emerging off the Southeast Coast at tropical storm strength (40 mph) near Tybee Island, Georgia on August 6th. Debby then tracked east and farther offshore early August 7th, then turned north and became a strong tropical storm (60 mph) over the Gulf Stream later that morning, before taking a more north-northwest track back toward the Southeast Coast and making landfall near Awendaw/Bulls Bay, South Carolina as a tropical storm (50 mph) around 2 AM on August 8th. A minimum surface pressure of 994 mb was recorded at Sullivan���s Island (XSLV), South Carolina prior to Debby making landfall. After landfall, Debby continued on a north-northwest track across South Carolina as a tropical storm into mid day August 8th, before weakening to a depression later that day and continuing a north path across North Carolina and Virginia into early August 9th. ||Across Southeast South Carolina, the main impacts associated with Debby included flash flooding due to widespread heavy rainfall, several nighttime tornadoes within rainbands and scattered tree damage associated with near tropical storm force winds.  ||Prolonged heavy rainfall across Southeast South Carolina brought widespread flash flooding on August 5th and 6th, additional areas of flash flooding on August 7th, 8th and 9th, along with considerable and prolonged flooding of creeks, streams and main stem rivers for several days thereafter. Numerous homes and roads were flooded, leading to rescues and/or evacuations. Storm total rainfall amounts from August 4th to August 9th generally ranged between 4 to 22 inches with highest amounts across the Quad County Area (Berkeley, Dorchester, Charleston, Colleton) and particularly along a stretch from Summerville, Ridgeville, St George and Harleyville, South Carolina to Moncks Corner, South Carolina. A peak storm total rainfall of 22.02 inches was recorded by a CoCoRaHS observer approximately 6.6 miles southwest of Moncks Corner, South Carolina. A daily record rainfall of 4.71 inches was also set on August 6th at the Charleston International Airport (KCHS). Despite a large amount of rain and flash flooding, storm surge/coastal flooding did not lead to mentionable impacts locally. The highest water level at the Charleston (CHTS1) tide gauge was 1.06 ft MHHW during the evening of August 5th. No injuries or fatalities occurred with flash flooding/flooding.||Several rainbands associated with Debby brought 8 tornadoes (4 EF1 and 4 EF0) across coastal counties of Southeast South Carolina during the night of August 5th into early August 6th, causing damage to numerous trees and many structures. An EF1 tornado in Berkeley County caused 2 minor injuries when a car was flipped by the tornado. A total of 2 minor injuries and no fatalities occurred with tornadoes.  ||Tropical storm force winds/gusts produced scattered tree damage and communication/power outages across several counties. One minor injury occurred when a tree fell down on a vehicle in Beaufort County, South Carolina. Strongest winds were recorded across coastal areas and nearby coastal waters. The highest sustained tropical storm wind (39 knots) and highest tropical storm wind gust (55 knots) occurred at Folly Beach South End (XFSE), South Carolina. Across nearby coastal waters, the highest sustained tropical storm wind (44 knots) and highest tropical storm wind gust (51 knots) occurred at the Edisto Buoy (41004). A total of 1 minor injury and no fatalities occurred by tropical cyclone winds.","A National Weather Service Storm Survey Team confirmed an EF1 tornado with an estimated maximum wind speed of 95 mph in Moncks Corner, South Carolina occurring from 153 AM to 200 AM EST.||The tornado, which originated in an outer rainband associated with Tropical Storm Debby, touched down just east of McCormick Circle, snapping two trees in the woods behind an Applebee's. The tornado then moved northwest, causing damage to the Applebee's sign and then turned west, flipping vehicles that led to 2 minor injuries. The tornado then continued on a west track, impacting an Arby's. This was the location of the strongest damage as numerous windows were blown out at the Arby's on both the west and east-facing sides of the building. The rooftop A/C was also blown into the Arby's parking lot. However, no other structural damage was noted and therefore the degree of damage was kept near the middle of the expected wind speed, or at 95 mph. The Walmart Supercenter to the northwest of Arby's also sustained some very minor roof fascia damage, which was starting to peel off from the main structure. The tornado then continued to move northwest and passed Mitton Road, where several trees were uprooted with a few branches greater than 3 inches in diameter broken. There was also a residence on Mitton Road that had roof damage to less than 20% of the structure. The tornado then moved northwest and weakened as it crossed Kitfield Road, where some branches (mostly 1-3 in diameter) were broken. There were also branches (1-3 in diameter) snapped northwest of this location on Lois Circle and Broughton Road. The tornado then continued a path northwest, before dissipating on the northern end of the Pinopolis Peninsula along the south end of Lake Moultrie."
SOUTH CAROLINA,45,2024,Flash Flood,0,0,0,0,10.00K,32.9803,-80.1933,"Debby first developed into a tropical storm about 100 miles west-southwest of Key West, Florida late afternoon on August 3rd, then gradually strengthened to a strong tropical storm while tracking north across the eastern Gulf of Mexico on August 4th. Debby then reached hurricane force strength late on August 4th about 100 miles west-northwest of Tampa, before continuing a north-northeast track across the eastern Gulf of Mexico and eventually making landfall near the Big Bend area of Florida as a Category 1 Hurricane during the morning of August 5th. Debby continued inland and weakened to a tropical storm while tracking northeast across northern Florida later on August 5th, then continued a gradual weakening trend while tracking across Southeast Georgia as a tropical storm (45 mph) before slowly emerging off the Southeast Coast at tropical storm strength (40 mph) near Tybee Island, Georgia on August 6th. Debby then tracked east and farther offshore early August 7th, then turned north and became a strong tropical storm (60 mph) over the Gulf Stream later that morning, before taking a more north-northwest track back toward the Southeast Coast and making landfall near Awendaw/Bulls Bay, South Carolina as a tropical storm (50 mph) around 2 AM on August 8th. A minimum surface pressure of 994 mb was recorded at Sullivan���s Island (XSLV), South Carolina prior to Debby making landfall. After landfall, Debby continued on a north-northwest track across South Carolina as a tropical storm into mid day August 8th, before weakening to a depression later that day and continuing a north path across North Carolina and Virginia into early August 9th. ||Across Southeast South Carolina, the main impacts associated with Debby included flash flooding due to widespread heavy rainfall, several nighttime tornadoes within rainbands and scattered tree damage associated with near tropical storm force winds.  ||Prolonged heavy rainfall across Southeast South Carolina brought widespread flash flooding on August 5th and 6th, additional areas of flash flooding on August 7th, 8th and 9th, along with considerable and prolonged flooding of creeks, streams and main stem rivers for several days thereafter. Numerous homes and roads were flooded, leading to rescues and/or evacuations. Storm total rainfall amounts from August 4th to August 9th generally ranged between 4 to 22 inches with highest amounts across the Quad County Area (Berkeley, Dorchester, Charleston, Colleton) and particularly along a stretch from Summerville, Ridgeville, St George and Harleyville, South Carolina to Moncks Corner, South Carolina. A peak storm total rainfall of 22.02 inches was recorded by a CoCoRaHS observer approximately 6.6 miles southwest of Moncks Corner, South Carolina. A daily record rainfall of 4.71 inches was also set on August 6th at the Charleston International Airport (KCHS). Despite a large amount of rain and flash flooding, storm surge/coastal flooding did not lead to mentionable impacts locally. The highest water level at the Charleston (CHTS1) tide gauge was 1.06 ft MHHW during the evening of August 5th. No injuries or fatalities occurred with flash flooding/flooding.||Several rainbands associated with Debby brought 8 tornadoes (4 EF1 and 4 EF0) across coastal counties of Southeast South Carolina during the night of August 5th into early August 6th, causing damage to numerous trees and many structures. An EF1 tornado in Berkeley County caused 2 minor injuries when a car was flipped by the tornado. A total of 2 minor injuries and no fatalities occurred with tornadoes.  ||Tropical storm force winds/gusts produced scattered tree damage and communication/power outages across several counties. One minor injury occurred when a tree fell down on a vehicle in Beaufort County, South Carolina. Strongest winds were recorded across coastal areas and nearby coastal waters. The highest sustained tropical storm wind (39 knots) and highest tropical storm wind gust (55 knots) occurred at Folly Beach South End (XFSE), South Carolina. Across nearby coastal waters, the highest sustained tropical storm wind (44 knots) and highest tropical storm wind gust (51 knots) occurred at the Edisto Buoy (41004). A total of 1 minor injury and no fatalities occurred by tropical cyclone winds.","A Dorchester County emergency manager reported a water rescue in progress on Magwood Drive. Another resident on the 9000 Block of Dorchester Road requested assistance. In addition, a guardrail along Dorchester Road was washed out with water along the road bankfull."
SOUTH CAROLINA,45,2024,Flood,0,0,0,0,20.00K,32.83,-80.67,"Debby first developed into a tropical storm about 100 miles west-southwest of Key West, Florida late afternoon on August 3rd, then gradually strengthened to a strong tropical storm while tracking north across the eastern Gulf of Mexico on August 4th. Debby then reached hurricane force strength late on August 4th about 100 miles west-northwest of Tampa, before continuing a north-northeast track across the eastern Gulf of Mexico and eventually making landfall near the Big Bend area of Florida as a Category 1 Hurricane during the morning of August 5th. Debby continued inland and weakened to a tropical storm while tracking northeast across northern Florida later on August 5th, then continued a gradual weakening trend while tracking across Southeast Georgia as a tropical storm (45 mph) before slowly emerging off the Southeast Coast at tropical storm strength (40 mph) near Tybee Island, Georgia on August 6th. Debby then tracked east and farther offshore early August 7th, then turned north and became a strong tropical storm (60 mph) over the Gulf Stream later that morning, before taking a more north-northwest track back toward the Southeast Coast and making landfall near Awendaw/Bulls Bay, South Carolina as a tropical storm (50 mph) around 2 AM on August 8th. A minimum surface pressure of 994 mb was recorded at Sullivan���s Island (XSLV), South Carolina prior to Debby making landfall. After landfall, Debby continued on a north-northwest track across South Carolina as a tropical storm into mid day August 8th, before weakening to a depression later that day and continuing a north path across North Carolina and Virginia into early August 9th. ||Across Southeast South Carolina, the main impacts associated with Debby included flash flooding due to widespread heavy rainfall, several nighttime tornadoes within rainbands and scattered tree damage associated with near tropical storm force winds.  ||Prolonged heavy rainfall across Southeast South Carolina brought widespread flash flooding on August 5th and 6th, additional areas of flash flooding on August 7th, 8th and 9th, along with considerable and prolonged flooding of creeks, streams and main stem rivers for several days thereafter. Numerous homes and roads were flooded, leading to rescues and/or evacuations. Storm total rainfall amounts from August 4th to August 9th generally ranged between 4 to 22 inches with highest amounts across the Quad County Area (Berkeley, Dorchester, Charleston, Colleton) and particularly along a stretch from Summerville, Ridgeville, St George and Harleyville, South Carolina to Moncks Corner, South Carolina. A peak storm total rainfall of 22.02 inches was recorded by a CoCoRaHS observer approximately 6.6 miles southwest of Moncks Corner, South Carolina. A daily record rainfall of 4.71 inches was also set on August 6th at the Charleston International Airport (KCHS). Despite a large amount of rain and flash flooding, storm surge/coastal flooding did not lead to mentionable impacts locally. The highest water level at the Charleston (CHTS1) tide gauge was 1.06 ft MHHW during the evening of August 5th. No injuries or fatalities occurred with flash flooding/flooding.||Several rainbands associated with Debby brought 8 tornadoes (4 EF1 and 4 EF0) across coastal counties of Southeast South Carolina during the night of August 5th into early August 6th, causing damage to numerous trees and many structures. An EF1 tornado in Berkeley County caused 2 minor injuries when a car was flipped by the tornado. A total of 2 minor injuries and no fatalities occurred with tornadoes.  ||Tropical storm force winds/gusts produced scattered tree damage and communication/power outages across several counties. One minor injury occurred when a tree fell down on a vehicle in Beaufort County, South Carolina. Strongest winds were recorded across coastal areas and nearby coastal waters. The highest sustained tropical storm wind (39 knots) and highest tropical storm wind gust (55 knots) occurred at Folly Beach South End (XFSE), South Carolina. Across nearby coastal waters, the highest sustained tropical storm wind (44 knots) and highest tropical storm wind gust (51 knots) occurred at the Edisto Buoy (41004). A total of 1 minor injury and no fatalities occurred by tropical cyclone winds.",A Colleton County emergency manager reported multiple washouts along the dirt road portion of See See Road.
SOUTH CAROLINA,45,2024,Thunderstorm Wind,0,0,0,0,1.00K,32.93,-80.7,"High levels of instability associated with strong heating, moderate levels of downdraft CAPE and outflow boundaries from previous thunderstorms led to an environment supportive of severe thunderstorms capable of producing damaging winds.",Law enforcement reported a tree down in the 2200 Block of Bells Highway.
SOUTH CAROLINA,45,2024,Thunderstorm Wind,0,0,0,0,1.00K,32.99,-80.99,"High levels of instability associated with strong heating, moderate levels of downdraft CAPE and outflow boundaries from previous thunderstorms led to an environment supportive of severe thunderstorms capable of producing damaging winds.","Law enforcement reported a tree down on a road and residence, blocking one lane near the intersection of Cayce Road and Mount Nebo Road."
SOUTH CAROLINA,45,2024,Flash Flood,0,0,0,0,25.00K,32.8932,-80.8829,"Debby first developed into a tropical storm about 100 miles west-southwest of Key West, Florida late afternoon on August 3rd, then gradually strengthened to a strong tropical storm while tracking north across the eastern Gulf of Mexico on August 4th. Debby then reached hurricane force strength late on August 4th about 100 miles west-northwest of Tampa, before continuing a north-northeast track across the eastern Gulf of Mexico and eventually making landfall near the Big Bend area of Florida as a Category 1 Hurricane during the morning of August 5th. Debby continued inland and weakened to a tropical storm while tracking northeast across northern Florida later on August 5th, then continued a gradual weakening trend while tracking across Southeast Georgia as a tropical storm (45 mph) before slowly emerging off the Southeast Coast at tropical storm strength (40 mph) near Tybee Island, Georgia on August 6th. Debby then tracked east and farther offshore early August 7th, then turned north and became a strong tropical storm (60 mph) over the Gulf Stream later that morning, before taking a more north-northwest track back toward the Southeast Coast and making landfall near Awendaw/Bulls Bay, South Carolina as a tropical storm (50 mph) around 2 AM on August 8th. A minimum surface pressure of 994 mb was recorded at Sullivan���s Island (XSLV), South Carolina prior to Debby making landfall. After landfall, Debby continued on a north-northwest track across South Carolina as a tropical storm into mid day August 8th, before weakening to a depression later that day and continuing a north path across North Carolina and Virginia into early August 9th. ||Across Southeast South Carolina, the main impacts associated with Debby included flash flooding due to widespread heavy rainfall, several nighttime tornadoes within rainbands and scattered tree damage associated with near tropical storm force winds.  ||Prolonged heavy rainfall across Southeast South Carolina brought widespread flash flooding on August 5th and 6th, additional areas of flash flooding on August 7th, 8th and 9th, along with considerable and prolonged flooding of creeks, streams and main stem rivers for several days thereafter. Numerous homes and roads were flooded, leading to rescues and/or evacuations. Storm total rainfall amounts from August 4th to August 9th generally ranged between 4 to 22 inches with highest amounts across the Quad County Area (Berkeley, Dorchester, Charleston, Colleton) and particularly along a stretch from Summerville, Ridgeville, St George and Harleyville, South Carolina to Moncks Corner, South Carolina. A peak storm total rainfall of 22.02 inches was recorded by a CoCoRaHS observer approximately 6.6 miles southwest of Moncks Corner, South Carolina. A daily record rainfall of 4.71 inches was also set on August 6th at the Charleston International Airport (KCHS). Despite a large amount of rain and flash flooding, storm surge/coastal flooding did not lead to mentionable impacts locally. The highest water level at the Charleston (CHTS1) tide gauge was 1.06 ft MHHW during the evening of August 5th. No injuries or fatalities occurred with flash flooding/flooding.||Several rainbands associated with Debby brought 8 tornadoes (4 EF1 and 4 EF0) across coastal counties of Southeast South Carolina during the night of August 5th into early August 6th, causing damage to numerous trees and many structures. An EF1 tornado in Berkeley County caused 2 minor injuries when a car was flipped by the tornado. A total of 2 minor injuries and no fatalities occurred with tornadoes.  ||Tropical storm force winds/gusts produced scattered tree damage and communication/power outages across several counties. One minor injury occurred when a tree fell down on a vehicle in Beaufort County, South Carolina. Strongest winds were recorded across coastal areas and nearby coastal waters. The highest sustained tropical storm wind (39 knots) and highest tropical storm wind gust (55 knots) occurred at Folly Beach South End (XFSE), South Carolina. Across nearby coastal waters, the highest sustained tropical storm wind (44 knots) and highest tropical storm wind gust (51 knots) occurred at the Edisto Buoy (41004). A total of 1 minor injury and no fatalities occurred by tropical cyclone winds.",Colleton County Emergency Management reported that the drainage pipe under the roadway in the 1300 Block of Forks Road has washed out due to heavy rainfall from Debby. The exact date and time is estimated.
SOUTH CAROLINA,45,2024,Flash Flood,0,0,0,0,0.00K,32.174,-80.7721,"Debby first developed into a tropical storm about 100 miles west-southwest of Key West, Florida late afternoon on August 3rd, then gradually strengthened to a strong tropical storm while tracking north across the eastern Gulf of Mexico on August 4th. Debby then reached hurricane force strength late on August 4th about 100 miles west-northwest of Tampa, before continuing a north-northeast track across the eastern Gulf of Mexico and eventually making landfall near the Big Bend area of Florida as a Category 1 Hurricane during the morning of August 5th. Debby continued inland and weakened to a tropical storm while tracking northeast across northern Florida later on August 5th, then continued a gradual weakening trend while tracking across Southeast Georgia as a tropical storm (45 mph) before slowly emerging off the Southeast Coast at tropical storm strength (40 mph) near Tybee Island, Georgia on August 6th. Debby then tracked east and farther offshore early August 7th, then turned north and became a strong tropical storm (60 mph) over the Gulf Stream later that morning, before taking a more north-northwest track back toward the Southeast Coast and making landfall near Awendaw/Bulls Bay, South Carolina as a tropical storm (50 mph) around 2 AM on August 8th. A minimum surface pressure of 994 mb was recorded at Sullivan���s Island (XSLV), South Carolina prior to Debby making landfall. After landfall, Debby continued on a north-northwest track across South Carolina as a tropical storm into mid day August 8th, before weakening to a depression later that day and continuing a north path across North Carolina and Virginia into early August 9th. ||Across Southeast South Carolina, the main impacts associated with Debby included flash flooding due to widespread heavy rainfall, several nighttime tornadoes within rainbands and scattered tree damage associated with near tropical storm force winds.  ||Prolonged heavy rainfall across Southeast South Carolina brought widespread flash flooding on August 5th and 6th, additional areas of flash flooding on August 7th, 8th and 9th, along with considerable and prolonged flooding of creeks, streams and main stem rivers for several days thereafter. Numerous homes and roads were flooded, leading to rescues and/or evacuations. Storm total rainfall amounts from August 4th to August 9th generally ranged between 4 to 22 inches with highest amounts across the Quad County Area (Berkeley, Dorchester, Charleston, Colleton) and particularly along a stretch from Summerville, Ridgeville, St George and Harleyville, South Carolina to Moncks Corner, South Carolina. A peak storm total rainfall of 22.02 inches was recorded by a CoCoRaHS observer approximately 6.6 miles southwest of Moncks Corner, South Carolina. A daily record rainfall of 4.71 inches was also set on August 6th at the Charleston International Airport (KCHS). Despite a large amount of rain and flash flooding, storm surge/coastal flooding did not lead to mentionable impacts locally. The highest water level at the Charleston (CHTS1) tide gauge was 1.06 ft MHHW during the evening of August 5th. No injuries or fatalities occurred with flash flooding/flooding.||Several rainbands associated with Debby brought 8 tornadoes (4 EF1 and 4 EF0) across coastal counties of Southeast South Carolina during the night of August 5th into early August 6th, causing damage to numerous trees and many structures. An EF1 tornado in Berkeley County caused 2 minor injuries when a car was flipped by the tornado. A total of 2 minor injuries and no fatalities occurred with tornadoes.  ||Tropical storm force winds/gusts produced scattered tree damage and communication/power outages across several counties. One minor injury occurred when a tree fell down on a vehicle in Beaufort County, South Carolina. Strongest winds were recorded across coastal areas and nearby coastal waters. The highest sustained tropical storm wind (39 knots) and highest tropical storm wind gust (55 knots) occurred at Folly Beach South End (XFSE), South Carolina. Across nearby coastal waters, the highest sustained tropical storm wind (44 knots) and highest tropical storm wind gust (51 knots) occurred at the Edisto Buoy (41004). A total of 1 minor injury and no fatalities occurred by tropical cyclone winds.",A Beaufort County emergency manager reported floodwater entering one home and surrounding another home along Bay Pine Drive.
SOUTH CAROLINA,45,2024,Heavy Rain,0,0,0,0,NA,32.234,-80.803,"Debby first developed into a tropical storm about 100 miles west-southwest of Key West, Florida late afternoon on August 3rd, then gradually strengthened to a strong tropical storm while tracking north across the eastern Gulf of Mexico on August 4th. Debby then reached hurricane force strength late on August 4th about 100 miles west-northwest of Tampa, before continuing a north-northeast track across the eastern Gulf of Mexico and eventually making landfall near the Big Bend area of Florida as a Category 1 Hurricane during the morning of August 5th. Debby continued inland and weakened to a tropical storm while tracking northeast across northern Florida later on August 5th, then continued a gradual weakening trend while tracking across Southeast Georgia as a tropical storm (45 mph) before slowly emerging off the Southeast Coast at tropical storm strength (40 mph) near Tybee Island, Georgia on August 6th. Debby then tracked east and farther offshore early August 7th, then turned north and became a strong tropical storm (60 mph) over the Gulf Stream later that morning, before taking a more north-northwest track back toward the Southeast Coast and making landfall near Awendaw/Bulls Bay, South Carolina as a tropical storm (50 mph) around 2 AM on August 8th. A minimum surface pressure of 994 mb was recorded at Sullivan���s Island (XSLV), South Carolina prior to Debby making landfall. After landfall, Debby continued on a north-northwest track across South Carolina as a tropical storm into mid day August 8th, before weakening to a depression later that day and continuing a north path across North Carolina and Virginia into early August 9th. ||Across Southeast South Carolina, the main impacts associated with Debby included flash flooding due to widespread heavy rainfall, several nighttime tornadoes within rainbands and scattered tree damage associated with near tropical storm force winds.  ||Prolonged heavy rainfall across Southeast South Carolina brought widespread flash flooding on August 5th and 6th, additional areas of flash flooding on August 7th, 8th and 9th, along with considerable and prolonged flooding of creeks, streams and main stem rivers for several days thereafter. Numerous homes and roads were flooded, leading to rescues and/or evacuations. Storm total rainfall amounts from August 4th to August 9th generally ranged between 4 to 22 inches with highest amounts across the Quad County Area (Berkeley, Dorchester, Charleston, Colleton) and particularly along a stretch from Summerville, Ridgeville, St George and Harleyville, South Carolina to Moncks Corner, South Carolina. A peak storm total rainfall of 22.02 inches was recorded by a CoCoRaHS observer approximately 6.6 miles southwest of Moncks Corner, South Carolina. A daily record rainfall of 4.71 inches was also set on August 6th at the Charleston International Airport (KCHS). Despite a large amount of rain and flash flooding, storm surge/coastal flooding did not lead to mentionable impacts locally. The highest water level at the Charleston (CHTS1) tide gauge was 1.06 ft MHHW during the evening of August 5th. No injuries or fatalities occurred with flash flooding/flooding.||Several rainbands associated with Debby brought 8 tornadoes (4 EF1 and 4 EF0) across coastal counties of Southeast South Carolina during the night of August 5th into early August 6th, causing damage to numerous trees and many structures. An EF1 tornado in Berkeley County caused 2 minor injuries when a car was flipped by the tornado. A total of 2 minor injuries and no fatalities occurred with tornadoes.  ||Tropical storm force winds/gusts produced scattered tree damage and communication/power outages across several counties. One minor injury occurred when a tree fell down on a vehicle in Beaufort County, South Carolina. Strongest winds were recorded across coastal areas and nearby coastal waters. The highest sustained tropical storm wind (39 knots) and highest tropical storm wind gust (55 knots) occurred at Folly Beach South End (XFSE), South Carolina. Across nearby coastal waters, the highest sustained tropical storm wind (44 knots) and highest tropical storm wind gust (51 knots) occurred at the Edisto Buoy (41004). A total of 1 minor injury and no fatalities occurred by tropical cyclone winds.","Broadcast media indicated that the roof of a convenience store collapsed near the Flyover on Highway 278, likely due to the weight of standing rainwater."
SOUTH CAROLINA,45,2024,Flood,0,0,0,0,5.00K,32.685,-80.854,"Debby first developed into a tropical storm about 100 miles west-southwest of Key West, Florida late afternoon on August 3rd, then gradually strengthened to a strong tropical storm while tracking north across the eastern Gulf of Mexico on August 4th. Debby then reached hurricane force strength late on August 4th about 100 miles west-northwest of Tampa, before continuing a north-northeast track across the eastern Gulf of Mexico and eventually making landfall near the Big Bend area of Florida as a Category 1 Hurricane during the morning of August 5th. Debby continued inland and weakened to a tropical storm while tracking northeast across northern Florida later on August 5th, then continued a gradual weakening trend while tracking across Southeast Georgia as a tropical storm (45 mph) before slowly emerging off the Southeast Coast at tropical storm strength (40 mph) near Tybee Island, Georgia on August 6th. Debby then tracked east and farther offshore early August 7th, then turned north and became a strong tropical storm (60 mph) over the Gulf Stream later that morning, before taking a more north-northwest track back toward the Southeast Coast and making landfall near Awendaw/Bulls Bay, South Carolina as a tropical storm (50 mph) around 2 AM on August 8th. A minimum surface pressure of 994 mb was recorded at Sullivan���s Island (XSLV), South Carolina prior to Debby making landfall. After landfall, Debby continued on a north-northwest track across South Carolina as a tropical storm into mid day August 8th, before weakening to a depression later that day and continuing a north path across North Carolina and Virginia into early August 9th. ||Across Southeast South Carolina, the main impacts associated with Debby included flash flooding due to widespread heavy rainfall, several nighttime tornadoes within rainbands and scattered tree damage associated with near tropical storm force winds.  ||Prolonged heavy rainfall across Southeast South Carolina brought widespread flash flooding on August 5th and 6th, additional areas of flash flooding on August 7th, 8th and 9th, along with considerable and prolonged flooding of creeks, streams and main stem rivers for several days thereafter. Numerous homes and roads were flooded, leading to rescues and/or evacuations. Storm total rainfall amounts from August 4th to August 9th generally ranged between 4 to 22 inches with highest amounts across the Quad County Area (Berkeley, Dorchester, Charleston, Colleton) and particularly along a stretch from Summerville, Ridgeville, St George and Harleyville, South Carolina to Moncks Corner, South Carolina. A peak storm total rainfall of 22.02 inches was recorded by a CoCoRaHS observer approximately 6.6 miles southwest of Moncks Corner, South Carolina. A daily record rainfall of 4.71 inches was also set on August 6th at the Charleston International Airport (KCHS). Despite a large amount of rain and flash flooding, storm surge/coastal flooding did not lead to mentionable impacts locally. The highest water level at the Charleston (CHTS1) tide gauge was 1.06 ft MHHW during the evening of August 5th. No injuries or fatalities occurred with flash flooding/flooding.||Several rainbands associated with Debby brought 8 tornadoes (4 EF1 and 4 EF0) across coastal counties of Southeast South Carolina during the night of August 5th into early August 6th, causing damage to numerous trees and many structures. An EF1 tornado in Berkeley County caused 2 minor injuries when a car was flipped by the tornado. A total of 2 minor injuries and no fatalities occurred with tornadoes.  ||Tropical storm force winds/gusts produced scattered tree damage and communication/power outages across several counties. One minor injury occurred when a tree fell down on a vehicle in Beaufort County, South Carolina. Strongest winds were recorded across coastal areas and nearby coastal waters. The highest sustained tropical storm wind (39 knots) and highest tropical storm wind gust (55 knots) occurred at Folly Beach South End (XFSE), South Carolina. Across nearby coastal waters, the highest sustained tropical storm wind (44 knots) and highest tropical storm wind gust (51 knots) occurred at the Edisto Buoy (41004). A total of 1 minor injury and no fatalities occurred by tropical cyclone winds.",A Hampton County emergency manager reported that the shoulder of Hendersonville Highway was washed out.
SOUTH CAROLINA,45,2024,Thunderstorm Wind,0,0,0,0,NA,33.31,-79.96,"Strong instability, moderate levels of downdraft CAPE, ample bulk shear and a passing mid-level shortwave led to an environment supportive of strong/severe thunderstorms upstream, before activity entered Southeast South Carolina with a cold front during evening hours.",A Berkeley County emergency manager reported several trees down in the Bonneau area.
SOUTH CAROLINA,45,2024,Tornado,0,0,0,0,NA,32.524,-80.336,"Debby first developed into a tropical storm about 100 miles west-southwest of Key West, Florida late afternoon on August 3rd, then gradually strengthened to a strong tropical storm while tracking north across the eastern Gulf of Mexico on August 4th. Debby then reached hurricane force strength late on August 4th about 100 miles west-northwest of Tampa, before continuing a north-northeast track across the eastern Gulf of Mexico and eventually making landfall near the Big Bend area of Florida as a Category 1 Hurricane during the morning of August 5th. Debby continued inland and weakened to a tropical storm while tracking northeast across northern Florida later on August 5th, then continued a gradual weakening trend while tracking across Southeast Georgia as a tropical storm (45 mph) before slowly emerging off the Southeast Coast at tropical storm strength (40 mph) near Tybee Island, Georgia on August 6th. Debby then tracked east and farther offshore early August 7th, then turned north and became a strong tropical storm (60 mph) over the Gulf Stream later that morning, before taking a more north-northwest track back toward the Southeast Coast and making landfall near Awendaw/Bulls Bay, South Carolina as a tropical storm (50 mph) around 2 AM on August 8th. A minimum surface pressure of 994 mb was recorded at Sullivan���s Island (XSLV), South Carolina prior to Debby making landfall. After landfall, Debby continued on a north-northwest track across South Carolina as a tropical storm into mid day August 8th, before weakening to a depression later that day and continuing a north path across North Carolina and Virginia into early August 9th. ||Across Southeast South Carolina, the main impacts associated with Debby included flash flooding due to widespread heavy rainfall, several nighttime tornadoes within rainbands and scattered tree damage associated with near tropical storm force winds.  ||Prolonged heavy rainfall across Southeast South Carolina brought widespread flash flooding on August 5th and 6th, additional areas of flash flooding on August 7th, 8th and 9th, along with considerable and prolonged flooding of creeks, streams and main stem rivers for several days thereafter. Numerous homes and roads were flooded, leading to rescues and/or evacuations. Storm total rainfall amounts from August 4th to August 9th generally ranged between 4 to 22 inches with highest amounts across the Quad County Area (Berkeley, Dorchester, Charleston, Colleton) and particularly along a stretch from Summerville, Ridgeville, St George and Harleyville, South Carolina to Moncks Corner, South Carolina. A peak storm total rainfall of 22.02 inches was recorded by a CoCoRaHS observer approximately 6.6 miles southwest of Moncks Corner, South Carolina. A daily record rainfall of 4.71 inches was also set on August 6th at the Charleston International Airport (KCHS). Despite a large amount of rain and flash flooding, storm surge/coastal flooding did not lead to mentionable impacts locally. The highest water level at the Charleston (CHTS1) tide gauge was 1.06 ft MHHW during the evening of August 5th. No injuries or fatalities occurred with flash flooding/flooding.||Several rainbands associated with Debby brought 8 tornadoes (4 EF1 and 4 EF0) across coastal counties of Southeast South Carolina during the night of August 5th into early August 6th, causing damage to numerous trees and many structures. An EF1 tornado in Berkeley County caused 2 minor injuries when a car was flipped by the tornado. A total of 2 minor injuries and no fatalities occurred with tornadoes.  ||Tropical storm force winds/gusts produced scattered tree damage and communication/power outages across several counties. One minor injury occurred when a tree fell down on a vehicle in Beaufort County, South Carolina. Strongest winds were recorded across coastal areas and nearby coastal waters. The highest sustained tropical storm wind (39 knots) and highest tropical storm wind gust (55 knots) occurred at Folly Beach South End (XFSE), South Carolina. Across nearby coastal waters, the highest sustained tropical storm wind (44 knots) and highest tropical storm wind gust (51 knots) occurred at the Edisto Buoy (41004). A total of 1 minor injury and no fatalities occurred by tropical cyclone winds.","A National Weather Service Storm Survey Team confirmed an EF1 tornado with an estimated maximum wind speed of 97 mph in Edisto Island, South Carolina occurring from 835 PM to 845 PM EST. The tornado started in Colleton County, then briefly tracked across a small portion of Charleston County, then briefly returned back into Colleton County before crossing into Charleston County once more and quickly ending. ||Along the tornado's forth and final segment, it entered Charleston County from Colleton County at a latitude/longitude of 32.524 N, 80.336 W, continuing a northwest path across a marshy region and dissipating north of Palmetto Road."
SOUTH CAROLINA,45,2024,Flash Flood,0,0,0,0,100.00K,33.0111,-81.085,"Debby first developed into a tropical storm about 100 miles west-southwest of Key West, Florida late afternoon on August 3rd, then gradually strengthened to a strong tropical storm while tracking north across the eastern Gulf of Mexico on August 4th. Debby then reached hurricane force strength late on August 4th about 100 miles west-northwest of Tampa, before continuing a north-northeast track across the eastern Gulf of Mexico and eventually making landfall near the Big Bend area of Florida as a Category 1 Hurricane during the morning of August 5th. Debby continued inland and weakened to a tropical storm while tracking northeast across northern Florida later on August 5th, then continued a gradual weakening trend while tracking across Southeast Georgia as a tropical storm (45 mph) before slowly emerging off the Southeast Coast at tropical storm strength (40 mph) near Tybee Island, Georgia on August 6th. Debby then tracked east and farther offshore early August 7th, then turned north and became a strong tropical storm (60 mph) over the Gulf Stream later that morning, before taking a more north-northwest track back toward the Southeast Coast and making landfall near Awendaw/Bulls Bay, South Carolina as a tropical storm (50 mph) around 2 AM on August 8th. A minimum surface pressure of 994 mb was recorded at Sullivan���s Island (XSLV), South Carolina prior to Debby making landfall. After landfall, Debby continued on a north-northwest track across South Carolina as a tropical storm into mid day August 8th, before weakening to a depression later that day and continuing a north path across North Carolina and Virginia into early August 9th. ||Across Southeast South Carolina, the main impacts associated with Debby included flash flooding due to widespread heavy rainfall, several nighttime tornadoes within rainbands and scattered tree damage associated with near tropical storm force winds.  ||Prolonged heavy rainfall across Southeast South Carolina brought widespread flash flooding on August 5th and 6th, additional areas of flash flooding on August 7th, 8th and 9th, along with considerable and prolonged flooding of creeks, streams and main stem rivers for several days thereafter. Numerous homes and roads were flooded, leading to rescues and/or evacuations. Storm total rainfall amounts from August 4th to August 9th generally ranged between 4 to 22 inches with highest amounts across the Quad County Area (Berkeley, Dorchester, Charleston, Colleton) and particularly along a stretch from Summerville, Ridgeville, St George and Harleyville, South Carolina to Moncks Corner, South Carolina. A peak storm total rainfall of 22.02 inches was recorded by a CoCoRaHS observer approximately 6.6 miles southwest of Moncks Corner, South Carolina. A daily record rainfall of 4.71 inches was also set on August 6th at the Charleston International Airport (KCHS). Despite a large amount of rain and flash flooding, storm surge/coastal flooding did not lead to mentionable impacts locally. The highest water level at the Charleston (CHTS1) tide gauge was 1.06 ft MHHW during the evening of August 5th. No injuries or fatalities occurred with flash flooding/flooding.||Several rainbands associated with Debby brought 8 tornadoes (4 EF1 and 4 EF0) across coastal counties of Southeast South Carolina during the night of August 5th into early August 6th, causing damage to numerous trees and many structures. An EF1 tornado in Berkeley County caused 2 minor injuries when a car was flipped by the tornado. A total of 2 minor injuries and no fatalities occurred with tornadoes.  ||Tropical storm force winds/gusts produced scattered tree damage and communication/power outages across several counties. One minor injury occurred when a tree fell down on a vehicle in Beaufort County, South Carolina. Strongest winds were recorded across coastal areas and nearby coastal waters. The highest sustained tropical storm wind (39 knots) and highest tropical storm wind gust (55 knots) occurred at Folly Beach South End (XFSE), South Carolina. Across nearby coastal waters, the highest sustained tropical storm wind (44 knots) and highest tropical storm wind gust (51 knots) occurred at the Edisto Buoy (41004). A total of 1 minor injury and no fatalities occurred by tropical cyclone winds.","A Hampton County emergency manager reported two homes flooded along Willard Street in the town of Hampton, South Carolina. In addition, several roads were washed out or flooded across the county."
SOUTH CAROLINA,45,2024,Flash Flood,0,0,0,0,0.00K,32.2916,-80.9464,"Debby first developed into a tropical storm about 100 miles west-southwest of Key West, Florida late afternoon on August 3rd, then gradually strengthened to a strong tropical storm while tracking north across the eastern Gulf of Mexico on August 4th. Debby then reached hurricane force strength late on August 4th about 100 miles west-northwest of Tampa, before continuing a north-northeast track across the eastern Gulf of Mexico and eventually making landfall near the Big Bend area of Florida as a Category 1 Hurricane during the morning of August 5th. Debby continued inland and weakened to a tropical storm while tracking northeast across northern Florida later on August 5th, then continued a gradual weakening trend while tracking across Southeast Georgia as a tropical storm (45 mph) before slowly emerging off the Southeast Coast at tropical storm strength (40 mph) near Tybee Island, Georgia on August 6th. Debby then tracked east and farther offshore early August 7th, then turned north and became a strong tropical storm (60 mph) over the Gulf Stream later that morning, before taking a more north-northwest track back toward the Southeast Coast and making landfall near Awendaw/Bulls Bay, South Carolina as a tropical storm (50 mph) around 2 AM on August 8th. A minimum surface pressure of 994 mb was recorded at Sullivan���s Island (XSLV), South Carolina prior to Debby making landfall. After landfall, Debby continued on a north-northwest track across South Carolina as a tropical storm into mid day August 8th, before weakening to a depression later that day and continuing a north path across North Carolina and Virginia into early August 9th. ||Across Southeast South Carolina, the main impacts associated with Debby included flash flooding due to widespread heavy rainfall, several nighttime tornadoes within rainbands and scattered tree damage associated with near tropical storm force winds.  ||Prolonged heavy rainfall across Southeast South Carolina brought widespread flash flooding on August 5th and 6th, additional areas of flash flooding on August 7th, 8th and 9th, along with considerable and prolonged flooding of creeks, streams and main stem rivers for several days thereafter. Numerous homes and roads were flooded, leading to rescues and/or evacuations. Storm total rainfall amounts from August 4th to August 9th generally ranged between 4 to 22 inches with highest amounts across the Quad County Area (Berkeley, Dorchester, Charleston, Colleton) and particularly along a stretch from Summerville, Ridgeville, St George and Harleyville, South Carolina to Moncks Corner, South Carolina. A peak storm total rainfall of 22.02 inches was recorded by a CoCoRaHS observer approximately 6.6 miles southwest of Moncks Corner, South Carolina. A daily record rainfall of 4.71 inches was also set on August 6th at the Charleston International Airport (KCHS). Despite a large amount of rain and flash flooding, storm surge/coastal flooding did not lead to mentionable impacts locally. The highest water level at the Charleston (CHTS1) tide gauge was 1.06 ft MHHW during the evening of August 5th. No injuries or fatalities occurred with flash flooding/flooding.||Several rainbands associated with Debby brought 8 tornadoes (4 EF1 and 4 EF0) across coastal counties of Southeast South Carolina during the night of August 5th into early August 6th, causing damage to numerous trees and many structures. An EF1 tornado in Berkeley County caused 2 minor injuries when a car was flipped by the tornado. A total of 2 minor injuries and no fatalities occurred with tornadoes.  ||Tropical storm force winds/gusts produced scattered tree damage and communication/power outages across several counties. One minor injury occurred when a tree fell down on a vehicle in Beaufort County, South Carolina. Strongest winds were recorded across coastal areas and nearby coastal waters. The highest sustained tropical storm wind (39 knots) and highest tropical storm wind gust (55 knots) occurred at Folly Beach South End (XFSE), South Carolina. Across nearby coastal waters, the highest sustained tropical storm wind (44 knots) and highest tropical storm wind gust (51 knots) occurred at the Edisto Buoy (41004). A total of 1 minor injury and no fatalities occurred by tropical cyclone winds.",Emergency manager reports water entering home on Broughton Circle.
