STATE,STATE_FIPS,YEAR,EVENT_TYPE,INJURIES_DIRECT,INJURIES_INDIRECT,DEATHS_DIRECT,DEATHS_INDIRECT,DAMAGE_PROPERTY,BEGIN_LAT,BEGIN_LON,EPISODE_NARRATIVE,EVENT_NARRATIVE
SOUTH CAROLINA,45,2015,Thunderstorm Wind,0,0,0,0,14.00K,34.71,-80.72,A few thunderstorms in the Eastern Midlands produced some wind damage taking down trees and powerlines.,"Dispatch reported straight line wind damage, including an awning on Adam Lane, a downed tree on King Mill Road, and powerlines down on Flat Creek Road."
SOUTH CAROLINA,45,2015,Thunderstorm Wind,0,0,0,0,12.00K,34.72,-80.75,A few thunderstorms in the Eastern Midlands produced some wind damage taking down trees and powerlines.,Dispatch reported a large carport and shed blown down on Fairfield Street in Lancaster.
SOUTH CAROLINA,45,2015,Thunderstorm Wind,0,0,0,0,3.00K,33.86,-80.05,A few thunderstorms in the Eastern Midlands produced some wind damage taking down trees and powerlines.,EM reported trees down on Pudding Swamp Road.
SOUTH CAROLINA,45,2015,Thunderstorm Wind,0,0,0,0,0.00K,33.25,-81.65,A few thunderstorms in the Eastern Midlands produced some wind damage taking down trees and powerlines.,Savannah River Site wind tower at the North Area measured a 78 mph wind gust. Note...the tower anemometer is 200 feet above the ground.
SOUTH CAROLINA,45,2015,Thunderstorm Wind,0,0,0,0,0.00K,33.21,-81.66,A few thunderstorms in the Eastern Midlands produced some wind damage taking down trees and powerlines.,Savannah River Site wind tower at the K Area measured a 59 mph wind gust.  Note the tower anemometer is 200 feet above the ground.
SOUTH CAROLINA,45,2015,Thunderstorm Wind,0,0,0,0,6.00K,33.54,-80.2,A few thunderstorms in the Eastern Midlands produced some wind damage taking down trees and powerlines.,EM reported trees down on Patriot Road and Hwy 260.
SOUTH CAROLINA,45,2015,Thunderstorm Wind,0,0,0,0,4.00K,33.64,-80.07,A few thunderstorms in the Eastern Midlands produced some wind damage taking down trees and powerlines.,EM reported trees down on Greeleyville Hwy near Foreston Hwy.
SOUTH CAROLINA,45,2015,Flash Flood,0,0,0,0,18.00K,33.99,-81.03,Thunderstorms over Richland County produced 2 to 4 inches of rain within 1 to 2 hours producing flash flooding in Columbia. A couple of vehicles became trapped in the flooding when trying to drive through the flooded areas.,Columbia Police reported flooding at the intersection of Main and Whaley trapping a car.  The occupants escaped before the flood waters rose to 4 feet above the roads.
SOUTH CAROLINA,45,2015,Thunderstorm Wind,0,0,0,0,16.00K,34.72,-80.75,A few thunderstorms in the Eastern Midlands produced some wind damage taking down trees and powerlines.,Dispatch reported a tree fell onto a home on Fairfield Street in Lancaster.
SOUTH CAROLINA,45,2015,Flash Flood,0,0,0,0,16.00K,33.9872,-81.0437,Thunderstorms over Richland County produced 2 to 4 inches of rain within 1 to 2 hours producing flash flooding in Columbia. A couple of vehicles became trapped in the flooding when trying to drive through the flooded areas.,"Richland County EM reported flooding on several streets in downtown Columbia including Harden, Rosewood, Lyon, and Calhoun streets. One car was trapped when the water rose 3 feet above the road. The occupants were able to get safely to higher ground."
SOUTH CAROLINA,45,2015,Thunderstorm Wind,0,0,0,0,1.00K,33.9102,-80.6532,Thunderstorms over Richland County produced 2 to 4 inches of rain within 1 to 2 hours producing flash flooding in Columbia. A couple of vehicles became trapped in the flooding when trying to drive through the flooded areas.,NWS storm survey found a couple of trees down on Pine Thicket Road.
SOUTH CAROLINA,45,2015,Flash Flood,0,0,0,0,4.00K,34.09,-80.95,Rainfall amounts of 1 to 3 inches over central Richland County produced areas of flash flooding in Columbia closing several streets and stranding some vehicles.,Sheriff reported the intersecton of Legrand and Pinnacle Point Drive do to flash flooding.  Water levels were 1 to 3 feet deep.
SOUTH CAROLINA,45,2015,Flood,0,0,0,0,2.00K,33.92,-80.36,Heavy rains over the Midlands of South Carolina produced 2 to 4 inches of accumulation within a few hours causing areas of flash flooding.  Some roads were washed out as a result.,Roadway flooding reported by public temporarily closing some.
SOUTH CAROLINA,45,2015,Flood,0,0,0,0,2.00K,33.93,-80.31,Heavy rains over the Midlands of South Carolina produced 2 to 4 inches of accumulation within a few hours causing areas of flash flooding.  Some roads were washed out as a result.,SKYWARN spotter reported roadway flooding at US 76 and US 378 temporarily closing them.
SOUTH CAROLINA,45,2015,Flash Flood,0,0,0,0,18.00K,33.94,-80.72,Heavy rains over the Midlands of South Carolina produced 2 to 4 inches of accumulation within a few hours causing areas of flash flooding.  Some roads were washed out as a result.,Highway Patrol reported a vehicle encountered a flooded roadway and ended up going off the road into a ditch near Garners Ferry Road and Pond Drive.
SOUTH CAROLINA,45,2015,Flood,0,0,0,0,62.00K,33.99,-80.71,Heavy rains over the Midlands of South Carolina produced 2 to 4 inches of accumulation within a few hours causing areas of flash flooding.  Some roads were washed out as a result.,Images relayed from a trained spotter via social media showed road wash outs and flooded landscape. Murray Pond flooded and water went into residential properties.
SOUTH CAROLINA,45,2015,Flood,0,0,0,0,16.00K,33.94,-80.69,Heavy rains over the Midlands of South Carolina produced 2 to 4 inches of accumulation within a few hours causing areas of flash flooding.  Some roads were washed out as a result.,Business owner reported flooding under Hwy 378 overpass at Hwy 601. Minor water damage to the interior rooms of the business.
SOUTH CAROLINA,45,2015,Flash Flood,0,0,0,0,2.00K,33.93,-80.31,Heavy rains over the Midlands of South Carolina produced 2 to 4 inches of accumulation within a few hours causing areas of flash flooding.  Some roads were washed out as a result.,SKYWARN spotter reported intersection of US 76 and US 378 Flooded and impassable by heavy rains.
SOUTH CAROLINA,45,2015,Flash Flood,0,0,0,0,2.00K,33.92,-80.36,Heavy rains over the Midlands of South Carolina produced 2 to 4 inches of accumulation within a few hours causing areas of flash flooding.  Some roads were washed out as a result.,Public reported several roads flooded and closed.
SOUTH CAROLINA,45,2015,Flash Flood,0,0,0,0,3.00K,34.7009,-80.7863,Strong to Severe Thunderstorms produced wind damage along with heavy rainfall as cells trained over the same area.,Roadway flooding at Springdale Road and Hillside Avenue.
SOUTH CAROLINA,45,2015,Flash Flood,0,0,0,0,5.00K,34.2655,-81.624,Strong to Severe Thunderstorms produced wind damage along with heavy rainfall as cells trained over the same area.,County Sheriff reported several roads closed due to flooding including SC 395 at Glenn Street Extension...Hwy. 76 at Sweet Springs and Lever Road at Whitener Road.
SOUTH CAROLINA,45,2015,Flash Flood,0,0,0,0,10.00K,33.9969,-82.5238,Strong to Severe Thunderstorms produced wind damage along with heavy rainfall as cells trained over the same area.,County EM reported multiple road closures including Iron Bridge Road...New Hope Road and Hwy. 823 at Mt. Carmel.
SOUTH CAROLINA,45,2015,Flood,0,0,0,0,3.00K,34.3431,-81.7265,Strong to Severe Thunderstorms produced wind damage along with heavy rainfall as cells trained over the same area.,Roadway flooding along Bush River Road in Newberry County.
SOUTH CAROLINA,45,2015,Thunderstorm Wind,0,0,0,0,0.00K,34.84,-82.92,Isolated thunderstorms developed across Upstate South Carolina during the evening. A couple of the storms produced brief severe weather in the form of damaging winds.,HAM radio operator reported several trees and power lines blown down near Salem.
SOUTH CAROLINA,45,2015,Thunderstorm Wind,0,0,0,0,0.00K,34.65,-82.86,Isolated thunderstorms developed across Upstate South Carolina during the evening. A couple of the storms produced brief severe weather in the form of damaging winds.,HAM radio operator reported several trees and power lines blown down on West Cherry Rd. A wind gust of 49 kts (56 mph) was measured by the ASOS at the nearby Clemson/Oconee County Airport around this time.
SOUTH CAROLINA,45,2015,Thunderstorm Wind,0,0,0,0,0.00K,34.54,-82.82,Isolated thunderstorms developed across Upstate South Carolina during the evening. A couple of the storms produced brief severe weather in the form of damaging winds.,Highway patrol reported multiple trees blown down east of Townville.
SOUTH CAROLINA,45,2015,Flash Flood,0,0,0,0,3.00K,34.209,-81.9228,Strong to Severe Thunderstorms produced wind damage along with heavy rainfall as cells trained over the same area.,County Dispatch reported roadway closure due to flooding at Pineland Road at Herrington Drive.
SOUTH CAROLINA,45,2015,Flash Flood,0,0,0,0,4.00K,34.3744,-81.0958,Strong to Severe Thunderstorms produced wind damage along with heavy rainfall as cells trained over the same area.,County Dispatch reported Washington Street at Moultrie Street was being closed due to flooding.
SOUTH CAROLINA,45,2015,Flash Flood,0,0,0,0,15.00K,34.7394,-80.8402,Strong to Severe Thunderstorms produced wind damage along with heavy rainfall as cells trained over the same area.,Sheriff Dispatch reported several roads in the county are impassable to due high water. Portions of Kershaw-Camden Hwy...Shiloh Unity Road and Camp Creek Road were closed due to flooding.
SOUTH CAROLINA,45,2015,Flash Flood,0,0,0,0,10.00K,34.2408,-81.6284,Strong to Severe Thunderstorms produced wind damage along with heavy rainfall as cells trained over the same area.,County Sheriff reported two home evacuations due to flash flooding near Scott Creek on the south side of the town of Newberry.
SOUTH CAROLINA,45,2015,Flood,0,0,1,0,0.00K,34.72,-80.77,Rainfall amounts of 1.5 to 2.5 inches over the eastern Midlands and Upper Pee Dee region produced some urban and small stream flooding.  One person died when he tried to cross a flooding area with his pickup truck.  The truck went into the stream after it went off the shoulder which was washed out.,EM reported one fatality when a pickup truck tried to drive through a flooded area and the went onto the shoulder that was washed out. The truck went into the stream and when the driver tried to get out he was carried away.  The incident occurred around 630am.
SOUTH CAROLINA,45,2015,Thunderstorm Wind,0,0,0,0,0.00K,33.58,-80.38,An lone thunderstorm moved through Summerton and produced some strong winds and hail.,Public reported large limbs down and penny size hail 2 miles southwest of Summerton.
SOUTH CAROLINA,45,2015,Heavy Rain,0,0,0,0,0.00K,34.02,-80.99,A squall line of thunderstorms moved south through the Midlands and produced wind damage taking down trees and powerlines.,WLTX relayed video showing several inches of water covering Forest Drive near Beltline.
SOUTH CAROLINA,45,2015,Heavy Rain,0,0,0,0,0.00K,34.03,-81,A squall line of thunderstorms moved south through the Midlands and produced wind damage taking down trees and powerlines.,Highway Patrol reported water covering North Beltline and Beechave...roads were temporarily closed.
SOUTH CAROLINA,45,2015,Thunderstorm Wind,0,0,0,0,3.00K,33.87,-81.51,A squall line of thunderstorms moved south through the Midlands and produced wind damage taking down trees and powerlines.,Highway Patrol reported trees down on Kestrel Drive and Fairview Road.
SOUTH CAROLINA,45,2015,Thunderstorm Wind,0,0,0,0,2.00K,33.18,-81.18,A squall line of thunderstorms moved south through the Midlands and produced wind damage taking down trees and powerlines.,Dispatch reported a couple of trees down in the Olar area including Hwy 64.
SOUTH CAROLINA,45,2015,Thunderstorm Wind,0,0,0,0,3.00K,33.35,-80.68,A squall line of thunderstorms moved south through the Midlands and produced wind damage taking down trees and powerlines.,Dispatch reported trees down in Bowman.
SOUTH CAROLINA,45,2015,Thunderstorm Wind,0,0,0,0,2.00K,33.4,-80.35,A squall line of thunderstorms moved south through the Midlands and produced wind damage taking down trees and powerlines.,DOT reported a few trees down in the Eutawville area.
SOUTH CAROLINA,45,2015,Heavy Rain,0,0,0,0,0.00K,34.02,-80.95,A squall line of thunderstorms moved south through the Midlands and produced wind damage taking down trees and powerlines.,RCWINDS gage at Gills Creek near Forest Drive and I-77 showed 2.28 inches of rain between 605 pm and 635 pm.
SOUTH CAROLINA,45,2015,Heavy Rain,0,0,0,0,0.00K,34.16,-80.9,A squall line of thunderstorms moved south through the Midlands and produced wind damage taking down trees and powerlines.,COCORAHS observer SC-RC-62 reported 2.84 inches of rain in the Summit.
SOUTH CAROLINA,45,2015,Thunderstorm Wind,0,0,0,0,1.00K,34.28,-81.78,A squall line of thunderstorms moved south through the Midlands and produced wind damage taking down trees and powerlines.,Dispatch reported a couple of trees down near Belmont Church Road.
SOUTH CAROLINA,45,2015,Thunderstorm Wind,0,0,0,0,14.00K,34.22,-81.72,A squall line of thunderstorms moved south through the Midlands and produced wind damage taking down trees and powerlines.,Dispatch reported multiple trees and powerlines down around the county from Chappells to Silverstreet to Prosperity.
SOUTH CAROLINA,45,2015,Thunderstorm Wind,0,0,0,0,4.00K,33.94,-80.92,A squall line of thunderstorms moved south through the Midlands and produced wind damage taking down trees and powerlines.,Highway Patrol reported a couple of trees down in Columbia including Merrimac Drive and Chilhowie Road.
SOUTH CAROLINA,45,2015,Thunderstorm Wind,0,0,0,0,4.00K,33.89,-81.5,A squall line of thunderstorms moved south through the Midlands and produced wind damage taking down trees and powerlines.,Highway Patrol reported trees down at Brodie Road and Yorkshire Ct. in Batesburg-Leesville.
SOUTH CAROLINA,45,2015,Thunderstorm Wind,0,0,0,0,12.00K,34.34,-81.51,Scattered thunderstorms produced strong winds that took down trees and powerlines around the Midlands.,"SOCIAL MEDIA reported large trees down and tin roof off of a home was pulled back on Keitts Crossroads, SC Hwy 34, and U.S. 176."
SOUTH CAROLINA,45,2015,Thunderstorm Wind,0,0,0,0,2.00K,34,-80.79,Scattered thunderstorms produced strong winds that took down trees and powerlines around the Midlands.,Highway Patrol reported trees down on Leesburg Road and Harmon Road.
SOUTH CAROLINA,45,2015,Thunderstorm Wind,0,0,0,0,0.50K,34.26,-80.47,Scattered thunderstorms produced strong winds that took down trees and powerlines around the Midlands.,Dispatch reported a large tree down on Lucknow Road.
SOUTH CAROLINA,45,2015,Thunderstorm Wind,0,0,0,0,0.50K,34.53,-81.25,Scattered thunderstorms produced strong winds that took down trees and powerlines around the Midlands.,Highway Patrol reported a tree down on Lewis Store Road near Old Douglas Road near the community of Blackstock.
SOUTH CAROLINA,45,2015,Thunderstorm Wind,0,0,0,0,1.00K,34.28,-81.62,Scattered thunderstorms produced strong winds that took down trees and powerlines around the Midlands.,Dispatch reported trees down on Evans Street and McDowell Street in Newberry.
SOUTH CAROLINA,45,2015,Thunderstorm Wind,0,0,0,0,2.00K,34,-80.82,Scattered thunderstorms produced strong winds that took down trees and powerlines around the Midlands.,Highway Patrol reported trees down on Davis Road and Leesburg Road.
SOUTH CAROLINA,45,2015,Thunderstorm Wind,0,0,0,0,10.00K,34.4,-81.29,Scattered thunderstorms produced strong winds that took down trees and powerlines around the Midlands.,Highway Patrol reported numerous trees down on Highway 215 and many side roads in the northwest part of the county and around Blair.
SOUTH CAROLINA,45,2015,Thunderstorm Wind,0,0,0,0,3.00K,34.1,-80.88,Scattered thunderstorms produced strong winds that took down trees and powerlines around the Midlands.,Highway Patrol reported trees down on Running Fox Road and Leaning Tree Road.
SOUTH CAROLINA,45,2015,Thunderstorm Wind,0,0,0,0,8.00K,33.9,-80.88,Scattered thunderstorms produced strong winds that took down trees and powerlines around the Midlands.,DOT reported trees down from Hopkins to Eastover.
SOUTH CAROLINA,45,2015,Thunderstorm Wind,0,0,0,0,12.00K,33.4292,-80.4968,Scattered thunderstorms produced strong winds that took down trees and powerlines around the Midlands.,Electric Company reported several trees and powerlines down from south of Santee to south of Eutawville.
SOUTH CAROLINA,45,2015,Thunderstorm Wind,0,0,0,0,2.00K,33.16,-81.21,A few severe storms produced wind damage to structures and trees in Lancaster and Aiken counties.,Dispatch reported a couple of trees down on Crazy Horse Road near Olar.
SOUTH CAROLINA,45,2015,Thunderstorm Wind,0,0,0,0,3.00K,33.4033,-80.9167,A few severe storms produced wind damage to structures and trees in Lancaster and Aiken counties.,Highway Patrol reported trees down on Cordova Road and Wesley Grove Road.
SOUTH CAROLINA,45,2015,Thunderstorm Wind,0,0,0,0,3.00K,33.35,-81.21,A few severe storms produced wind damage to structures and trees in Lancaster and Aiken counties.,Highway Patrol reported trees down on U.S. 78 and Mt. Zion Road between Blackville and Denmark.
SOUTH CAROLINA,45,2015,Thunderstorm Wind,0,0,0,0,0.50K,34.33,-81.49,Scattered thunderstorms produced strong winds that took down trees and powerlines around the Midlands.,Dispatch reported a tree down on U.S. 176 at Big Pine Road.
SOUTH CAROLINA,45,2015,Thunderstorm Wind,0,0,0,0,0.50K,34.32,-81.59,Scattered thunderstorms produced strong winds that took down trees and powerlines around the Midlands.,Dispatch reported a tree down on I-26 at MM 73.
SOUTH CAROLINA,45,2015,Thunderstorm Wind,0,0,0,0,4.00K,34.17,-80.88,"A couple of isolated severe thunderstorms took down some trees and powerlines in Barnwell and Kershaw counties.  Also, a tree in Lexington county fell on a mobile home killing one occupant.",Electric company reported power outages in the Dentsville and eastern Ft. Jackson areas from trees on powerlines.
SOUTH CAROLINA,45,2015,Thunderstorm Wind,0,0,0,0,8.00K,34.26,-80.61,"A couple of isolated severe thunderstorms took down some trees and powerlines in Barnwell and Kershaw counties.  Also, a tree in Lexington county fell on a mobile home killing one occupant.",Dispatch reported trees down from Camden to Bethune.
SOUTH CAROLINA,45,2015,Thunderstorm Wind,0,0,0,0,4.00K,33.3113,-81.3369,"A couple of isolated severe thunderstorms took down some trees and powerlines in Barnwell and Kershaw counties.  Also, a tree in Lexington county fell on a mobile home killing one occupant.",Public reported several trees down along SC6-169 between Hwy 37 and Hwy 3 which is between Barnwell and Blackville.
SOUTH CAROLINA,45,2015,Thunderstorm Wind,0,0,0,0,3.00K,33.38,-81.104,A few severe storms produced wind damage to structures and trees in Lancaster and Aiken counties.,Highway Patrol reported trees down on Hwy 70 at the Edisto River.
SOUTH CAROLINA,45,2015,Thunderstorm Wind,0,0,0,0,2.00K,33.38,-81.3973,A few severe storms produced wind damage to structures and trees in Lancaster and Aiken counties.,Highway Patrol reported trees down at Williston Way and Deering Road.
SOUTH CAROLINA,45,2015,Thunderstorm Wind,0,0,0,0,3.00K,34.36,-80.31,A few isolated thunderstorms produced some wind damage taking down trees.,Dispatch reported trees down on Old Stagecoach Road near the Chesterfield County line.
SOUTH CAROLINA,45,2015,Flash Flood,0,0,0,0,5.00K,33.9875,-81.029,Heavy rainfall across the area produced flash flooding and flooding along area creeks and roadways.,USGS Gage along Rocky Branch Creek crested at 10.07 feet at 800 am. Flood stage is 7.2 feet. This resulted in the intersection of Main Street and Whaley Street to be closed.
SOUTH CAROLINA,45,2015,Flood,0,0,0,0,0.00K,33.9483,-81.1145,Heavy rainfall across the area produced flash flooding and flooding along area creeks and roadways.,Highway Patrol reported roadway flooding at John M. Hardee Expressway and Lexington Drive.
SOUTH CAROLINA,45,2015,Tornado,0,0,0,0,32.00K,34.1356,-80.1172,A long-lived and organized line of thunderstorms moved into the area from the west during the late afternoon and evening.  Thunderstorms were able to develop and blossom in the warm and increasingly unstable sector ahead of a cold front. Shear values were also notably high.,"A National Weather Service Storm Survey team found evidence of an EF-0 tornado with winds to 75 mph. Two chicken houses were damaged and one other was partially destroyed off of U.S. Highway 401 near the intersection of Lynches River Road. A  trailer near U.S. Highway 401 and West Lynches River Road sustained damage to its underpinning.  Two disease ridden trees alongside the trailer were snapped.  The tornado crossed U.S. Highway 401 knocking down numerous trees. The tornado knocked down more trees which in turn toppled a nearby power pole and power line as it crossed West Lynches Road and lifted. A piece of sheet metal from a chicken house was found 1.75 miles away, in a field off of Hudson Street."
SOUTH CAROLINA,45,2015,Thunderstorm Wind,0,0,0,0,10.00K,34.1941,-80.0832,A long-lived and organized line of thunderstorms moved into the area from the west during the late afternoon and evening.  Thunderstorms were able to develop and blossom in the warm and increasingly unstable sector ahead of a cold front. Shear values were also notably high.,A National Weather Service Storm Survey team observed minor roof and shingle damage to a house and shed on Newman Swamp Road. Multiple small trees were also blown over at this location.
SOUTH CAROLINA,45,2015,Thunderstorm Wind,0,0,0,0,14.00K,33.42,-81.7,A few severe storms produced wind damage to structures and trees in Lancaster and Aiken counties.,Aiken Electric reported trees and powerlines down causing outages in the New Ellenton area. A woman also reported that a microburst moved her motor home 4 feet causing some damage and that there were trees and powerlines down.
SOUTH CAROLINA,45,2015,Thunderstorm Wind,0,0,0,0,85.00K,34.6304,-80.6774,A few severe storms produced wind damage to structures and trees in Lancaster and Aiken counties.,"EM reported trees and powerlines down, several homes damaged, one with the roof torn off part of the backside of the home, several outbuildings and a turkey barn were badly damaged, and a chain link fence was blown down."
SOUTH CAROLINA,45,2015,Thunderstorm Wind,0,0,0,0,1.00K,34.1847,-79.4233,"The environment was characterized as highly unstable. Widespread thunderstorms erupted during the extreme heat of the afternoon and persisted into the evening. Initially severe thunderstorms developed on the Piedmont trough and seabreeze boundary. Later, other severe thunderstorms developed along colliding outflow boundaries.",A tree was reported down.
SOUTH CAROLINA,45,2015,Thunderstorm Wind,0,0,0,0,0.50K,32.71,-81.23,Strong to severe thunderstorms developed within a warm and moist airmass as a backdoor cold front shifted over southeast South Carolina.,Law enforcement reported a tree down across Steep Bottom Road.
SOUTH CAROLINA,45,2015,Thunderstorm Wind,0,0,0,0,NA,32.63,-80.88,Strong to severe thunderstorms developed within a warm and moist airmass as a backdoor cold front shifted over southeast South Carolina.,One tree and power line were reported down along Interstate 95 near Point South and one tree was also reported down on Pocotaligo Road.
SOUTH CAROLINA,45,2015,Thunderstorm Wind,0,0,0,0,NA,33.1,-81.25,Moderate instability and favorable shear profiles supported widespread wind damage as an upper level disturbance and associated severe QLCS moved across southeast South Carolina.,The South Carolina Highway Patrol reported a tree down on Wells Branch Road one mile off of Highway 301.
SOUTH CAROLINA,45,2015,Thunderstorm Wind,0,0,0,0,0.00K,35.01,-80.94,Scattered thunderstorms developed during the afternoon across northern portions of the Upstate. A series of storms organized into a cluster across Spartanburg County and produced localized severe weather.,County comms reported a tree blown down on a home on E Gregg St and another tree down at Springs St and Hill St. Power lines were also blow down in the area.
SOUTH CAROLINA,45,2015,Thunderstorm Wind,0,0,0,0,NA,33.01,-81.31,Moderate instability and favorable shear profiles supported widespread wind damage as an upper level disturbance and associated severe QLCS moved across southeast South Carolina.,The Allendale County 911 Call Center reported trees down on Rayzor Road near Route 301.
SOUTH CAROLINA,45,2015,Thunderstorm Wind,0,0,0,0,NA,32.69,-81.24,Moderate instability and favorable shear profiles supported widespread wind damage as an upper level disturbance and associated severe QLCS moved across southeast South Carolina.,The Hampton County 911 Call Center reported multiple trees down on Highway 321 between Estill and Garnett.
SOUTH CAROLINA,45,2015,Hail,0,0,0,0,NA,34.91,-82.95,"Widely scattered thunderstorms developed across the mountains and foothills during the late afternoon and early evening. A couple of storms produced localized large hail and damaging winds across Oconee and Anderson Counties. Some of the storms moved into the lower Piedmont late in the evening, producing urban and small stream flash flooding in the Greenwood area.",Law enforcement reported quarter size hail in the Boones Creek community.
SOUTH CAROLINA,45,2015,Thunderstorm Wind,0,0,0,0,NA,32.15,-81.05,Moderate instability and favorable shear profiles supported widespread wind damage as an upper level disturbance and associated severe QLCS moved across southeast South Carolina.,The South Carolina Highway Patrol reported a tree down and in the roadway near the intersection of Highway 315 and Highway 17.
SOUTH CAROLINA,45,2015,Thunderstorm Wind,0,0,0,0,NA,32.17,-81.03,Moderate instability and favorable shear profiles supported widespread wind damage as an upper level disturbance and associated severe QLCS moved across southeast South Carolina.,The South Carolina Highway Patrol reported a tree down and in the roadway on Okatie Highway in the Bellinger Hill area.
SOUTH CAROLINA,45,2015,Thunderstorm Wind,0,0,0,0,NA,32.93,-81.19,Moderate instability and favorable shear profiles supported widespread wind damage as an upper level disturbance and associated severe QLCS moved across southeast South Carolina.,The Hampton County 911 Call Center reported multiple trees down in Brunson.
SOUTH CAROLINA,45,2015,Thunderstorm Wind,0,0,0,0,1.00K,33.8244,-79.5004,Convection organized into a line just upstream and moved from west to east across the forecast area. Portions of the line occasionally bowed out. The thunderstorms moved into an environment where there was a great deal of dry air in the mid-levels. Downdraft CAPE values were high and soundings showed a pronounced inverted-V signature.,A tree was reportedly down along Highway 341. The time was estimated based on radar data.
SOUTH CAROLINA,45,2015,Thunderstorm Wind,0,0,0,0,0.00K,34.83,-83.03,"Widely scattered thunderstorms developed across the mountains and foothills during the late afternoon and early evening. A couple of storms produced localized large hail and damaging winds across Oconee and Anderson Counties. Some of the storms moved into the lower Piedmont late in the evening, producing urban and small stream flash flooding in the Greenwood area.",Public reported multiple trees blown down in the area around Lecroy Rd and Falcons Dr.
SOUTH CAROLINA,45,2015,Thunderstorm Wind,0,0,0,0,0.00K,34.55,-82.78,"Widely scattered thunderstorms developed across the mountains and foothills during the late afternoon and early evening. A couple of storms produced localized large hail and damaging winds across Oconee and Anderson Counties. Some of the storms moved into the lower Piedmont late in the evening, producing urban and small stream flash flooding in the Greenwood area.",County comms reported a tree blown down on I-85 in northwest Anderson County and another tree down on Phillips Rd.
SOUTH CAROLINA,45,2015,Thunderstorm Wind,0,0,0,0,0.00K,34.8,-82.85,"Widely scattered thunderstorms developed across the mountains and foothills during the late afternoon and early evening. A couple of storms produced localized large hail and damaging winds across Oconee and Anderson Counties. Some of the storms moved into the lower Piedmont late in the evening, producing urban and small stream flash flooding in the Greenwood area.",HAM radio operator reported trees blown down near the intersection of Stewart Rd and Dan Ross Rd.
SOUTH CAROLINA,45,2015,Hail,0,0,0,0,NA,34.56,-82.9,"Widely scattered thunderstorms developed across the mountains and foothills during the late afternoon and early evening. A couple of storms produced localized large hail and damaging winds across Oconee and Anderson Counties. Some of the storms moved into the lower Piedmont late in the evening, producing urban and small stream flash flooding in the Greenwood area.",Public reported nickel size hail near Townville.
SOUTH CAROLINA,45,2015,Thunderstorm Wind,0,0,0,0,NA,32.62,-81.19,Moderate instability and favorable shear profiles supported widespread wind damage as an upper level disturbance and associated severe QLCS moved across southeast South Carolina.,The South Carolina Highway Patrol reported a tree down and in the roadway in the 300 block of Tye Branch Spur near Lee Lawyer Road.
SOUTH CAROLINA,45,2015,Thunderstorm Wind,0,0,0,0,NA,32.22,-81.05,Moderate instability and favorable shear profiles supported widespread wind damage as an upper level disturbance and associated severe QLCS moved across southeast South Carolina.,A trained spotter reported a tree down near the intersection of Route 170 and Route 17.
SOUTH CAROLINA,45,2015,Thunderstorm Wind,0,0,0,0,NA,32.23,-80.98,Moderate instability and favorable shear profiles supported widespread wind damage as an upper level disturbance and associated severe QLCS moved across southeast South Carolina.,One tree was snapped off and partially in the roadway on New Riverside Drive about 1 mile south of the May River Road and Highway 170 traffic circle.
SOUTH CAROLINA,45,2015,Thunderstorm Wind,0,0,0,0,NA,32.28,-80.92,Moderate instability and favorable shear profiles supported widespread wind damage as an upper level disturbance and associated severe QLCS moved across southeast South Carolina.,The public reported a tree down and porch furniture blown across the yard in the 20 block of Saint Simons Drive.
SOUTH CAROLINA,45,2015,Thunderstorm Wind,0,0,0,0,NA,32.75,-81.04,Moderate instability and favorable shear profiles supported widespread wind damage as an upper level disturbance and associated severe QLCS moved across southeast South Carolina.,The Hampton County 911 Call Center reported a tree down on Highway 278 near Jasper County.
SOUTH CAROLINA,45,2015,Thunderstorm Wind,0,0,0,0,14.00K,34.2858,-80.1905,Scattered thunderstorms produced wind damage around the Midlands and Pee Dee regions taking down trees and powerlines.,"EM reported a couple of trees down on Hebron Church Road and Una Road, two of which fell on some out buildings and a car port."
SOUTH CAROLINA,45,2015,Flash Flood,0,0,0,0,15.00K,34.2,-82.2,"Widely scattered thunderstorms developed across the mountains and foothills during the late afternoon and early evening. A couple of storms produced localized large hail and damaging winds across Oconee and Anderson Counties. Some of the storms moved into the lower Piedmont late in the evening, producing urban and small stream flash flooding in the Greenwood area.","County comms and the public reported severe urban and small stream flash flooding developed in Greenwood after 2 to 3 inches of rain fell in less than two hours. The bridge over Sample Branch on Dry Branch Ct was flooded. Sweetwater Rd was covered with water when Brightmans Creek overflowed its banks. Urban flooding was reported on the Highway 72 Bypass and in a couple of spots on Main St S. In addition to the flooding, the heavy rain caused about a dozen trees to fall throughout the city, with one tree falling on a vehicle and another on a home."
SOUTH CAROLINA,45,2015,Hail,0,0,0,0,NA,34.76,-83.04,"Widely scattered thunderstorms developed across the mountains and foothills during the late afternoon and early evening. A couple of storms produced localized large hail and damaging winds across Oconee and Anderson Counties. Some of the storms moved into the lower Piedmont late in the evening, producing urban and small stream flash flooding in the Greenwood area.",Public reported up to 3/4 inch hail at a golf course off Lecroy Rd. Emergency management official reported 3/4 inch hail in West Union.
SOUTH CAROLINA,45,2015,Thunderstorm Wind,0,0,0,0,18.00K,34.67,-79.94,"Scattered thunderstorms produced some wind damage in Chesterfield and Clarendon counties, mainly taking down trees and some power lines.",EM reported trees down at Tec Road and West Market Street Extension...some of which fell on a couple buildings doing minor damage.
SOUTH CAROLINA,45,2015,Thunderstorm Wind,0,0,0,0,NA,32.29,-81.08,Moderate instability and favorable shear profiles supported widespread wind damage as an upper level disturbance and associated severe QLCS moved across southeast South Carolina.,A trained spotter reported a tree down across Route 170 just east of Route 17.
SOUTH CAROLINA,45,2015,Thunderstorm Wind,0,0,0,0,NA,32.78,-81.06,Moderate instability and favorable shear profiles supported widespread wind damage as an upper level disturbance and associated severe QLCS moved across southeast South Carolina.,The Department of Highways reported a tree down at the intersection of Highway 278 and Rock Spring Road.
SOUTH CAROLINA,45,2015,Thunderstorm Wind,0,0,0,0,NA,32.36,-80.87,Moderate instability and favorable shear profiles supported widespread wind damage as an upper level disturbance and associated severe QLCS moved across southeast South Carolina.,The Department of Highways reported a tree down at the intersection of Okatie Highway and Snake Road.
SOUTH CAROLINA,45,2015,Thunderstorm Wind,0,0,0,0,NA,32.51,-80.94,Moderate instability and favorable shear profiles supported widespread wind damage as an upper level disturbance and associated severe QLCS moved across southeast South Carolina.,The South Carolina Highway Patrol reported a tree down and in the roadway on Clover Circle near the intersection of Bees Creek Road.
SOUTH CAROLINA,45,2015,Thunderstorm Wind,0,0,0,0,NA,33.03,-80.74,Moderate instability and favorable shear profiles supported widespread wind damage as an upper level disturbance and associated severe QLCS moved across southeast South Carolina.,The Department of Highways reported a tree down at the intersection of Mount Carmel Roda and Lightsey Way.
SOUTH CAROLINA,45,2015,Thunderstorm Wind,0,0,0,0,NA,33.07,-80.81,Moderate instability and favorable shear profiles supported widespread wind damage as an upper level disturbance and associated severe QLCS moved across southeast South Carolina.,THe Colleton County 911 Call center reported a tree down near the intersection of Route 21 and Mount Caramel Road.
SOUTH CAROLINA,45,2015,Thunderstorm Wind,0,0,0,0,NA,32.89,-80.63,Moderate instability and favorable shear profiles supported widespread wind damage as an upper level disturbance and associated severe QLCS moved across southeast South Carolina.,The Department of Highways reported a tree down near the intersection of Charleston Highway and Smoak Road.
SOUTH CAROLINA,45,2015,Thunderstorm Wind,0,0,0,0,NA,32.95,-80.59,Moderate instability and favorable shear profiles supported widespread wind damage as an upper level disturbance and associated severe QLCS moved across southeast South Carolina.,The Department of Highways reported trees down near the intersection of Coolers Dairy Road and Chestnut Road.
SOUTH CAROLINA,45,2015,Thunderstorm Wind,0,0,0,0,NA,32.99,-80.11,Moderate instability and favorable shear profiles supported widespread wind damage as an upper level disturbance and associated severe QLCS moved across southeast South Carolina.,The Charleston County 911 Call Center reported a tree down on a power line.
SOUTH CAROLINA,45,2015,Thunderstorm Wind,0,0,0,0,NA,32.97,-80.09,Moderate instability and favorable shear profiles supported widespread wind damage as an upper level disturbance and associated severe QLCS moved across southeast South Carolina.,The Charleston County 911 Call Center reported a tree and power lines down at Highway 78 and Shipley Street.
SOUTH CAROLINA,45,2015,Thunderstorm Wind,0,0,0,0,NA,32.96,-80.1,Moderate instability and favorable shear profiles supported widespread wind damage as an upper level disturbance and associated severe QLCS moved across southeast South Carolina.,The public reported a 50 to 60 feet tall oak tree down with part of it brushing and causing slight damage to a house.
SOUTH CAROLINA,45,2015,Thunderstorm Wind,0,0,0,0,1.00K,33.8874,-79.7579,"The environment was characterized as highly unstable. Widespread thunderstorms erupted during the extreme heat of the afternoon and persisted into the evening. Initially severe thunderstorms developed on the Piedmont trough and seabreeze boundary. Later, other severe thunderstorms developed along colliding outflow boundaries.",A tree was reportedly down along Highway 52.
SOUTH CAROLINA,45,2015,Thunderstorm Wind,0,0,0,0,8.00K,34.0387,-79.3322,"The environment was characterized as highly unstable. Widespread thunderstorms erupted during the extreme heat of the afternoon and persisted into the evening. Initially severe thunderstorms developed on the Piedmont trough and seabreeze boundary. Later, other severe thunderstorms developed along colliding outflow boundaries.",Eight trees were reportedly down in roadway in front of Creek Bridge High School. The time was estimated based on radar data.
SOUTH CAROLINA,45,2015,Thunderstorm Wind,0,0,0,0,3.00K,34.3,-80.55,A couple of thunderstorms took down some trees and large branches in Chesterfield and Kershaw Counties.,Sheriff reported trees down across Cheraw Road near Camden.
SOUTH CAROLINA,45,2015,Thunderstorm Wind,0,0,0,0,0.00K,34.6488,-80.0489,A couple of thunderstorms took down some trees and large branches in Chesterfield and Kershaw Counties.,Public reported large branches down on Harpe Hill Road and other areas around Bethesda.
SOUTH CAROLINA,45,2015,Thunderstorm Wind,0,0,0,0,NA,33,-80.04,Moderate instability and favorable shear profiles supported widespread wind damage as an upper level disturbance and associated severe QLCS moved across southeast South Carolina.,A fire department reported a large tree blown down onto an attached garage and vehicle.
SOUTH CAROLINA,45,2015,Thunderstorm Wind,0,0,0,0,NA,33.28,-80.16,Moderate instability and favorable shear profiles supported widespread wind damage as an upper level disturbance and associated severe QLCS moved across southeast South Carolina.,The Berkeley County 911 Call Center reported trees down near the intersection of Highway 6 and Mount Olivet Road.
SOUTH CAROLINA,45,2015,Thunderstorm Wind,0,0,0,0,NA,32.88,-79.99,Moderate instability and favorable shear profiles supported widespread wind damage as an upper level disturbance and associated severe QLCS moved across southeast South Carolina.,A photograph of a downed tree in Park Circle was reported via social media.
SOUTH CAROLINA,45,2015,Thunderstorm Wind,0,0,0,0,0.00K,32.88,-79.98,Moderate instability and favorable shear profiles supported widespread wind damage as an upper level disturbance and associated severe QLCS moved across southeast South Carolina.,Several trees were reported down in the Park Circle area.
SOUTH CAROLINA,45,2015,Thunderstorm Wind,0,0,0,0,10.00K,34.1789,-79.407,"The environment was characterized as highly unstable. Widespread thunderstorms erupted during the extreme heat of the afternoon and persisted into the evening. Initially severe thunderstorms developed on the Piedmont trough and seabreeze boundary. Later, other severe thunderstorms developed along colliding outflow boundaries.",Numerous trees were reported down across the city of Marion. The time was estimated based on radar data.
SOUTH CAROLINA,45,2015,Thunderstorm Wind,0,0,0,0,1.00K,34.1975,-79.2879,"The environment was characterized as highly unstable. Widespread thunderstorms erupted during the extreme heat of the afternoon and persisted into the evening. Initially severe thunderstorms developed on the Piedmont trough and seabreeze boundary. Later, other severe thunderstorms developed along colliding outflow boundaries.",A tree was reported down in roadway.
SOUTH CAROLINA,45,2015,Thunderstorm Wind,0,0,0,0,1.00K,34.4798,-79.3615,"The environment was characterized as highly unstable. Widespread thunderstorms erupted during the extreme heat of the afternoon and persisted into the evening. Initially severe thunderstorms developed on the Piedmont trough and seabreeze boundary. Later, other severe thunderstorms developed along colliding outflow boundaries.",A tree was reportedly down at Roger's Convenience Store on Oakland Road. The time was estimated based on radar data.
SOUTH CAROLINA,45,2015,Thunderstorm Wind,0,0,0,0,1.00K,34.2336,-79.9107,"The environment was characterized as highly unstable. Widespread thunderstorms erupted during the extreme heat of the afternoon and persisted into the evening. Initially severe thunderstorms developed on the Piedmont trough and seabreeze boundary. Later, other severe thunderstorms developed along colliding outflow boundaries.",A tree was reported down at the intersection of Hill Creek Road and Sprout Road. The time was estimated by radar data.
SOUTH CAROLINA,45,2015,Hail,0,0,0,0,NA,34.8,-82.22,"An isolated thunderstorm developed over central Greenville County late in the afternoon and briefly became severe, producing large hail.",Public reported quarter size hail on Scuffletown Rd near Five Forks.
SOUTH CAROLINA,45,2015,Thunderstorm Wind,0,0,0,0,5.00K,34.3001,-79.8717,"The environment was characterized as highly unstable. Widespread thunderstorms erupted during the extreme heat of the afternoon and persisted into the evening. Initially severe thunderstorms developed on the Piedmont trough and seabreeze boundary. Later, other severe thunderstorms developed along colliding outflow boundaries.",Five trees were reported down in the city of Darlington. The time was estimated based on radar data.
SOUTH CAROLINA,45,2015,Thunderstorm Wind,0,0,0,0,1.00K,34.6014,-79.5196,"The environment was characterized as highly unstable. Widespread thunderstorms erupted during the extreme heat of the afternoon and persisted into the evening. Initially severe thunderstorms developed on the Piedmont trough and seabreeze boundary. Later, other severe thunderstorms developed along colliding outflow boundaries.",A tree was reportedly down at the intersection of Highway 83 and Laurin Willis Road. The time was estimated based on radar data.
SOUTH CAROLINA,45,2015,Thunderstorm Wind,0,0,0,0,1.00K,34.5806,-79.5455,"The environment was characterized as highly unstable. Widespread thunderstorms erupted during the extreme heat of the afternoon and persisted into the evening. Initially severe thunderstorms developed on the Piedmont trough and seabreeze boundary. Later, other severe thunderstorms developed along colliding outflow boundaries.",A tree was reportedly down on Drew Street. The time was estimated based on radar data.
SOUTH CAROLINA,45,2015,Thunderstorm Wind,0,0,0,0,0.00K,34.65,-82.48,"A line of strong to severe thunderstorms pushes into Upstate South Carolina from north Georgia during the evening. The line of storms gradually weakened as it moved east, but not before producing localized wind damage across western portions of the area.",Public (via Social Media) and Highway Patrol reported multiple trees blown down near the Saluda River from Pelzer to near Powdersville.
SOUTH CAROLINA,45,2015,Thunderstorm Wind,0,0,0,0,0.00K,34.55,-82.88,"A line of strong to severe thunderstorms pushes into Upstate South Carolina from north Georgia during the evening. The line of storms gradually weakened as it moved east, but not before producing localized wind damage across western portions of the area.","Public and Highway Patrol reported multiple trees, large limbs, and power lines blown down across western Anderson County from the Townville area to Starr and Iva. An automated gauge measured a 56 mph gust at the Anderson Regional Airport at 7:08 PM."
SOUTH CAROLINA,45,2015,Thunderstorm Wind,0,0,0,0,1.00K,34.6059,-79.7169,"The environment was characterized as highly unstable. Widespread thunderstorms erupted during the extreme heat of the afternoon and persisted into the evening. Initially severe thunderstorms developed on the Piedmont trough and seabreeze boundary. Later, other severe thunderstorms developed along colliding outflow boundaries.",A tree was reported down on U.S. 15.
SOUTH CAROLINA,45,2015,Hail,0,0,0,0,NA,32.24,-80.7,Strong instability and a strongly sheared environment set up favorable conditions for a damaging QLCS that swept through southern portions of southeast South Carolina.,The public reported penny size hail on the northern end of Hilton Head Island.
SOUTH CAROLINA,45,2015,Thunderstorm Wind,0,0,0,0,NA,32.2,-81.03,Strong instability and a strongly sheared environment set up favorable conditions for a damaging QLCS that swept through southern portions of southeast South Carolina.,The Jasper County 911 Call Center reported multiple trees down in the area near Cook Landing Road and Bellinger Hill Road.
SOUTH CAROLINA,45,2015,Thunderstorm Wind,0,0,0,0,NA,32.61,-81.16,Strong to severe thunderstorms developed within a warm and moist airmass as a backdoor cold front shifted over southeast South Carolina.,The Jasper County 911 Call Center reported a tree down at the corner of Gillison Branch Road and Cypress Branch Road.
SOUTH CAROLINA,45,2015,Thunderstorm Wind,0,0,0,0,NA,33.01,-81.39,Strong to severe thunderstorms developed within a warm and moist airmass as a backdoor cold front shifted over southeast South Carolina.,The public reported an oak tree down 1/2 mile north of Appleton Road on Concord Church Road. One or two smaller hardwood trees were also reported down in the area.
SOUTH CAROLINA,45,2015,Flash Flood,0,0,0,0,12.00K,34.11,-81.16,Thunderstorms trained across portions of northern Lexington and northwest Richland counties causing rainfalls of 2 to 3 inches in an hour which resulted in flash flooding in the Irmo area. Several streams overflowed and flooded apartments complexes and closed a couple of roads.,Sheriff and Highway Patrol reported heavy rain and flash flooding in southeast Irmo around the Paces Brook Apartment Complexes.  Several roads were also closed due to the high water including Boulters Lock Road and North Woodrow Road.
SOUTH CAROLINA,45,2015,Flash Flood,0,0,0,0,10.00K,34.0643,-81.1518,Thunderstorms trained across portions of northern Lexington and northwest Richland counties causing rainfalls of 2 to 3 inches in an hour which resulted in flash flooding in the Irmo area. Several streams overflowed and flooded apartments complexes and closed a couple of roads.,Several social media posts reported flash flooding in northwest Richland County from near the Harbison Mall to around the Linrick Golf Club area.
SOUTH CAROLINA,45,2015,Thunderstorm Wind,0,0,0,0,5.00K,34.492,-79.8715,"The combination of Bermuda high pressure and an upper ridge created hot temperatures and a very unstable environment. Convection initiated along the Piedmont trough and the seabreeze with additional thunderstorms developing along outflow boundaries. A mid-level shortwave ahead of Tropical Storm Bill moved into the western Carolinas, enhancing the lift across northeast South Carolina and resulting in severe weather.",Several trees were reported down along U.S. 52.
SOUTH CAROLINA,45,2015,Thunderstorm Wind,0,0,0,0,0.00K,35.02,-82.5,"Isolated to scattered thunderstorms developed across Upstate South Carolina and the eastern Piedmont during the late afternoon and evening. Some of the storms produced severe weather in the form of damaging wind and large hail, especially over eastern York County, which was affected by three different severe storms within about an hour.",FD reported four trees blown down in the Slater-Marietta area.
SOUTH CAROLINA,45,2015,Thunderstorm Wind,0,0,0,0,2.00K,35.01,-80.96,"Isolated to scattered thunderstorms developed across Upstate South Carolina and the eastern Piedmont during the late afternoon and evening. Some of the storms produced severe weather in the form of damaging wind and large hail, especially over eastern York County, which was affected by three different severe storms within about an hour.",Public reported mutliple large trees blown down on the west side of Fort Mill. Public also reported minor roof damage to a business and numerous large limbs down.
SOUTH CAROLINA,45,2015,Thunderstorm Wind,0,0,0,0,NA,33,-80.17,"Scattered diurnal thunderstorms developed in the early and middle afternoon hours across southeast South Carolina. Several of these storms became severe, producing large hail and damaging wind gusts.",A trained spotter relayed a report from a fire department of a very large tree down.
SOUTH CAROLINA,45,2015,Thunderstorm Wind,0,0,0,0,NA,32.98,-80.17,"Scattered diurnal thunderstorms developed in the early and middle afternoon hours across southeast South Carolina. Several of these storms became severe, producing large hail and damaging wind gusts.",The public reported trees down on Old Trolley Road near Savannah Road.
SOUTH CAROLINA,45,2015,Thunderstorm Wind,0,0,0,0,NA,33.07,-80.35,"Scattered diurnal thunderstorms developed in the early and middle afternoon hours across southeast South Carolina. Several of these storms became severe, producing large hail and damaging wind gusts.",A trained spotter reported several large tree limbs down near Cummings Chapel.
SOUTH CAROLINA,45,2015,Thunderstorm Wind,0,0,0,0,NA,33.2,-80.47,"Scattered diurnal thunderstorms developed in the early and middle afternoon hours across southeast South Carolina. Several of these storms became severe, producing large hail and damaging wind gusts.",Law enforcement reported a tree down at the intersection of Short Cut Road and Saint Paul Road.
SOUTH CAROLINA,45,2015,Thunderstorm Wind,0,0,0,0,2.00K,34.96,-81.03,"Isolated to scattered thunderstorms developed across Upstate South Carolina and the eastern Piedmont during the late afternoon and evening. Some of the storms produced severe weather in the form of damaging wind and large hail, especially over eastern York County, which was affected by three different severe storms within about an hour.",Public reported a few trees blown down on the north side of Rock Hill.
SOUTH CAROLINA,45,2015,Hail,0,0,0,0,NA,34.94,-80.97,"Isolated to scattered thunderstorms developed across Upstate South Carolina and the eastern Piedmont during the late afternoon and evening. Some of the storms produced severe weather in the form of damaging wind and large hail, especially over eastern York County, which was affected by three different severe storms within about an hour.",Public reported quarter size hail near the intersection of I-77 and David Lyle Blvd. Post Office reported ping pong ball size hail 2 NE Rock hill.
SOUTH CAROLINA,45,2015,Hail,0,0,0,0,NA,35.01,-80.96,"Isolated to scattered thunderstorms developed across Upstate South Carolina and the eastern Piedmont during the late afternoon and evening. Some of the storms produced severe weather in the form of damaging wind and large hail, especially over eastern York County, which was affected by three different severe storms within about an hour.",Public reported quarter size hail on the west side of Fort Mill.
SOUTH CAROLINA,45,2015,Hail,0,0,0,0,NA,35.01,-80.94,"Isolated to scattered thunderstorms developed across Upstate South Carolina and the eastern Piedmont during the late afternoon and evening. Some of the storms produced severe weather in the form of damaging wind and large hail, especially over eastern York County, which was affected by three different severe storms within about an hour.",Public reported nickel size hail.
SOUTH CAROLINA,45,2015,Hail,0,0,0,0,NA,35.01,-81.01,"Isolated to scattered thunderstorms developed across Upstate South Carolina and the eastern Piedmont during the late afternoon and evening. Some of the storms produced severe weather in the form of damaging wind and large hail, especially over eastern York County, which was affected by three different severe storms within about an hour.",Public reported quarter size hail on India Hook Rd near Lake Wylie.
SOUTH CAROLINA,45,2015,Hail,0,0,0,0,NA,35.03,-82.12,"Isolated to scattered thunderstorms developed across Upstate South Carolina and the eastern Piedmont during the late afternoon and evening. Some of the storms produced severe weather in the form of damaging wind and large hail, especially over eastern York County, which was affected by three different severe storms within about an hour.",HAM radio operator reported penny size hail at New Cut Rd and Blue Sky Dr.
SOUTH CAROLINA,45,2015,Flood,0,0,0,0,0.00K,34.4,-79.9,A slow moving cold front produced heavy rain.,Flooding was reported at the intersection of Peachland Drive and Hwy 52.
SOUTH CAROLINA,45,2015,Thunderstorm Wind,0,0,0,0,NA,32.7,-80.72,"Scattered diurnal thunderstorms developed in the early and middle afternoon hours across southeast South Carolina. Several of these storms became severe, producing large hail and damaging wind gusts.",The Colleton County 911 Call Center reported a tree down at the 2900 block of Combahee Road.
SOUTH CAROLINA,45,2015,Thunderstorm Wind,0,0,0,0,NA,32.44,-80.72,"Scattered diurnal thunderstorms developed in the early and middle afternoon hours across southeast South Carolina. Several of these storms became severe, producing large hail and damaging wind gusts.",The South Carolina Department of Highways reported a tree down at the intersection of Broad River Boulevard and Ice House Road.
SOUTH CAROLINA,45,2015,Thunderstorm Wind,0,0,0,0,NA,32.74,-80.62,"Scattered diurnal thunderstorms developed in the early and middle afternoon hours across southeast South Carolina. Several of these storms became severe, producing large hail and damaging wind gusts.",The South Carolina Department of Highways reported a tree down at the intersection of Green Pond Highway and Wisteria Road.
SOUTH CAROLINA,45,2015,Thunderstorm Wind,0,0,0,0,NA,32.23,-80.99,"Scattered diurnal thunderstorms developed in the early and middle afternoon hours across southeast South Carolina. Several of these storms became severe, producing large hail and damaging wind gusts.","A trained spotter relayed pictures through Twitter of one large tree uprooted, another one snapped off, and a large limb down on New Riverside Road."
SOUTH CAROLINA,45,2015,Thunderstorm Wind,0,0,0,0,NA,32.98,-80.15,"Scattered diurnal thunderstorms developed in the early and middle afternoon hours across southeast South Carolina. Several of these storms became severe, producing large hail and damaging wind gusts.",The public reported large tree limbs down along Lake Jogasee Drive.
SOUTH CAROLINA,45,2015,Thunderstorm Wind,0,0,0,0,1.00K,33.9317,-79.2205,A weakening surface trough and the seabreeze boundary helped to develop strong to severe thunderstorms in an unstable environment.,A tree was reported down on Jordanville Road.
SOUTH CAROLINA,45,2015,Thunderstorm Wind,0,0,0,0,NA,32.71,-81.2,A strong line of organized thunderstorms developed across central and southeast Georgia in the early afternoon and pushed through southeast South Carolina in the late afternoon and evening hours. These thunderstorms produced damaging wind gusts as the progressed to the east.,South Carolina Highway Patrol reported a tree down and in the roadway near the intersection of Savannah Highway and Mt. Carmel Church Road.
SOUTH CAROLINA,45,2015,Thunderstorm Wind,0,0,0,0,NA,32.82,-81.15,A strong line of organized thunderstorms developed across central and southeast Georgia in the early afternoon and pushed through southeast South Carolina in the late afternoon and evening hours. These thunderstorms produced damaging wind gusts as the progressed to the east.,South Carolina Highway Patrol reported a tree down near the intersetion of Lake Warren Road and Highway 601.
SOUTH CAROLINA,45,2015,Thunderstorm Wind,0,0,0,0,NA,33.02,-81.31,A strong line of organized thunderstorms developed across central and southeast Georgia in the early afternoon and pushed through southeast South Carolina in the late afternoon and evening hours. These thunderstorms produced damaging wind gusts as the progressed to the east.,Allendale County dispatch reported a tree down across Highway 278 near Collums Lumber.
SOUTH CAROLINA,45,2015,Thunderstorm Wind,0,0,0,0,NA,32.91,-80.65,A strong line of organized thunderstorms developed across central and southeast Georgia in the early afternoon and pushed through southeast South Carolina in the late afternoon and evening hours. These thunderstorms produced damaging wind gusts as the progressed to the east.,South Carolina Highway Patrol reported a tree down blocking traffic on Robertson Boulevard near the intersection with Lemacks Street.
SOUTH CAROLINA,45,2015,Thunderstorm Wind,0,0,0,0,NA,33.43,-80.12,A strong line of organized thunderstorms developed across central and southeast Georgia in the early afternoon and pushed through southeast South Carolina in the late afternoon and evening hours. These thunderstorms produced damaging wind gusts as the progressed to the east.,South Carolina Highway Patrol reported a tree down near the intersection of Highway 45 and Edgewater Road.
SOUTH CAROLINA,45,2015,Thunderstorm Wind,0,0,0,0,5.00K,34.52,-82.66,Scattered thunderstorms developed during the late afternoon and evening across Upstate South Carolina. Some of the storms produced brief severe weather in the form of large hail and damaging winds.,"NWS employee, the public, and a spotter reported multiple trees and some power lines blown down across the north side of Anderson. Affected areas included Ave of the Oaks, Concord Rd, and Altamont Ct. One tree fell on a porch."
SOUTH CAROLINA,45,2015,Hail,0,0,0,0,NA,32.98,-80.15,"Scattered diurnal thunderstorms developed in the early and middle afternoon hours across southeast South Carolina. Several of these storms became severe, producing large hail and damaging wind gusts.",The public reported nickel size hail along Jogassee Drive.
SOUTH CAROLINA,45,2015,Thunderstorm Wind,0,0,0,0,7.00K,34.0196,-79.2017,A weakening surface trough and the seabreeze boundary helped to develop strong to severe thunderstorms in an unstable environment.,Several trees were reported snapped. Power lines and power poles were also reported down. The damage was along Bud Graham Road.
SOUTH CAROLINA,45,2015,Thunderstorm Wind,0,0,0,0,1.00K,33.9731,-79.7504,A weakening surface trough and the seabreeze boundary helped to develop strong to severe thunderstorms in an unstable environment.,A tree was reported in roadway near the intersection of Lynch Road and U.S. 52.
SOUTH CAROLINA,45,2015,Thunderstorm Wind,0,0,0,0,1.00K,34.0636,-79.5499,A weakening surface trough and the seabreeze boundary helped to develop strong to severe thunderstorms in an unstable environment.,A tree was reported down on North Old River Road.
SOUTH CAROLINA,45,2015,Thunderstorm Wind,0,0,0,0,NA,32.9,-80.67,A strong line of organized thunderstorms developed across central and southeast Georgia in the early afternoon and pushed through southeast South Carolina in the late afternoon and evening hours. These thunderstorms produced damaging wind gusts as the progressed to the east.,Colleton County dispatch reported a tree down across the road at the intersection of W Washington Street and Dowling Avenue.
SOUTH CAROLINA,45,2015,Thunderstorm Wind,0,0,0,0,NA,32.91,-80.49,A strong line of organized thunderstorms developed across central and southeast Georgia in the early afternoon and pushed through southeast South Carolina in the late afternoon and evening hours. These thunderstorms produced damaging wind gusts as the progressed to the east.,South Carolina Highway Patrol reported a tree down across the road in the 800 block of Bama Road.
SOUTH CAROLINA,45,2015,Thunderstorm Wind,0,0,0,0,NA,33.1,-80.24,A strong line of organized thunderstorms developed across central and southeast Georgia in the early afternoon and pushed through southeast South Carolina in the late afternoon and evening hours. These thunderstorms produced damaging wind gusts as the progressed to the east.,South Carolina Highway Patrol reported a tree down on Interstate 26 westbound near mile marker 192.
SOUTH CAROLINA,45,2015,Thunderstorm Wind,0,0,0,0,NA,32.79,-79.95,A strong line of organized thunderstorms developed across central and southeast Georgia in the early afternoon and pushed through southeast South Carolina in the late afternoon and evening hours. These thunderstorms produced damaging wind gusts as the progressed to the east.,Charleston County dispatch reported a tree down at the corner of Hagood Avenue and Spring Street.
SOUTH CAROLINA,45,2015,Thunderstorm Wind,0,0,0,0,0.00K,34.3,-82.62,Scattered thunderstorms developed during the late afternoon and evening across Upstate South Carolina. Some of the storms produced brief severe weather in the form of large hail and damaging winds.,County comms reported multiple trees blown down along East Broad St.
SOUTH CAROLINA,45,2015,Thunderstorm Wind,0,0,0,0,0.00K,34.9,-82.13,Scattered thunderstorms developed during the late afternoon and evening across Upstate South Carolina. Some of the storms produced brief severe weather in the form of large hail and damaging winds.,County comms reported trees and power lines blown down on Pauls Dr in Duncan and trees down on Alma St in Lyman.
SOUTH CAROLINA,45,2015,Hail,0,0,0,0,NA,34.52,-82.65,Scattered thunderstorms developed during the late afternoon and evening across Upstate South Carolina. Some of the storms produced brief severe weather in the form of large hail and damaging winds.,Public reported 3/4 inch hail.
SOUTH CAROLINA,45,2015,Hail,0,0,0,0,NA,34.55,-82.65,Scattered thunderstorms developed during the late afternoon and evening across Upstate South Carolina. Some of the storms produced brief severe weather in the form of large hail and damaging winds.,Public reported quarter size hail on Ave of the Oaks.
SOUTH CAROLINA,45,2015,Hail,0,0,0,0,0.25K,34.2003,-79.7989,Widespread thunderstorms developed ahead of a trough. Merging boundaries did allow a few thunderstorms to intensify to severe levels.,Hail to the size of nickels was reported at the Food Lion on Cashua Drive.
SOUTH CAROLINA,45,2015,Thunderstorm Wind,0,0,0,0,1.00K,34.4017,-79.874,Widespread thunderstorms developed ahead of a trough. Merging boundaries did allow a few thunderstorms to intensify to severe levels.,A tree was reportedly in the roadway at the intersection of Jeffords Mill Road and Mont Clare Road.
SOUTH CAROLINA,45,2015,Thunderstorm Wind,0,0,0,0,NA,33.01,-81.4,Scattered afternoon thunderstorms developed within an inland trough and pushed into southeast South Carolina. A few of these storms became severe producing damaging wind gusts.,Law enforcement reported a tree blown down along Revolutionary Trail near the Concord Church Road intersection.
SOUTH CAROLINA,45,2015,Thunderstorm Wind,0,0,0,0,NA,32.99,-81.22,Scattered afternoon thunderstorms developed within an inland trough and pushed into southeast South Carolina. A few of these storms became severe producing damaging wind gusts.,Law Enforcement reported a tree blown down along Bufords Bridge Highway.
SOUTH CAROLINA,45,2015,Thunderstorm Wind,0,0,0,0,NA,32.25,-81.12,Scattered thunderstorms developed along the afternoon sea breeze ahead of an inland surface trough. A few of these storms became severe and produced large hail and damaging wind gusts.,Law enforcement reported trees down near mile marker 2 on Interstate 95.
SOUTH CAROLINA,45,2015,Hail,0,0,0,0,NA,32.97,-80.2,Scattered thunderstorms developed along the afternoon sea breeze ahead of an inland surface trough. A few of these storms became severe and produced large hail and damaging wind gusts.,The public reported nickel size hail at the intersection of Bacons Bridge Road and Dorchester Road.
SOUTH CAROLINA,45,2015,Thunderstorm Wind,0,0,0,0,1.00K,34.3275,-79.8845,Widespread thunderstorms developed ahead of a trough. Merging boundaries did allow a few thunderstorms to intensify to severe levels.,A tree was reportedly down on Mineral Springs Road.
SOUTH CAROLINA,45,2015,Thunderstorm Wind,0,0,0,0,1.00K,34.4022,-79.8955,Widespread thunderstorms developed ahead of a trough. Merging boundaries did allow a few thunderstorms to intensify to severe levels.,A tree was reportedly down at the intersection of U.S. 52 and Dovesville Highway.
SOUTH CAROLINA,45,2015,Thunderstorm Wind,0,0,0,0,NA,32.65,-80.14,A broken line of thunderstorms developed ahead of a cold front in the afternoon hours. A few of these storms became strong enough to produce damaging wind gusts.,South Carolina DOT reported a tree blown down onto Bohicket Road at River Road.
SOUTH CAROLINA,45,2015,Thunderstorm Wind,0,0,0,0,NA,32.66,-80.75,A broken line of thunderstorms developed ahead of a cold front in the afternoon hours. A few of these storms became strong enough to produce damaging wind gusts.,South Carolina DOT reported a tree blown down on River Road at Big Estate Road.
SOUTH CAROLINA,45,2015,Thunderstorm Wind,0,0,0,0,1.00K,34.3922,-80.0288,Widespread thunderstorms developed ahead of a trough. Merging boundaries did allow a few thunderstorms to intensify to severe levels.,A tree was reported down on U.S. 15 and Black Creek Bridge.
SOUTH CAROLINA,45,2015,Thunderstorm Wind,0,0,0,0,1.00K,34.3188,-79.8768,Widespread thunderstorms developed ahead of a trough. Merging boundaries did allow a few thunderstorms to intensify to severe levels.,A tree was reported down at the intersection of Lawson Road and Spring Street.
SOUTH CAROLINA,45,2015,Hail,0,0,0,0,NA,32.81,-80.07,A broken line of strong thunderstorms developed within an inland trough of low pressure and moved southward across southeast South Carolina. These storms produced large hail and damaging wind gusts.,A trained spotter reported 1 inch hail lasting 20 minutes approximately 1/2 mile south of West Ashley High School.
SOUTH CAROLINA,45,2015,Hail,0,0,0,0,NA,32.81,-80.06,A broken line of strong thunderstorms developed within an inland trough of low pressure and moved southward across southeast South Carolina. These storms produced large hail and damaging wind gusts.,An off duty NWS employee relayed a picture of quarter size hail in the Carolina Bay subdivision.
SOUTH CAROLINA,45,2015,Hail,0,0,0,0,NA,32.81,-80.06,A broken line of strong thunderstorms developed within an inland trough of low pressure and moved southward across southeast South Carolina. These storms produced large hail and damaging wind gusts.,A trained spotter reported nickel size hail along Glenn McConnell Parkway.
SOUTH CAROLINA,45,2015,Hail,0,0,0,0,NA,32.82,-80.07,A broken line of strong thunderstorms developed within an inland trough of low pressure and moved southward across southeast South Carolina. These storms produced large hail and damaging wind gusts.,The media reported quarter size hail near the intersection of Glenn McConnell Parkway and Mary Ader Avenue.
SOUTH CAROLINA,45,2015,Lightning,0,0,0,0,10.00K,32.16,-80.78,A broken line of strong thunderstorms developed within an inland trough of low pressure and moved southward across southeast South Carolina. These storms produced large hail and damaging wind gusts.,An emergency manager reported a structure fire due to lightning in the 9 block area of Ashton Cove on Hilton Head Island.
SOUTH CAROLINA,45,2015,Lightning,0,0,0,0,10.00K,32.25,-80.89,A broken line of strong thunderstorms developed within an inland trough of low pressure and moved southward across southeast South Carolina. These storms produced large hail and damaging wind gusts.,An emergency manager reported a structure fire caused by lightning in the 20 block area of Ironwood Circle.
SOUTH CAROLINA,45,2015,Lightning,0,0,0,0,10.00K,32.32,-80.47,A broken line of strong thunderstorms developed within an inland trough of low pressure and moved southward across southeast South Carolina. These storms produced large hail and damaging wind gusts.,An emergency manager reported a structure fire due to lightning in the 600 block area of Dolphin Road on Fripp Island.
SOUTH CAROLINA,45,2015,Thunderstorm Wind,0,0,0,0,NA,33.08,-80.66,A broken line of strong thunderstorms developed within an inland trough of low pressure and moved southward across southeast South Carolina. These storms produced large hail and damaging wind gusts.,Law enforcement reported a tree down and blocking Interstate 95 near mile marker 67.5.
SOUTH CAROLINA,45,2015,Hail,0,0,0,0,NA,32.84,-79.71,Numerous showers and thunderstorms developed after midnight following an afternoon where the atmosphere was sufficiently capped. Thunderstorms developed along mesoscale boundaries and produced damaging wind gusts and even some hail.,A resident on Dewees Island reports quarter sized hail.
SOUTH CAROLINA,45,2015,Thunderstorm Wind,0,0,0,0,NA,32.53,-80.88,Numerous showers and thunderstorms developed after midnight following an afternoon where the atmosphere was sufficiently capped. Thunderstorms developed along mesoscale boundaries and produced damaging wind gusts and even some hail.,Jasper County dispatch reported a tree down on Knowles Island Road near Palm Key.
SOUTH CAROLINA,45,2015,Flash Flood,0,0,0,0,37.50K,32.97,-80.02,"A mid level shortwave trough passed just north and west of the region throughout the day. Forcing associated with this feature interacted with a deep plume of moisture, helping produce widespread rain along and east of Interstate 95.  Training of showers and thunderstorms led to precipitation rates as high as 3 to 4 inches per hour and resulted in several areas of flash flooding particularly in the Charleston Tri-County region during the morning rush hour.  Many locations reported 4 to 8 inches of rain and an elevated morning high tide exacerbated flooding in coastal locations, including downtown Charleston.",The Berkeley County 911 Call Center reported flooding on Lighthouse Drive and Pineshadow Drive in Goose Creek. Three cars were also flooded. Flooding was also reported at the intersection of Howe Hall and Keyes Lane. One car was also stalled at the intersection. A ham radio operator also relayed a report of car submerged in water and floating at the intersection of Crystal Springs Drive and Tarpon Street.
SOUTH CAROLINA,45,2015,Thunderstorm Wind,0,0,0,0,NA,32.6,-81.23,Numerous showers and thunderstorms developed after midnight following an afternoon where the atmosphere was sufficiently capped. Thunderstorms developed along mesoscale boundaries and produced damaging wind gusts and even some hail.,Hampton County dispatch reported two trees down on Black Swamp Road near Cotton Hill Road.
SOUTH CAROLINA,45,2015,Thunderstorm Wind,0,0,0,0,NA,33.08,-80.85,A broken line of strong thunderstorms developed within an inland trough of low pressure and moved southward across southeast South Carolina. These storms produced large hail and damaging wind gusts.,The South Carolina State Highway Patrol reported a tree down near the intersection of Lodge Highway and Sunflower Drive.
SOUTH CAROLINA,45,2015,Thunderstorm Wind,0,0,0,0,NA,32.98,-79.82,A broken line of strong thunderstorms developed within an inland trough of low pressure and moved southward across southeast South Carolina. These storms produced large hail and damaging wind gusts.,The Berkeley County 911 Call Center reported a tree and power lines down on a mobile home along Highway 41.
SOUTH CAROLINA,45,2015,Thunderstorm Wind,0,0,0,0,NA,32.96,-80.02,A broken line of strong thunderstorms developed within an inland trough of low pressure and moved southward across southeast South Carolina. These storms produced large hail and damaging wind gusts.,A tree was reported down off of Foster Creek Road in Hanahan Plantation subdivision.
SOUTH CAROLINA,45,2015,Thunderstorm Wind,0,0,0,0,NA,32.98,-80.08,A broken line of strong thunderstorms developed within an inland trough of low pressure and moved southward across southeast South Carolina. These storms produced large hail and damaging wind gusts.,The South Carolina Highway Patrol reported a tree down along Interstate 26 near mile marker 205 westbound.
SOUTH CAROLINA,45,2015,Thunderstorm Wind,0,0,0,0,NA,33.02,-79.81,A broken line of strong thunderstorms developed within an inland trough of low pressure and moved southward across southeast South Carolina. These storms produced large hail and damaging wind gusts.,Law enforcement reported a tree down on Highway 41 near Cainhoy Elementary School.
SOUTH CAROLINA,45,2015,Thunderstorm Wind,0,0,0,0,NA,32.92,-80.05,A broken line of strong thunderstorms developed within an inland trough of low pressure and moved southward across southeast South Carolina. These storms produced large hail and damaging wind gusts.,An NWS employee reported a 6 inch diameter oak tree branch about 6 to 8 ft long was down on Stall Road near Midland Park Road.
SOUTH CAROLINA,45,2015,Thunderstorm Wind,0,0,0,0,NA,32.92,-80.68,Numerous showers and thunderstorms developed after midnight following an afternoon where the atmosphere was sufficiently capped. Thunderstorms developed along mesoscale boundaries and produced damaging wind gusts and even some hail.,Colleton County Emergency Management reported a pine tree blown down onto the road and the top was snapped off another pine tree near the intersection of Bells Highway and Kimbrell Street.
SOUTH CAROLINA,45,2015,Thunderstorm Wind,0,0,0,0,NA,32.94,-80.72,Numerous showers and thunderstorms developed after midnight following an afternoon where the atmosphere was sufficiently capped. Thunderstorms developed along mesoscale boundaries and produced damaging wind gusts and even some hail.,Colleton County Emergency Management reported a tree blown down across one lane at the intersection of Bells Highway and McClure Lane.
SOUTH CAROLINA,45,2015,Lightning,0,0,0,0,15.00K,32.45,-80.64,Numerous showers and thunderstorms developed after midnight following an afternoon where the atmosphere was sufficiently capped. Thunderstorms developed along mesoscale boundaries and produced damaging wind gusts and even some hail.,A member of the broadcast media relayed a report from the Fire Department of a house that was struck by lightning. Lightning hit the rear of the home and flames eventually came through the roof.
SOUTH CAROLINA,45,2015,Thunderstorm Wind,0,0,0,0,NA,33.08,-80.21,Numerous showers and thunderstorms developed after midnight following an afternoon where the atmosphere was sufficiently capped. Thunderstorms developed along mesoscale boundaries and produced damaging wind gusts and even some hail.,South Carolina Highway Patrol reports a tree down on Interstate 26 eastbound at mile marker 194 near Jedburg Road.
SOUTH CAROLINA,45,2015,Thunderstorm Wind,0,0,0,0,NA,32.82,-80.06,A broken line of strong thunderstorms developed within an inland trough of low pressure and moved southward across southeast South Carolina. These storms produced large hail and damaging wind gusts.,A large tree was reported down in Providence Commons.
SOUTH CAROLINA,45,2015,Thunderstorm Wind,0,0,0,0,NA,32.74,-80.61,A broken line of strong thunderstorms developed within an inland trough of low pressure and moved southward across southeast South Carolina. These storms produced large hail and damaging wind gusts.,The South Carolina Highway Patrol reported a tree down near the intersection of Wood Road and Green Pond Highway.
SOUTH CAROLINA,45,2015,Thunderstorm Wind,0,0,0,0,NA,32.8,-79.77,Numerous showers and thunderstorms developed after midnight following an afternoon where the atmosphere was sufficiently capped. Thunderstorms developed along mesoscale boundaries and produced damaging wind gusts and even some hail.,Multiple tree limbs reported down on power lines on Waterway Boulevard. Report received through social media.
SOUTH CAROLINA,45,2015,Thunderstorm Wind,0,0,0,0,NA,33.01,-80.04,Numerous showers and thunderstorms developed after midnight following an afternoon where the atmosphere was sufficiently capped. Thunderstorms developed along mesoscale boundaries and produced damaging wind gusts and even some hail.,A trained spotter reported a tree down on Highway 176 in the vicinity of Brandywine Apartments.
SOUTH CAROLINA,45,2015,Thunderstorm Wind,0,0,0,0,NA,32.23,-80.94,A broken line of strong thunderstorms developed within an inland trough of low pressure and moved southward across southeast South Carolina. These storms produced large hail and damaging wind gusts.,Law enforcement reported a tree down on Palmetto Bluff Road.
SOUTH CAROLINA,45,2015,Thunderstorm Wind,0,0,0,0,NA,32.43,-80.72,A broken line of strong thunderstorms developed within an inland trough of low pressure and moved southward across southeast South Carolina. These storms produced large hail and damaging wind gusts.,An emergency manager reported trees down near the intersection of North Street and Ribaut Road.
SOUTH CAROLINA,45,2015,Thunderstorm Wind,0,0,0,0,NA,32.22,-81.07,A broken line of strong thunderstorms developed within an inland trough of low pressure and moved southward across southeast South Carolina. These storms produced large hail and damaging wind gusts.,Law enforcement reported a tree down on Shady Oak Circle.
SOUTH CAROLINA,45,2015,Thunderstorm Wind,0,0,0,0,NA,32.35,-80.63,A broken line of strong thunderstorms developed within an inland trough of low pressure and moved southward across southeast South Carolina. These storms produced large hail and damaging wind gusts.,The Beaufort County 911 Call Center reported a tree down near the 40 block of Candy Johnson Drive.
SOUTH CAROLINA,45,2015,Thunderstorm Wind,0,0,0,0,NA,32.66,-80.82,A broken line of strong thunderstorms developed within an inland trough of low pressure and moved southward across southeast South Carolina. These storms produced large hail and damaging wind gusts.,The Beaufort County 911 Call Center reported a tree down on Sheldon Church Road.
SOUTH CAROLINA,45,2015,Thunderstorm Wind,0,0,0,0,NA,33.06,-80.24,Numerous showers and thunderstorms developed after midnight following an afternoon where the atmosphere was sufficiently capped. Thunderstorms developed along mesoscale boundaries and produced damaging wind gusts and even some hail.,Dorchester County dispatch reported a tree down on W 5th N Street at Kett Creek Road.
SOUTH CAROLINA,45,2015,Thunderstorm Wind,0,0,0,0,NA,33.01,-80.01,Numerous showers and thunderstorms developed after midnight following an afternoon where the atmosphere was sufficiently capped. Thunderstorms developed along mesoscale boundaries and produced damaging wind gusts and even some hail.,A 57 knot wind gust was measured at Liberty Hall Plantation by a Davis Vantage Pro 2 sensor. Report received through social media.
SOUTH CAROLINA,45,2015,Thunderstorm Wind,0,0,0,0,NA,32.98,-80.03,Numerous showers and thunderstorms developed after midnight following an afternoon where the atmosphere was sufficiently capped. Thunderstorms developed along mesoscale boundaries and produced damaging wind gusts and even some hail.,South Carolina Highway Patrol reported a tree down and in the roadway on Snake River Road near the intersection with Foster Creek Road.
SOUTH CAROLINA,45,2015,Thunderstorm Wind,0,0,0,0,NA,32.95,-80.07,Numerous showers and thunderstorms developed after midnight following an afternoon where the atmosphere was sufficiently capped. Thunderstorms developed along mesoscale boundaries and produced damaging wind gusts and even some hail.,A large tree limb reported down by Interstate 26 eastbound around mile marker 207. The branch was about four inches in diameter and about eight feet long. Report received through social media.
SOUTH CAROLINA,45,2015,Thunderstorm Wind,0,0,0,0,210.00K,33.9898,-81.0077,Some thunderstorms developed over the central Midlands and took down trees and powerlines causing damage to homes and vehicles in the Columbia area.,"DOT and broadcast media reported numerous trees down and powerlines down on the southeast, east, and northeast side of Columbia.  Some trees fell on homes and vehicles causing significant damage."
SOUTH CAROLINA,45,2015,Flash Flood,0,0,0,0,12.00K,33.97,-81,Some thunderstorms developed over the central Midlands and took down trees and powerlines causing damage to homes and vehicles in the Columbia area.,Broadcast media reported flash flooding near Williams Brice Stadium and the Fairgrounds.  A couple of vehicles became trapped as the waters rose.
SOUTH CAROLINA,45,2015,Thunderstorm Wind,0,0,0,0,NA,32.35,-80.63,A broken line of strong thunderstorms developed within an inland trough of low pressure and moved southward across southeast South Carolina. These storms produced large hail and damaging wind gusts.,An emergency manager reported trees down on Candy Johnson Drive.
SOUTH CAROLINA,45,2015,Tornado,0,0,0,0,NA,33.37,-80,A broken line of strong thunderstorms developed within an inland trough of low pressure and moved southward across southeast South Carolina. These storms produced large hail and damaging wind gusts.,Several videos and pictures were taken of a waterspout on the northern end of Lake Moultrie. The waterspout did not make landfall.
SOUTH CAROLINA,45,2015,Thunderstorm Wind,0,0,0,0,NA,33.18,-80.75,A broken line of strong thunderstorms developed within an inland trough of low pressure and moved southward across southeast South Carolina. These storms produced large hail and damaging wind gusts.,The South Carolina Highway Patrol reported a tree down on Wire Road near the Dorchester and Orangeburg county line.
SOUTH CAROLINA,45,2015,Flash Flood,0,0,0,0,25.00K,32.9668,-80.0095,A broken line of strong thunderstorms developed within an inland trough of low pressure and moved southward across southeast South Carolina. These storms produced large hail and damaging wind gusts.,"Berkeley County dispatch reported that Harbour Lake Road is closed between Lighthouse Drive and Pineshadow Drive. Multiple cars were flooded and water was starting to come up to buildings. Also, several cars were reported flooded near the intersection of River Avenue and Otranto. Other flooded roadways included Henry E Brown Jr Boulevard near Stanhope Road."
SOUTH CAROLINA,45,2015,Flash Flood,0,0,0,0,10.00K,32.798,-79.9563,A broken line of strong thunderstorms developed within an inland trough of low pressure and moved southward across southeast South Carolina. These storms produced large hail and damaging wind gusts.,"Charleston City Police reported numerous roads closed due to flash flooding resulting from the heavy rainfall. These roads include Ashley Avenue, Bennett Street, President Street, Line Street, Fishburne Street , Rutledge Avenue, King Street, Huger Street, Septima Clark Parkway, and Bogard Street."
SOUTH CAROLINA,45,2015,Thunderstorm Wind,0,0,0,0,NA,32.58,-80.85,Isolated pulse thunderstorms developed in the afternoon hours along the sea breeze. These storms produced isolated reports of damaging wind gusts.,The Jasper County 911 Call Center reported multiple trees down in several locations across the eastern portion of the county.
SOUTH CAROLINA,45,2015,Thunderstorm Wind,0,0,0,0,1.00K,32.52,-81.15,Isolated pulse thunderstorms developed in the afternoon hours along the sea breeze. These storms produced isolated reports of damaging wind gusts.,The South Carolina Highway Patrol reported two trees down on U.S. Route 321 between Bettersen Road and Tarboro Road.
SOUTH CAROLINA,45,2015,Thunderstorm Wind,0,0,0,0,1.00K,32.63,-81.03,Isolated pulse thunderstorms developed in the afternoon hours along the sea breeze. These storms produced isolated reports of damaging wind gusts.,The South Carolina Highway Patrol reported a tree down at the intersection of Langfordville Road and Firetower Road.
SOUTH CAROLINA,45,2015,Thunderstorm Wind,0,0,0,0,1.00K,34.3328,-79.9072,Widespread thunderstorms developed ahead of a trough. Merging boundaries did allow a few thunderstorms to intensify to severe levels.,A tree was reported down on McCowns Millpond Road.
SOUTH CAROLINA,45,2015,Thunderstorm Wind,0,0,0,0,11.00K,34.3624,-79.8349,Widespread thunderstorms developed ahead of a trough. Merging boundaries did allow a few thunderstorms to intensify to severe levels.,A large tree was uprooted and fell across a house and attached carport on Elissa Drive. The carport was destroyed and the car was damaged. A portion of the tree that hit the house did crash through the ceiling. The house sustained significant damage. The occupants in the house at the time were unharmed. The time was estimated based on radar data.
SOUTH CAROLINA,45,2015,Hail,0,0,0,0,NA,32.96,-80.18,"Scattered diurnal thunderstorms developed in the early and middle afternoon hours across southeast South Carolina. Several of these storms became severe, producing large hail and damaging wind gusts.",The public reported 1 inch hail.
SOUTH CAROLINA,45,2015,Hail,0,0,0,0,NA,33,-80.17,"Scattered diurnal thunderstorms developed in the early and middle afternoon hours across southeast South Carolina. Several of these storms became severe, producing large hail and damaging wind gusts.",An NWS employee reported quarter size hail.
SOUTH CAROLINA,45,2015,Thunderstorm Wind,0,0,0,0,1.00K,34.3289,-79.9139,Widespread thunderstorms developed ahead of a trough. Merging boundaries did allow a few thunderstorms to intensify to severe levels.,A tree was reportedly down at the intersection of Tish Drive and McCowns Millpond Road.
SOUTH CAROLINA,45,2015,Hail,0,0,0,0,0.25K,33.8204,-79.0186,Pulse convection developed during the afternoon along the seabreeze boundary and as a result of boundary collisions. The airmass was very unstable and there were several reports of hail and one report of wind damage.,Hail to the size of nickels was reported along Highway 90.
SOUTH CAROLINA,45,2015,Hail,0,0,0,0,0.00K,33.8638,-79.0394,Pulse convection developed during the afternoon along the seabreeze boundary and as a result of boundary collisions. The airmass was very unstable and there were several reports of hail and one report of wind damage.,Hail to the size of pennies was reported at the intersection of Highway 501 Business and Country Club Drive.
SOUTH CAROLINA,45,2015,Hail,0,0,0,0,1.00K,33.8408,-79.0797,Pulse convection developed during the afternoon along the seabreeze boundary and as a result of boundary collisions. The airmass was very unstable and there were several reports of hail and one report of wind damage.,Hail to the size of quarters was reported along Highway 378.
SOUTH CAROLINA,45,2015,Thunderstorm Wind,0,0,0,0,7.00K,33.4212,-79.6439,Pulse convection developed during the afternoon along the seabreeze boundary and as a result of boundary collisions. The airmass was very unstable and there were several reports of hail and one report of wind damage.,Several trees and large limbs were reported down near the intersection of Oakridge Road and Earle Road. The roof of an old barn was damaged.
SOUTH CAROLINA,45,2015,Thunderstorm Wind,0,0,0,0,1.00K,34.6085,-79.5302,"The combination of Bermuda high pressure and an upper ridge created hot temperatures and a very unstable environment. Convection initiated along the Piedmont trough and the seabreeze with additional thunderstorms developing along outflow boundaries. A mid-level shortwave ahead of Tropical Storm Bill moved into the western Carolinas, enhancing the lift across northeast South Carolina and resulting in severe weather.",A tree was reportedly down on Laurin Willis Road.
SOUTH CAROLINA,45,2015,Thunderstorm Wind,0,0,0,0,0.75K,34.3951,-79.3022,"The combination of Bermuda high pressure and an upper ridge created hot temperatures and a very unstable environment. Convection initiated along the Piedmont trough and the seabreeze with additional thunderstorms developing along outflow boundaries. A mid-level shortwave ahead of Tropical Storm Bill moved into the western Carolinas, enhancing the lift across northeast South Carolina and resulting in severe weather.",Large limbs were reported down along Highway 9 near the intersection with Horace Road.
SOUTH CAROLINA,45,2015,Thunderstorm Wind,0,0,0,0,1.00K,34.3902,-79.2991,"The combination of Bermuda high pressure and an upper ridge created hot temperatures and a very unstable environment. Convection initiated along the Piedmont trough and the seabreeze with additional thunderstorms developing along outflow boundaries. A mid-level shortwave ahead of Tropical Storm Bill moved into the western Carolinas, enhancing the lift across northeast South Carolina and resulting in severe weather.",A tree was reportedly down on Bermuda Road.
SOUTH CAROLINA,45,2015,Thunderstorm Wind,0,0,0,0,1.00K,34.4402,-80.1348,Clusters of severe thunderstorms developed along a front and ahead of weak low pressure during the afternoon and evening.,A tree was reported down on Robinson View Drive.
SOUTH CAROLINA,45,2015,Thunderstorm Wind,0,0,0,0,NA,32.66,-81.15,"Scattered diurnal thunderstorms developed in the early and middle afternoon hours across southeast South Carolina. Several of these storms became severe, producing large hail and damaging wind gusts.",The South Carolina Department of Highways reported trees down along Stafford Road.
SOUTH CAROLINA,45,2015,Thunderstorm Wind,0,0,0,0,NA,33.31,-79.78,"Scattered diurnal thunderstorms developed in the early and middle afternoon hours across southeast South Carolina. Several of these storms became severe, producing large hail and damaging wind gusts.",Law enforcement reported a tree down at the intersection of Santee River Road and Von Hollen Road.
SOUTH CAROLINA,45,2015,Thunderstorm Wind,0,0,0,0,NA,32.65,-81.18,"Scattered diurnal thunderstorms developed in the early and middle afternoon hours across southeast South Carolina. Several of these storms became severe, producing large hail and damaging wind gusts.",Law enforcement reported trees down on Highway 601 South.
SOUTH CAROLINA,45,2015,Thunderstorm Wind,0,0,0,0,NA,33.23,-80.45,"Scattered diurnal thunderstorms developed in the early and middle afternoon hours across southeast South Carolina. Several of these storms became severe, producing large hail and damaging wind gusts.",Law enforcement reported a tree down near the intersection of Interstate 26 and South Carolina 453.
SOUTH CAROLINA,45,2015,Hail,0,0,0,0,NA,34.52,-82.82,"Scattered thunderstorms developed across the Upstate during the afternoon and evening, with a few of the storms producing brief severe weather in the form of damaging winds.",Public reported quarter size hail just off Highway 24 at Lake Hartwell.
SOUTH CAROLINA,45,2015,Thunderstorm Wind,0,0,0,0,7.00K,34.7,-80.9,"Scattered thunderstorms developed across the Upstate during the afternoon and evening, with a few of the storms producing brief severe weather in the form of damaging winds.",HAM radio operator and newspaper reported multiple trees down in Fort Lawn. One large tree fell on a vehicle on Diamond Ln. Another fallen tree caused minor damage to a home and destroyed an outbuilding.
SOUTH CAROLINA,45,2015,Hail,0,0,0,0,NA,34.95,-81.92,"Scattered thunderstorms developed during the evening across the eastern half of Upstate South Carolina. Some of the storms produced brief severe weather, mainly in the form of marginally large hail.",Spotter reported quarter size hail in the city of Spartanburg.
SOUTH CAROLINA,45,2015,Hail,0,0,0,0,NA,34.98,-80.94,"Scattered thunderstorms developed during the evening across the eastern half of Upstate South Carolina. Some of the storms produced brief severe weather, mainly in the form of marginally large hail.",Public reported penny size hail.
SOUTH CAROLINA,45,2015,Hail,0,0,0,0,NA,34.9,-80.98,"Scattered thunderstorms developed during the evening across the eastern half of Upstate South Carolina. Some of the storms produced brief severe weather, mainly in the form of marginally large hail.",Public reported quarter size hail near Lesslie.
SOUTH CAROLINA,45,2015,Thunderstorm Wind,0,0,0,0,10.00K,34.96,-81.2,"Scattered thunderstorms developed during the evening across the eastern half of Upstate South Carolina. Some of the storms produced brief severe weather, mainly in the form of marginally large hail.","Public reported several trees blown down, with one tree on a house just southeast of York."
SOUTH CAROLINA,45,2015,Thunderstorm Wind,0,0,0,0,NA,32.44,-80.63,A stationary cold front was positioned to the north with a weak area of low pressure along it. Scattered to numerous thunderstorms developed in the mid to late afternoon hours within a very unstable airmass. The thunderstorms were aided by the presence of a shortwave trough aloft and 15-20 knots of bulk shear. The thunderstorms produced numerous reports of damaging wind gusts across southeast South Carolina.,South Carolina Highway Patrol reported a tree down and in the roadway on Gumwood Drive near Little Capers Road. South Carolina Department of Transportation responded to the downed tree.
SOUTH CAROLINA,45,2015,Thunderstorm Wind,0,0,0,0,NA,32.8,-79.95,A stationary cold front was positioned to the north with a weak area of low pressure along it. Scattered to numerous thunderstorms developed in the mid to late afternoon hours within a very unstable airmass. The thunderstorms were aided by the presence of a shortwave trough aloft and 15-20 knots of bulk shear. The thunderstorms produced numerous reports of damaging wind gusts across southeast South Carolina.,A Twitter user reported a large tree down at the corner of King Street and Huger Street.
SOUTH CAROLINA,45,2015,Thunderstorm Wind,0,0,0,0,NA,32.12,-80.88,A stationary cold front was positioned to the north with a weak area of low pressure along it. Scattered to numerous thunderstorms developed in the mid to late afternoon hours within a very unstable airmass. The thunderstorms were aided by the presence of a shortwave trough aloft and 15-20 knots of bulk shear. The thunderstorms produced numerous reports of damaging wind gusts across southeast South Carolina.,The Daufuskie Island Fire Department reported seven trees down across the island.
SOUTH CAROLINA,45,2015,Thunderstorm Wind,0,0,0,0,NA,32.86,-80.05,A very strong line of thunderstorms rapidly developed in the early afternoon hours within a inland surface trough. The line of thunderstorms quickly moved to the southeast and produced numerous damaging wind gusts across much of southeast South Carolina all the way to the coast.,"The public relayed pictures of several large trees blown down on North Shirley Drive, Water View Circle, and Water View Drive."
SOUTH CAROLINA,45,2015,Thunderstorm Wind,0,0,0,0,NA,32.87,-80.03,A very strong line of thunderstorms rapidly developed in the early afternoon hours within a inland surface trough. The line of thunderstorms quickly moved to the southeast and produced numerous damaging wind gusts across much of southeast South Carolina all the way to the coast.,A National Weather Service employee reported a 50 foot tree down across parts of South Aviation Avenue near Boeing.
SOUTH CAROLINA,45,2015,Thunderstorm Wind,0,0,0,0,0.00K,32.89,-80.12,A very strong line of thunderstorms rapidly developed in the early afternoon hours within a inland surface trough. The line of thunderstorms quickly moved to the southeast and produced numerous damaging wind gusts across much of southeast South Carolina all the way to the coast.,South Carolina Department of Transportation reported a tree down on Ashley River Road between Magnolia Gardens and Middleton Place.
SOUTH CAROLINA,45,2015,Thunderstorm Wind,0,0,0,0,NA,32.46,-81.11,Scattered to numerous thunderstorms developed starting in the early afternoon hours and produced damaging wind gusts across southeast South Carolina before pushing off the coast. The storms developed within northwest flow aloft with local enhancements provided by mesoscale boundary interactions. Several of the storms became severe and  produced damaging wind gusts.,South Carolina Highway Patrol reported a tree down on Highway 119 near the intersection with Highway 321.
SOUTH CAROLINA,45,2015,Thunderstorm Wind,0,0,0,0,NA,32.39,-81.1,Scattered to numerous thunderstorms developed starting in the early afternoon hours and produced damaging wind gusts across southeast South Carolina before pushing off the coast. The storms developed within northwest flow aloft with local enhancements provided by mesoscale boundary interactions. Several of the storms became severe and  produced damaging wind gusts.,South Carolina Highway Patrol reported a tree down on Highway 321 near the Deerfield Sand Pit.
SOUTH CAROLINA,45,2015,Thunderstorm Wind,0,0,0,0,0.00K,34.63,-81.77,"Scattered thunderstorms developed during the evening across the eastern half of Upstate South Carolina. Some of the storms produced brief severe weather, mainly in the form of marginally large hail.",County comms reported multiple trees blown down in the Cross Keys area.
SOUTH CAROLINA,45,2015,Thunderstorm Wind,0,0,0,0,1.00K,33.63,-80.16,"Scattered thunderstorms produced some wind damage in Chesterfield and Clarendon counties, mainly taking down trees and some power lines.",Sheriff reported a couple of trees down on Bloomville Road at Bonanza Crossing.
SOUTH CAROLINA,45,2015,Thunderstorm Wind,0,0,0,0,3.00K,34.64,-80.06,"Scattered thunderstorms produced some wind damage in Chesterfield and Clarendon counties, mainly taking down trees and some power lines.",Sheriff reported trees down on Hunts Mill Road.
SOUTH CAROLINA,45,2015,Thunderstorm Wind,0,0,0,0,NA,32.83,-79.96,A very strong line of thunderstorms rapidly developed in the early afternoon hours within a inland surface trough. The line of thunderstorms quickly moved to the southeast and produced numerous damaging wind gusts across much of southeast South Carolina all the way to the coast.,An off duty National Weather Service employee reported a large metal sign bent by strong winds along Interstate 26 west just south of the Spruill Avenue exit.
SOUTH CAROLINA,45,2015,Thunderstorm Wind,0,0,0,0,NA,32.87,-80.01,A very strong line of thunderstorms rapidly developed in the early afternoon hours within a inland surface trough. The line of thunderstorms quickly moved to the southeast and produced numerous damaging wind gusts across much of southeast South Carolina all the way to the coast.,An off duty National Weather Service employee reported a large metal sign bent by strong winds along Interstate 26 west just south of the Montague Avenue exit.
SOUTH CAROLINA,45,2015,Thunderstorm Wind,0,0,0,0,NA,32.81,-80.03,A very strong line of thunderstorms rapidly developed in the early afternoon hours within a inland surface trough. The line of thunderstorms quickly moved to the southeast and produced numerous damaging wind gusts across much of southeast South Carolina all the way to the coast.,A National Weather Service employee reported several trees on power lines at Ashley River Road and Tobias Gadson Boulevard.
SOUTH CAROLINA,45,2015,Thunderstorm Wind,0,0,0,0,NA,32.37,-80.59,A stationary cold front was positioned to the north with a weak area of low pressure along it. Scattered to numerous thunderstorms developed in the mid to late afternoon hours within a very unstable airmass. The thunderstorms were aided by the presence of a shortwave trough aloft and 15-20 knots of bulk shear. The thunderstorms produced numerous reports of damaging wind gusts across southeast South Carolina.,Tuc In De Woods Campground reported numerous trees down with power and cable both out of service.
SOUTH CAROLINA,45,2015,Thunderstorm Wind,0,0,0,0,NA,32.24,-81.03,Scattered to numerous thunderstorms developed starting in the early afternoon hours and produced damaging wind gusts across southeast South Carolina before pushing off the coast. The storms developed within northwest flow aloft with local enhancements provided by mesoscale boundary interactions. Several of the storms became severe and  produced damaging wind gusts.,Jasper County dispatch reported a large tree limb down blocking traffic at the intersection of Plantation Drive and S Okatie Highway.
SOUTH CAROLINA,45,2015,Thunderstorm Wind,0,0,0,0,NA,32.77,-80.9,Scattered to numerous thunderstorms developed starting in the early afternoon hours and produced damaging wind gusts across southeast South Carolina before pushing off the coast. The storms developed within northwest flow aloft with local enhancements provided by mesoscale boundary interactions. Several of the storms became severe and  produced damaging wind gusts.,South Carolina Highway Patrol reported a tree down on Old Salkehatchie Highway near the intersection with Mt. Olive Road.
SOUTH CAROLINA,45,2015,Thunderstorm Wind,0,0,0,0,NA,32.94,-80.49,Scattered to numerous thunderstorms developed starting in the early afternoon hours and produced damaging wind gusts across southeast South Carolina before pushing off the coast. The storms developed within northwest flow aloft with local enhancements provided by mesoscale boundary interactions. Several of the storms became severe and  produced damaging wind gusts.,South Carolina Highway Patrol reported a tree down on Jacksonboro Road near the intersection with Highway 17A.
SOUTH CAROLINA,45,2015,Thunderstorm Wind,0,0,0,0,NA,32.52,-80.72,Scattered to numerous thunderstorms developed starting in the early afternoon hours and produced damaging wind gusts across southeast South Carolina before pushing off the coast. The storms developed within northwest flow aloft with local enhancements provided by mesoscale boundary interactions. Several of the storms became severe and  produced damaging wind gusts.,Beaufort County dispatch reported a large tree down on a house on Cornelius Drive.
SOUTH CAROLINA,45,2015,Thunderstorm Wind,0,0,0,0,NA,32.36,-80.45,Scattered to numerous thunderstorms developed starting in the early afternoon hours and produced damaging wind gusts across southeast South Carolina before pushing off the coast. The storms developed within northwest flow aloft with local enhancements provided by mesoscale boundary interactions. Several of the storms became severe and  produced damaging wind gusts.,Beaufort County dispatch reported a tree down on Hunting Island across Sea Island Parkway.
SOUTH CAROLINA,45,2015,Thunderstorm Wind,0,0,0,0,NA,32.93,-80,A very strong line of thunderstorms rapidly developed in the early afternoon hours within a inland surface trough. The line of thunderstorms quickly moved to the southeast and produced numerous damaging wind gusts across much of southeast South Carolina all the way to the coast.,The public reported a large tree down on a house.
SOUTH CAROLINA,45,2015,Thunderstorm Wind,0,0,0,0,NA,32.89,-79.79,A very strong line of thunderstorms rapidly developed in the early afternoon hours within a inland surface trough. The line of thunderstorms quickly moved to the southeast and produced numerous damaging wind gusts across much of southeast South Carolina all the way to the coast.,The public reported a tree down on a sport utility vehicle in the Dunes West subdivision of Mount Pleasant.
SOUTH CAROLINA,45,2015,Thunderstorm Wind,0,0,0,0,NA,33.18,-80.58,A strong line of thunderstorms developed across central Georgia in the mid afternoon hours and pushed eastward through southeast South Carolina in the evening. The storms developed within a inland trough of low pressure with a upper shortwave trough helping to force the line. A highly unstable airmass with plentiful mid-level dry air created an environment supportive damaging wind gusts across the region.,A tree was blown down onto power lines and a power pole was snapped at the intersection of Reed Street and South Parler Avenue.
SOUTH CAROLINA,45,2015,Thunderstorm Wind,0,0,0,0,NA,32.82,-81.18,A strong line of thunderstorms developed across central Georgia in the mid afternoon hours and pushed eastward through southeast South Carolina in the evening. The storms developed within a inland trough of low pressure with a upper shortwave trough helping to force the line. A highly unstable airmass with plentiful mid-level dry air created an environment supportive damaging wind gusts across the region.,South Carolina Highway Patrol reported a tree down on Hope Well Road near the intersection with Grass Hill Road.
SOUTH CAROLINA,45,2015,Thunderstorm Wind,0,0,0,0,NA,32.92,-81.08,A strong line of thunderstorms developed across central Georgia in the mid afternoon hours and pushed eastward through southeast South Carolina in the evening. The storms developed within a inland trough of low pressure with a upper shortwave trough helping to force the line. A highly unstable airmass with plentiful mid-level dry air created an environment supportive damaging wind gusts across the region.,South Carolina Highway Patrol reported a tree down on Highway 601 just north of Crocketville.
SOUTH CAROLINA,45,2015,Thunderstorm Wind,0,0,0,0,NA,33.13,-80.56,A strong line of thunderstorms developed across central Georgia in the mid afternoon hours and pushed eastward through southeast South Carolina in the evening. The storms developed within a inland trough of low pressure with a upper shortwave trough helping to force the line. A highly unstable airmass with plentiful mid-level dry air created an environment supportive damaging wind gusts across the region.,Dorchester County dispatch reported a tree down at the intersection of Seven Acres Road and Cypress Grove Lane.
SOUTH CAROLINA,45,2015,Thunderstorm Wind,0,0,0,0,NA,32.73,-80.8,Scattered to numerous thunderstorms developed starting in the early afternoon hours and produced damaging wind gusts across southeast South Carolina before pushing off the coast. The storms developed within northwest flow aloft with local enhancements provided by mesoscale boundary interactions. Several of the storms became severe and  produced damaging wind gusts.,A trained spotter reported a large tree down near Mt. Olive Church in Salkehatchie.
SOUTH CAROLINA,45,2015,Flood,0,0,0,0,0.00K,34.2999,-79.8689,A slow moving cold front produced flooding.,Flooding was reported at the intersection of South Main and Broad Street.
SOUTH CAROLINA,45,2015,Thunderstorm Wind,0,0,0,0,NA,32.85,-80.09,A very strong line of thunderstorms rapidly developed in the early afternoon hours within a inland surface trough. The line of thunderstorms quickly moved to the southeast and produced numerous damaging wind gusts across much of southeast South Carolina all the way to the coast.,An off duty National Weather Service employee reported about ten large trees snapped off and uprooted along Fieldstone Circle. Shingles were also blown off of some homes.
SOUTH CAROLINA,45,2015,Thunderstorm Wind,0,0,0,0,NA,32.48,-80.65,A very strong line of thunderstorms rapidly developed in the early afternoon hours within a inland surface trough. The line of thunderstorms quickly moved to the southeast and produced numerous damaging wind gusts across much of southeast South Carolina all the way to the coast.,Beaufort County Emergency Management reported a tree blown down at the intersection of Springfield Road and Middle Road.
SOUTH CAROLINA,45,2015,Thunderstorm Wind,0,0,0,0,NA,32.44,-80.69,A very strong line of thunderstorms rapidly developed in the early afternoon hours within a inland surface trough. The line of thunderstorms quickly moved to the southeast and produced numerous damaging wind gusts across much of southeast South Carolina all the way to the coast.,Beaufort County Emergency Management reported a tree blown down at the intersection of Baggett Street and Union Street.
SOUTH CAROLINA,45,2015,Thunderstorm Wind,0,0,0,0,NA,33.09,-79.49,A very strong line of thunderstorms rapidly developed in the early afternoon hours within a inland surface trough. The line of thunderstorms quickly moved to the southeast and produced numerous damaging wind gusts across much of southeast South Carolina all the way to the coast.,The fire department reported a tree down near 9905 Highway 17.
SOUTH CAROLINA,45,2015,Thunderstorm Wind,0,0,0,0,NA,32.93,-80.11,Scattered to numerous thunderstorms developed starting in the early afternoon hours and produced damaging wind gusts across southeast South Carolina before pushing off the coast. The storms developed within northwest flow aloft with local enhancements provided by mesoscale boundary interactions. Several of the storms became severe and  produced damaging wind gusts.,A Twitter user reported a large tree that fell in the front  yard of a house near Fort Dorchester High School.
SOUTH CAROLINA,45,2015,Thunderstorm Wind,0,0,0,0,NA,32.75,-80.03,Scattered to numerous thunderstorms developed starting in the early afternoon hours and produced damaging wind gusts across southeast South Carolina before pushing off the coast. The storms developed within northwest flow aloft with local enhancements provided by mesoscale boundary interactions. Several of the storms became severe and  produced damaging wind gusts.,South Carolina Highway Patrol reported a tree down across Maybank Highway near the intersection with Fenwich Hall Allee.
SOUTH CAROLINA,45,2015,Thunderstorm Wind,0,0,0,0,NA,32.57,-80.32,Scattered to numerous thunderstorms developed starting in the early afternoon hours and produced damaging wind gusts across southeast South Carolina before pushing off the coast. The storms developed within northwest flow aloft with local enhancements provided by mesoscale boundary interactions. Several of the storms became severe and  produced damaging wind gusts.,A coop observer reported a large tree and several large limbs down on Chisholm Plantation Road about a quarter of a mile south of the Edisto Island Historical Society.
SOUTH CAROLINA,45,2015,Thunderstorm Wind,0,0,0,0,NA,32.56,-80.33,Scattered to numerous thunderstorms developed starting in the early afternoon hours and produced damaging wind gusts across southeast South Carolina before pushing off the coast. The storms developed within northwest flow aloft with local enhancements provided by mesoscale boundary interactions. Several of the storms became severe and  produced damaging wind gusts.,A coop observer reported large limbs down in a nearby wooded area and estimates winds gusting up to 65 mph.
SOUTH CAROLINA,45,2015,Thunderstorm Wind,0,0,0,0,2.00K,34.4139,-79.3521,A pulse severe thunderstorm produced wind damage.,A tree was reportedly down on a parked car on Lauren Avenue.
SOUTH CAROLINA,45,2015,Thunderstorm Wind,0,0,0,0,0.00K,34.96,-83.02,Isolated thunderstorms moved across the South Carolina mountains during the late afternoon. One storm produced brief damaging winds over Oconee County.,Spotter reported trees blown down near North Little River Rd.
SOUTH CAROLINA,45,2015,Hail,0,0,0,0,NA,34.96,-83.02,Isolated thunderstorms moved across the South Carolina mountains during the late afternoon. One storm produced brief damaging winds over Oconee County.,Spotter reported 3/4 inch hail near North Little River Rd.
SOUTH CAROLINA,45,2015,Thunderstorm Wind,0,0,0,0,0.00K,34.89,-82.46,Numerous showers and thunderstorms developed during the afternoon along a surface trough across Upstate South Carolina. One isolated severe storm occurred on the north side of the Greenville metro area.,DOT reported a tree blown down on Ridge Rd in Berea and another tree at School Rd and N Franklin Rd in north Greenville.
SOUTH CAROLINA,45,2015,Thunderstorm Wind,0,0,0,0,0.00K,34.4,-82.69,"A cluster of thunderstorms moved into Upstate South Carolina from northeast Georgia during the afternoon and produced localized severe weather in the form of damaging winds and large hail, mainly over Anderson County.",Public reported multiple trees blown down on Highway 81 near Starr. County comms reported power lines down on Melody Trail.
SOUTH CAROLINA,45,2015,Hail,0,0,0,0,NA,34.5,-82.7,"A cluster of thunderstorms moved into Upstate South Carolina from northeast Georgia during the afternoon and produced localized severe weather in the form of damaging winds and large hail, mainly over Anderson County.",Spotter and several people in the public reported quarter size hail from near the Anderson Airport to near downtown Anderson.
SOUTH CAROLINA,45,2015,Flood,0,0,0,0,0.00K,33.7145,-78.961,A nearly stationary front produced flooding around portions of Horry County.,Flooding was reported on Brookgate Drive. The road was closed.
SOUTH CAROLINA,45,2015,Flood,0,0,0,0,0.00K,33.7145,-78.9371,A nearly stationary front produced flooding around portions of Horry County.,Flooding was reported on George Bishop Pkwy.
SOUTH CAROLINA,45,2015,Flood,0,0,0,0,0.00K,33.8086,-79.0357,A nearly stationary front produced flooding around portions of Horry County.,Flooding was reported on Academy Drive.  Road was closed.
SOUTH CAROLINA,45,2015,Flood,0,0,0,0,0.00K,33.6416,-78.9938,A nearly stationary front produced flooding around portions of Horry County.,Flooding was reported on Queens Harbor Blvd.
SOUTH CAROLINA,45,2015,Lightning,1,0,0,0,0.00K,34.2049,-79.8016,Lightning struck a man on a football field in Florence County.,"Lightning struck a 19 year old male on a football field at Carver Elementary school.  He was resuscitated by the Florence City Fire Dept, and was transported to the local emergency room.  He was in serious but stable condition."
SOUTH CAROLINA,45,2015,Thunderstorm Wind,0,0,0,0,NA,33.03,-80.49,A strong line of thunderstorms developed across central Georgia in the mid afternoon hours and pushed eastward through southeast South Carolina in the evening. The storms developed within a inland trough of low pressure with a upper shortwave trough helping to force the line. A highly unstable airmass with plentiful mid-level dry air created an environment supportive damaging wind gusts across the region.,South Carolina Highway Patrol reported a tree down in the 6700 block of Rehoboth Road.
SOUTH CAROLINA,45,2015,Thunderstorm Wind,0,0,0,0,NA,32.9,-80.91,A strong line of thunderstorms developed across central Georgia in the mid afternoon hours and pushed eastward through southeast South Carolina in the evening. The storms developed within a inland trough of low pressure with a upper shortwave trough helping to force the line. A highly unstable airmass with plentiful mid-level dry air created an environment supportive damaging wind gusts across the region.,South Carolina Highway Patrol reported a tree down on Forks Road near the Sineath Road intersection.
SOUTH CAROLINA,45,2015,Thunderstorm Wind,0,0,0,0,1.00K,33.8144,-79.466,An upper level disturbance moved across a very moist and unstable air mass. Multiple boundary interactions enhanced the risk for severe thunderstorms.,A tree was reportedly down on Vox Highway. The time was estimated based on radar data.
SOUTH CAROLINA,45,2015,Hail,0,0,0,0,0.50K,33.9395,-78.7329,An upper level disturbance moved across a very moist and unstable air mass. Multiple boundary interactions enhanced the risk for severe thunderstorms.,Hail to the size of quarters was reported at the intersection of Highway 9 and Highway 905.
SOUTH CAROLINA,45,2015,Thunderstorm Wind,0,0,0,0,1.00K,34.374,-80.101,A small cluster of thunderstorms developed on the Piedmont trough and dropped southeast. The thunderstorms briefly pulsed to severe levels and produced wind damage.,A tree was reportedly down on Trailwood Drive.
SOUTH CAROLINA,45,2015,Thunderstorm Wind,0,0,0,0,6.00K,34.4014,-80.058,A small cluster of thunderstorms developed on the Piedmont trough and dropped southeast. The thunderstorms briefly pulsed to severe levels and produced wind damage.,Multiple trees were reported down along Patrick Highway and Timmerman Drive.
SOUTH CAROLINA,45,2015,Hail,0,0,0,0,NA,34.76,-82.27,"An isolated thunderstorm developed over central Greenville County late in the afternoon and briefly became severe, producing large hail.",Public reported nickel size hail.
SOUTH CAROLINA,45,2015,Hail,0,0,0,0,NA,34.98,-82.09,Scattered thunderstorms developed during the afternoon across northern portions of the Upstate. A series of storms organized into a cluster across Spartanburg County and produced localized severe weather.,Public reported quarter size hail via social media.
SOUTH CAROLINA,45,2015,Thunderstorm Wind,0,0,0,0,0.00K,34.52,-82.63,Scattered thunderstorms developed across the mountains and foothills during the early afternoon and moved southeast into the Piedmont during mid-to-late afternoon. A few of the storms produced brief severe weather in the form of damaging winds.,County comms reported multiple trees blown down at E Calhoun St and Old Colony Rd.
SOUTH CAROLINA,45,2015,Thunderstorm Wind,0,0,0,0,0.00K,34.74,-82.51,Scattered thunderstorms developed across the mountains and foothills during the early afternoon and moved southeast into the Piedmont during mid-to-late afternoon. A few of the storms produced brief severe weather in the form of damaging winds.,County comms reported a tree blown down on Bonanza Cir. HAM radio operator reported a tree and power lines blown down on Vinewood St.
SOUTH CAROLINA,45,2015,Thunderstorm Wind,0,0,0,0,NA,33.01,-80.42,A strong line of thunderstorms developed across central Georgia in the mid afternoon hours and pushed eastward through southeast South Carolina in the evening. The storms developed within a inland trough of low pressure with a upper shortwave trough helping to force the line. A highly unstable airmass with plentiful mid-level dry air created an environment supportive damaging wind gusts across the region.,South Carolina Highway Patrol reported a tree down in the 4800 block of Peirce Road.
SOUTH CAROLINA,45,2015,Thunderstorm Wind,0,0,0,0,NA,32.93,-80.5,A strong line of thunderstorms developed across central Georgia in the mid afternoon hours and pushed eastward through southeast South Carolina in the evening. The storms developed within a inland trough of low pressure with a upper shortwave trough helping to force the line. A highly unstable airmass with plentiful mid-level dry air created an environment supportive damaging wind gusts across the region.,South Carolina Highway Patrol reported a tree down on Jacksonboro Road near Cottageville.
SOUTH CAROLINA,45,2015,Thunderstorm Wind,0,0,0,0,NA,32.3,-80.89,A strong line of thunderstorms developed across central Georgia in the mid afternoon hours and pushed eastward through southeast South Carolina in the evening. The storms developed within a inland trough of low pressure with a upper shortwave trough helping to force the line. A highly unstable airmass with plentiful mid-level dry air created an environment supportive damaging wind gusts across the region.,One tree was blown down along Pinckney Colony Road.
SOUTH CAROLINA,45,2015,Thunderstorm Wind,0,0,0,0,NA,32.87,-80.09,Scattered to numerous thunderstorms developed starting in the early afternoon hours and produced damaging wind gusts across southeast South Carolina before pushing off the coast. The storms developed within northwest flow aloft with local enhancements provided by mesoscale boundary interactions. Several of the storms became severe and  produced damaging wind gusts.,South Carolina Highway Patrol reported a tree down on Ashley River Road in front of Magnolia Plantation.
SOUTH CAROLINA,45,2015,Thunderstorm Wind,0,0,0,0,NA,32.9,-80.75,Scattered to numerous thunderstorms developed starting in the early afternoon hours and produced damaging wind gusts across southeast South Carolina before pushing off the coast. The storms developed within northwest flow aloft with local enhancements provided by mesoscale boundary interactions. Several of the storms became severe and  produced damaging wind gusts.,South Carolina Highway Patrol reported a tree down on Hudson Mill Road near the intersection with Little Elbow Road.
SOUTH CAROLINA,45,2015,Thunderstorm Wind,0,0,0,0,NA,32.44,-80.68,A strong line of thunderstorms developed across central Georgia in the mid afternoon hours and pushed eastward through southeast South Carolina in the evening. The storms developed within a inland trough of low pressure with a upper shortwave trough helping to force the line. A highly unstable airmass with plentiful mid-level dry air created an environment supportive damaging wind gusts across the region.,Beaufort County dispatch reported that there were numerous trees down in and around Beaufort.
SOUTH CAROLINA,45,2015,Thunderstorm Wind,0,0,0,0,NA,32.38,-80.69,A strong line of thunderstorms developed across central Georgia in the mid afternoon hours and pushed eastward through southeast South Carolina in the evening. The storms developed within a inland trough of low pressure with a upper shortwave trough helping to force the line. A highly unstable airmass with plentiful mid-level dry air created an environment supportive damaging wind gusts across the region.,Multiple trees were reported down in the Port Royal area.
SOUTH CAROLINA,45,2015,Thunderstorm Wind,0,0,0,0,NA,32.45,-80.64,A strong line of thunderstorms developed across central Georgia in the mid afternoon hours and pushed eastward through southeast South Carolina in the evening. The storms developed within a inland trough of low pressure with a upper shortwave trough helping to force the line. A highly unstable airmass with plentiful mid-level dry air created an environment supportive damaging wind gusts across the region.,Beaufort County dispatch reported several trees down on Ladys Island.
SOUTH CAROLINA,45,2015,Thunderstorm Wind,0,0,0,0,NA,32.25,-80.73,A strong line of thunderstorms developed across central Georgia in the mid afternoon hours and pushed eastward through southeast South Carolina in the evening. The storms developed within a inland trough of low pressure with a upper shortwave trough helping to force the line. A highly unstable airmass with plentiful mid-level dry air created an environment supportive damaging wind gusts across the region.,Beaufort County dispatch reported several trees down on Hilton Head Island.
SOUTH CAROLINA,45,2015,Thunderstorm Wind,0,0,0,0,NA,32.37,-80.6,A strong line of thunderstorms developed across central Georgia in the mid afternoon hours and pushed eastward through southeast South Carolina in the evening. The storms developed within a inland trough of low pressure with a upper shortwave trough helping to force the line. A highly unstable airmass with plentiful mid-level dry air created an environment supportive damaging wind gusts across the region.,A tree was blown down along Dolphin Point Drive on Cat Island.
SOUTH CAROLINA,45,2015,Thunderstorm Wind,0,0,0,0,0.00K,34.89,-83.16,"A line of thunderstorms producing damaging wind gusts moved out of western North Carolina and across Oconee County, producing quite a bit of wind damage in the form of downed trees. The line of storms weakened quickly as it moved across the county, and no wind damage was reported to have occurred in any other county in the Upstate.",County comms reported numerous trees blown down throughout Oconee County.
SOUTH CAROLINA,45,2015,Thunderstorm Wind,0,0,0,0,0.00K,34.86,-82.41,"Scattered thunderstorms developed across northern portions of Upstate South Carolina during mid-to-late afternoon. Multiple storms organized into a couple of larger storm clusters, which were responsible for producing localized severe weather in the form of damaging winds, mainly across the Piedmont.","Public reported multiple trees and power lines blown down, mainly on the west and south side of the city of Greenville."
SOUTH CAROLINA,45,2015,Thunderstorm Wind,0,0,0,0,1.00K,34.0033,-79.2093,Clusters of severe thunderstorms developed along a front and ahead of weak low pressure during the afternoon and evening.,A tree was reported down on U.S. 501 near Highway 319. The time was estimated based on radar data.
SOUTH CAROLINA,45,2015,Thunderstorm Wind,0,0,0,0,0.50K,34.1449,-79.3979,Clusters of severe thunderstorms developed along a front and ahead of weak low pressure during the afternoon and evening.,Large tree limbs were reported down on Azalea Avenue.
SOUTH CAROLINA,45,2015,Flood,0,0,0,0,0.00K,34.3125,-79.8404,A near stationary front produced slow moving storms and flooding.,Flooding was reported at the intersection of Cashua Ferry Road and Pocket Road.
SOUTH CAROLINA,45,2015,Flood,0,0,0,0,0.00K,34.36,-80,A near stationary front produced slow moving storms and flooding.,Flooding was reported on Billy Farrow Hwy.
SOUTH CAROLINA,45,2015,Thunderstorm Wind,0,0,0,0,0.00K,34.64,-82.39,Scattered thunderstorms developed across the mountains and foothills during the early afternoon and moved southeast into the Piedmont during mid-to-late afternoon. A few of the storms produced brief severe weather in the form of damaging winds.,County comms reported a tree blown down on Highway 25 in the Pelzer area and another tree down at Highway 418 and Fairview Rd in Simpsonville.
SOUTH CAROLINA,45,2015,Thunderstorm Wind,0,0,0,0,0.00K,34.42,-82.05,Scattered thunderstorms developed across the mountains and foothills during the early afternoon and moved southeast into the Piedmont during mid-to-late afternoon. A few of the storms produced brief severe weather in the form of damaging winds.,County comms reported power lines blown down on Pond View Dr and Conway Ave in the city of Laurens.
SOUTH CAROLINA,45,2015,Thunderstorm Wind,0,0,0,0,0.00K,34.62,-81.36,Scattered thunderstorms developed across the mountains and foothills during the early afternoon and moved southeast into the Piedmont during mid-to-late afternoon. A few of the storms produced brief severe weather in the form of damaging winds.,County comms reported multiple trees blown down along Highway 121/72 in western Chester County.
SOUTH CAROLINA,45,2015,Thunderstorm Wind,0,0,0,0,1.00K,34.7972,-79.7848,Convection organized into a line just upstream and moved from west to east across the forecast area. Portions of the line occasionally bowed out. The thunderstorms moved into an environment where there was a great deal of dry air in the mid-levels. Downdraft CAPE values were high and soundings showed a pronounced inverted-V signature.,A large tree was reportedly down on Highway 177.
SOUTH CAROLINA,45,2015,Thunderstorm Wind,0,0,0,0,1.00K,34.2442,-80.0213,Convection organized into a line just upstream and moved from west to east across the forecast area. Portions of the line occasionally bowed out. The thunderstorms moved into an environment where there was a great deal of dry air in the mid-levels. Downdraft CAPE values were high and soundings showed a pronounced inverted-V signature.,A tree was reported down at the intersection of Lawson Grove Road and Philadelphia Street.
SOUTH CAROLINA,45,2015,Thunderstorm Wind,0,0,0,0,1.00K,34.265,-80.0812,Convection organized into a line just upstream and moved from west to east across the forecast area. Portions of the line occasionally bowed out. The thunderstorms moved into an environment where there was a great deal of dry air in the mid-levels. Downdraft CAPE values were high and soundings showed a pronounced inverted-V signature.,A tree was reported down along Highway 403.
SOUTH CAROLINA,45,2015,Thunderstorm Wind,0,0,0,0,NA,32.45,-80.68,"Scattered thunderstorms developed in the early to mid afternoon hours and produced damaging wind gusts as they moved toward the coast. The thunderstorms developed within an inland surface trough, in a very unstable environment due to dew points near 80 and temperatures in the upper 90's. Outflow boundary interactions also helped provide enhancements to thunderstorm strength.",Beaufort County dispatch reported a tree down on Lafayette Street.
SOUTH CAROLINA,45,2015,Thunderstorm Wind,0,0,0,0,0.00K,34.77,-82.46,"Scattered thunderstorms developed across northern portions of Upstate South Carolina during mid-to-late afternoon. Multiple storms organized into a couple of larger storm clusters, which were responsible for producing localized severe weather in the form of damaging winds, mainly across the Piedmont.",Public reported multiple large tree limbs blown down on Raven Wood Cir.
SOUTH CAROLINA,45,2015,Thunderstorm Wind,0,0,0,0,0.00K,34.84,-80.95,"Scattered thunderstorms developed across the Upstate during the afternoon and evening, with a few of the storms producing brief severe weather in the form of damaging winds.","Public reported multiple trees down and minor structural damage near Catawba. Also, Highway Patrol reported a tree down at Spencer Rd and Winter Rd in the same area."
SOUTH CAROLINA,45,2015,Thunderstorm Wind,0,0,0,0,0.00K,34.78,-83.25,Scattered thunderstorms developed across the mountains and foothills during the early afternoon and moved southeast into the Piedmont during mid-to-late afternoon. A few of the storms produced brief severe weather in the form of damaging winds.,County comms reported multiple trees blown down at Battlecreek Rd and Damascus Church Rd.
SOUTH CAROLINA,45,2015,Thunderstorm Wind,0,0,0,0,0.00K,34.68,-83.03,Scattered thunderstorms developed across the mountains and foothills during the early afternoon and moved southeast into the Piedmont during mid-to-late afternoon. A few of the storms produced brief severe weather in the form of damaging winds.,HAM radion operator reported multiple trees down on Poplar Springs Rd in the Richland community.
SOUTH CAROLINA,45,2015,Thunderstorm Wind,0,0,0,0,NA,32.16,-80.78,Scattered thunderstorms developed in the mid afternoon hours along the sea breeze within a typical summertime airmass. A few of these storms became strong enough to produce damaging wind gusts.,Hilton Head Emergency Management reported a tree blown down along Sea Olive Road.
SOUTH CAROLINA,45,2015,Thunderstorm Wind,0,0,0,0,NA,32.25,-80.86,Scattered thunderstorms developed in the mid afternoon hours along the sea breeze within a typical summertime airmass. A few of these storms became strong enough to produce damaging wind gusts.,Beaufort County dispatch reported a tree down at the intersection of Red Cedar Street and Bluffton Parkway.
SOUTH CAROLINA,45,2015,Thunderstorm Wind,0,0,0,0,NA,32.41,-80.5,"Scattered thunderstorms developed in the early to mid afternoon hours and produced damaging wind gusts as they moved toward the coast. The thunderstorms developed within an inland surface trough, in a very unstable environment due to dew points near 80 and temperatures in the upper 90's. Outflow boundary interactions also helped provide enhancements to thunderstorm strength.",South Carolina Highway Patrol reported a tree down on Highway 21 at the Day Lilly Drive intersection.
SOUTH CAROLINA,45,2015,Thunderstorm Wind,0,0,0,0,NA,32.97,-80.21,A strong line of thunderstorms developed across central Georgia in the mid afternoon hours and pushed eastward through southeast South Carolina in the evening. The storms developed within a inland trough of low pressure with a upper shortwave trough helping to force the line. A highly unstable airmass with plentiful mid-level dry air created an environment supportive damaging wind gusts across the region.,Dorchester County dispatch reported a tree down on Orangeburg Road at the intersection with Dorchester Road.
SOUTH CAROLINA,45,2015,Thunderstorm Wind,0,0,0,0,NA,32.3484,-80.4602,A strong line of thunderstorms developed across central Georgia in the mid afternoon hours and pushed eastward through southeast South Carolina in the evening. The storms developed within a inland trough of low pressure with a upper shortwave trough helping to force the line. A highly unstable airmass with plentiful mid-level dry air created an environment supportive damaging wind gusts across the region.,South Carolina Highway Patrol reported that a tree was blown down on Sea Island Parkway.
SOUTH CAROLINA,45,2015,Thunderstorm Wind,0,0,0,0,NA,32.79,-79.88,A strong line of thunderstorms developed across central Georgia in the mid afternoon hours and pushed eastward through southeast South Carolina in the evening. The storms developed within a inland trough of low pressure with a upper shortwave trough helping to force the line. A highly unstable airmass with plentiful mid-level dry air created an environment supportive damaging wind gusts across the region.,A National Weather Service employee reported a tree down on Lucas Street near Shem Creek.
SOUTH CAROLINA,45,2015,Thunderstorm Wind,0,0,0,0,NA,32.81,-79.85,A strong line of thunderstorms developed across central Georgia in the mid afternoon hours and pushed eastward through southeast South Carolina in the evening. The storms developed within a inland trough of low pressure with a upper shortwave trough helping to force the line. A highly unstable airmass with plentiful mid-level dry air created an environment supportive damaging wind gusts across the region.,A large bradford pear tree was broken in half by wind on Rosemead Road.
SOUTH CAROLINA,45,2015,Thunderstorm Wind,0,0,0,0,NA,32.8994,-80.0407,A very strong line of thunderstorms rapidly developed in the early afternoon hours within a inland surface trough. The line of thunderstorms quickly moved to the southeast and produced numerous damaging wind gusts across much of southeast South Carolina all the way to the coast.,A 54 knot wind gust was measured at the Charleston International Airport with passing line of thunderstorms.
SOUTH CAROLINA,45,2015,Thunderstorm Wind,0,0,0,0,0.00K,34.64,-82.99,"Scattered thunderstorms developed across northern portions of Upstate South Carolina during mid-to-late afternoon. Multiple storms organized into a couple of larger storm clusters, which were responsible for producing localized severe weather in the form of damaging winds, mainly across the Piedmont.",Spotter reported multiple trees blown down near Crooks Farm Rd and Dave Nix Rd.
SOUTH CAROLINA,45,2015,Thunderstorm Wind,0,0,0,0,0.00K,34.47,-82.16,"Scattered thunderstorms developed across northern portions of Upstate South Carolina during mid-to-late afternoon. Multiple storms organized into a couple of larger storm clusters, which were responsible for producing localized severe weather in the form of damaging winds, mainly across the Piedmont.",Spotter reported multiple trees blown down along Highway 252 near Hickory Tavern.
SOUTH CAROLINA,45,2015,Thunderstorm Wind,0,0,0,0,NA,32.92,-81.08,A very strong line of thunderstorms rapidly developed in the early afternoon hours within a inland surface trough. The line of thunderstorms quickly moved to the southeast and produced numerous damaging wind gusts across much of southeast South Carolina all the way to the coast.,South Carolina Highway Patrol reported that a tree was blown down onto Highway 601 North at the Sandy Run Road intersection.
SOUTH CAROLINA,45,2015,Thunderstorm Wind,0,0,0,0,NA,32.7967,-80.0803,"Scattered thunderstorms developed in the early to mid afternoon hours and produced damaging wind gusts as they moved toward the coast. The thunderstorms developed within an inland surface trough, in a very unstable environment due to dew points near 80 and temperatures in the upper 90's. Outflow boundary interactions also helped provide enhancements to thunderstorm strength.",An off duty National Weather Service employee reported a very large tree down at the intersection of Carolina Bay Drive and Highway 17.
SOUTH CAROLINA,45,2015,Thunderstorm Wind,0,0,0,0,NA,32.75,-79.97,"Scattered thunderstorms developed in the early to mid afternoon hours and produced damaging wind gusts as they moved toward the coast. The thunderstorms developed within an inland surface trough, in a very unstable environment due to dew points near 80 and temperatures in the upper 90's. Outflow boundary interactions also helped provide enhancements to thunderstorm strength.",A large limb was down and blocking the eastbound lane of Folly Road.
SOUTH CAROLINA,45,2015,Thunderstorm Wind,0,0,0,0,NA,32.7666,-79.8194,"Scattered thunderstorms developed in the early to mid afternoon hours and produced damaging wind gusts as they moved toward the coast. The thunderstorms developed within an inland surface trough, in a very unstable environment due to dew points near 80 and temperatures in the upper 90's. Outflow boundary interactions also helped provide enhancements to thunderstorm strength.",The Weatherflow site at Station 28.5 on Sullivan's Island measured a 57 knot wind gust with a passing thunderstorm.
SOUTH CAROLINA,45,2015,Thunderstorm Wind,0,0,0,0,NA,32.7855,-79.7859,"Scattered thunderstorms developed in the early to mid afternoon hours and produced damaging wind gusts as they moved toward the coast. The thunderstorms developed within an inland surface trough, in a very unstable environment due to dew points near 80 and temperatures in the upper 90's. Outflow boundary interactions also helped provide enhancements to thunderstorm strength.",The Weatherflow site at the Isle of Palms pier measured a 61 knot wind gust with a passing thunderstorm.
SOUTH CAROLINA,45,2015,Thunderstorm Wind,0,0,0,0,0.00K,34.4,-82.25,"Scattered thunderstorms developed across northern portions of Upstate South Carolina during mid-to-late afternoon. Multiple storms organized into a couple of larger storm clusters, which were responsible for producing localized severe weather in the form of damaging winds, mainly across the Piedmont.",Public reported multiple large tree limbs blown down and the top of a large tree blown out in Ware Shoals.
SOUTH CAROLINA,45,2015,Thunderstorm Wind,0,0,0,0,0.00K,34.29,-82.22,"Scattered thunderstorms developed across northern portions of Upstate South Carolina during mid-to-late afternoon. Multiple storms organized into a couple of larger storm clusters, which were responsible for producing localized severe weather in the form of damaging winds, mainly across the Piedmont.","DOT reported a tree blown down at Highway 246 and Townsend Rd near Hodges. Highway Patrol reported trees down on E Cambridge Ave, N Main St, and Bailey Circle in the city of Greenwood."
SOUTH CAROLINA,45,2015,Thunderstorm Wind,0,0,0,0,200.00K,34.54,-82.72,"Scattered thunderstorms developed across northern portions of Upstate South Carolina during mid-to-late afternoon. Multiple storms organized into a couple of larger storm clusters, which were responsible for producing localized severe weather in the form of damaging winds, mainly across the Piedmont.","HAM radio operator reported multiple trees blown down at Sussex Way and Stonehaven Dr in the Centerville area. The National Weather Service automated observing system (ASOS) at the Anderson Regional Airport measured wind gusts as high as 58 kts (67 mph), and a spotter reported numerous trees blown down with minor roof damage to homes in the Homeland Park area. Also, the public reported a tree blown down on a home near the intersection of Kelly St and J st in Anderson."
SOUTH CAROLINA,45,2015,Thunderstorm Wind,0,0,0,0,NA,32.9,-80.9,A very strong line of thunderstorms rapidly developed in the early afternoon hours within a inland surface trough. The line of thunderstorms quickly moved to the southeast and produced numerous damaging wind gusts across much of southeast South Carolina all the way to the coast.,South Carolina Highway Patrol reported a tree down and in the roadway on Sniders Highway near Deep Creek Church.
SOUTH CAROLINA,45,2015,Thunderstorm Wind,0,0,0,0,NA,32.98,-80.71,A very strong line of thunderstorms rapidly developed in the early afternoon hours within a inland surface trough. The line of thunderstorms quickly moved to the southeast and produced numerous damaging wind gusts across much of southeast South Carolina all the way to the coast.,South Carolina Department of Transportation reported a tree down on Wolfe Creek Road.
SOUTH CAROLINA,45,2015,Thunderstorm Wind,0,0,0,0,NA,33.28,-79.75,Isolated thunderstorms developed in the late evening hours across portions of southeast South Carolina with a stationary front positioned to the north. A few of the thunderstorms became strong enough to produce damaging wind gusts.,"A trained spotter provided photos of three tree limbs, approximately 4-5 inches in diameter, down in the 3700 block of N Highway 17-A. A trampoline was also blown approximately one quarter of a mile by the wind."
SOUTH CAROLINA,45,2015,Thunderstorm Wind,0,0,0,0,NA,32.38,-80.74,"Scattered thunderstorms developed in the early to mid afternoon hours and produced damaging wind gusts as they moved toward the coast. The thunderstorms developed within an inland surface trough, in a very unstable environment due to dew points near 80 and temperatures in the upper 90's. Outflow boundary interactions also helped provide enhancements to thunderstorm strength.",Beaufort County dispatch reported a tree down on Shell Point Road.
SOUTH CAROLINA,45,2015,Thunderstorm Wind,0,0,0,0,NA,32.42,-80.5,"Scattered thunderstorms developed in the early to mid afternoon hours and produced damaging wind gusts as they moved toward the coast. The thunderstorms developed within an inland surface trough, in a very unstable environment due to dew points near 80 and temperatures in the upper 90's. Outflow boundary interactions also helped provide enhancements to thunderstorm strength.",Beaufort County dispatch reported a tree down on Fripp Point Road.
SOUTH CAROLINA,45,2015,Thunderstorm Wind,0,0,0,0,6.00K,34.7245,-80.1637,Some thunderstorms developed over the central Midlands and took down trees and powerlines causing damage to homes and vehicles in the Columbia area.,Sheriff reported trees down near Ruby.
SOUTH CAROLINA,45,2015,Thunderstorm Wind,0,0,0,0,4.00K,34.1038,-80.2987,Some thunderstorms developed over the central Midlands and took down trees and powerlines causing damage to homes and vehicles in the Columbia area.,DOT reported a few trees and large limbs down on Hawkins and Holman roads.
SOUTH CAROLINA,45,2015,Thunderstorm Wind,0,0,0,0,6.00K,34.13,-81.75,Scattered thunderstorms produced wind damage that took down trees and powerlines causing some power outages.,SCE&G reported over 600 power outages due to thunderstorms winds taking down power lines.
SOUTH CAROLINA,45,2015,Thunderstorm Wind,0,0,0,0,4.00K,34.1956,-81.4135,Scattered thunderstorms produced wind damage that took down trees and powerlines causing some power outages.,Sheriff reported trees and powerlines down on Highway 76 between Little Mountain and Prosperity.
SOUTH CAROLINA,45,2015,Thunderstorm Wind,0,0,0,0,NA,33,-80.66,A very strong line of thunderstorms rapidly developed in the early afternoon hours within a inland surface trough. The line of thunderstorms quickly moved to the southeast and produced numerous damaging wind gusts across much of southeast South Carolina all the way to the coast.,South Carolina Highway Patrol reported a tree down and in the roadway on Pleasant Grove Road near the intersection with McLeod Road.
SOUTH CAROLINA,45,2015,Thunderstorm Wind,0,0,0,0,NA,32.78,-80.99,A very strong line of thunderstorms rapidly developed in the early afternoon hours within a inland surface trough. The line of thunderstorms quickly moved to the southeast and produced numerous damaging wind gusts across much of southeast South Carolina all the way to the coast.,South Carolina Highway Patrol reported a tree down and in the roadway in Cummings along Lownders Lake Road.
SOUTH CAROLINA,45,2015,Thunderstorm Wind,0,0,0,0,NA,32.6,-81.14,A very strong line of thunderstorms rapidly developed in the early afternoon hours within a inland surface trough. The line of thunderstorms quickly moved to the southeast and produced numerous damaging wind gusts across much of southeast South Carolina all the way to the coast.,South Carolina Department of Transportation reported a tree down at the intersection of Cohen Road and Calf Pen Bay Road.
SOUTH CAROLINA,45,2015,Thunderstorm Wind,0,0,0,0,NA,33,-80.49,A very strong line of thunderstorms rapidly developed in the early afternoon hours within a inland surface trough. The line of thunderstorms quickly moved to the southeast and produced numerous damaging wind gusts across much of southeast South Carolina all the way to the coast.,South Carolina Highway Patrol reported a tree down and in the roadway in the 2900 block of Wesley Chapel Avenue.
SOUTH CAROLINA,45,2015,Thunderstorm Wind,0,0,0,0,NA,32.3,-80.64,"Scattered thunderstorms developed in the early to mid afternoon hours and produced damaging wind gusts as they moved toward the coast. The thunderstorms developed within an inland surface trough, in a very unstable environment due to dew points near 80 and temperatures in the upper 90's. Outflow boundary interactions also helped provide enhancements to thunderstorm strength.",Beaufort County dispatch reported a tree down at the intersection of Lands End Road and Bay Point Road.
SOUTH CAROLINA,45,2015,Thunderstorm Wind,0,0,0,0,4.00K,33.71,-81.55,Scattered thunderstorms produced wind damage that took down trees and powerlines causing some power outages.,Sheriff reported trees down along the northern end of the county.
SOUTH CAROLINA,45,2015,Thunderstorm Wind,0,0,0,0,2.00K,33.78,-81.69,Scattered thunderstorms produced wind damage that took down trees and powerlines causing some power outages.,Highway Patrol reported trees down on Mt. Calvary Road at Market Road.
SOUTH CAROLINA,45,2015,Thunderstorm Wind,0,0,0,0,NA,32.31,-81.04,"Scattered thunderstorms developed in the early to mid afternoon hours and produced damaging wind gusts as they moved toward the coast. The thunderstorms developed within an inland surface trough, in a very unstable environment due to dew points near 80 and temperatures in the upper 90's. Outflow boundary interactions also helped provide enhancements to thunderstorm strength.",South Carolina Highway Patrol reported a tree down at the intersection of Red Dam Road and Brickyard Road.
SOUTH CAROLINA,45,2015,Thunderstorm Wind,0,0,0,0,NA,32.23,-80.74,"Scattered thunderstorms developed in the early to mid afternoon hours and produced damaging wind gusts as they moved toward the coast. The thunderstorms developed within an inland surface trough, in a very unstable environment due to dew points near 80 and temperatures in the upper 90's. Outflow boundary interactions also helped provide enhancements to thunderstorm strength.",Beaufort County dispatch reported a tree down on a house on Monticello Road.
SOUTH CAROLINA,45,2015,Thunderstorm Wind,0,0,0,0,NA,32.51,-80.89,A west to east oriented stationary front stretched across the southeast South Carolina area and isolated to scattered thunderstorms developed in the afternoon near the front and along the sea breeze. A few of the thunderstorms became strong enough to produce damaging wind gusts.,Multiple trees reported down on Coosaw Scenic Drive. One tree was across the roadway at the intersection of Coosaw Scenic Drive and Deloss Point Road.
SOUTH CAROLINA,45,2015,Thunderstorm Wind,0,0,0,0,NA,32.65,-80.23,A west to east oriented stationary front stretched across the southeast South Carolina area and isolated to scattered thunderstorms developed in the afternoon near the front and along the sea breeze. A few of the thunderstorms became strong enough to produce damaging wind gusts.,South Carolina Highway Patrol reported a tree down and in the roadway in the 6600 block of Bears Bluff Road.
SOUTH CAROLINA,45,2015,Thunderstorm Wind,0,0,0,0,NA,32.26,-80.73,A west to east oriented stationary front stretched across the southeast South Carolina area and isolated to scattered thunderstorms developed in the afternoon near the front and along the sea breeze. A few of the thunderstorms became strong enough to produce damaging wind gusts.,Beaufort County Emergency Management reported a tree down near Wild Turkey Run.
SOUTH CAROLINA,45,2015,Flash Flood,0,0,0,0,2.00K,33.97,-81.02,Scattered thunderstorms produced wind damage that took down trees and powerlines causing some power outages.,Highway Patrol reported Key Road closed due to high water from flash flooding.
SOUTH CAROLINA,45,2015,Flash Flood,0,0,0,0,14.00K,33.99,-81.03,Scattered thunderstorms produced wind damage that took down trees and powerlines causing some power outages.,Water rescue by Columbia Fire Dept. for two motorists trapped in flood waters.  Water levels were 4 feet deep. Vehicle stalled as they tried to drive through the flooded area.
SOUTH CAROLINA,45,2015,Flash Flood,0,0,0,0,1.00K,34,-81.02,Scattered thunderstorms produced wind damage that took down trees and powerlines causing some power outages.,Broadcast media reported one to two feet of water closing the intersection of Harden and Devine streets from flash flooding.
SOUTH CAROLINA,45,2015,Thunderstorm Wind,0,0,0,0,6.00K,34.37,-80.43,Scattered thunderstorms produced wind damage that took down trees and powerlines causing some power outages.,Dispatch reported trees and powerlines down.
SOUTH CAROLINA,45,2015,Thunderstorm Wind,0,0,0,0,2.00K,33.53,-81.13,Scattered thunderstorms produced wind damage that took down trees and powerlines causing some power outages.,Dispatch reported a couple of trees down between North and Neeses.
SOUTH CAROLINA,45,2015,Thunderstorm Wind,0,0,0,0,2.00K,33.5,-81.28,Scattered thunderstorms produced wind damage that took down trees and powerlines causing some power outages.,Dispatch reported powerlines down in Springfield.
SOUTH CAROLINA,45,2015,Thunderstorm Wind,0,0,0,0,2.00K,33.23,-81.47,Scattered thunderstorms produced wind damage that took down trees and powerlines causing some power outages.,Dispatch reported powerlines down in Snelling.
SOUTH CAROLINA,45,2015,Flash Flood,0,0,0,0,1.00K,34.02,-80.99,Scattered thunderstorms produced wind damage that took down trees and powerlines causing some power outages.,Public reported the intersection of Forest Drive and Harrison flooded.
SOUTH CAROLINA,45,2015,Thunderstorm Wind,0,0,0,0,3.00K,34,-81.18,Scattered thunderstorms produced wind damage that took down trees and powerlines causing some power outages.,Sheriff reported trees down on I-20 east bound between U.S. 378 and U.S. 1.
SOUTH CAROLINA,45,2015,Thunderstorm Wind,0,0,0,0,3.00K,33.68,-81.1,Scattered thunderstorms produced wind damage that took down trees and powerlines causing some power outages.,SCE&G reported powerlines down between Dixiana and Gaston with outages on Busbee Road.
SOUTH CAROLINA,45,2015,Thunderstorm Wind,0,0,0,0,1.00K,33.73,-81.22,Scattered thunderstorms produced wind damage that took down trees and powerlines causing some power outages.,SKYWARN spotter reported two trees on U.S. 178 south of Pelion.
SOUTH CAROLINA,45,2015,Thunderstorm Wind,0,0,0,0,2.00K,33.32,-81.68,Scattered thunderstorms produced wind damage that took down trees and powerlines causing some power outages.,Sheriff reported trees down east of Jackson.
SOUTH CAROLINA,45,2015,Thunderstorm Wind,0,0,0,0,10.00K,34.07,-80.94,Scattered thunderstorms produced wind damage that took down trees and powerlines causing some power outages.,"Dispatch reported multiple trees down on Chatsworth Road, Castleton Lane, and Exeter Lane."
SOUTH CAROLINA,45,2015,Thunderstorm Wind,0,0,0,0,0.50K,33.9,-81.5849,Scattered thunderstorms produced wind damage that took down trees and powerlines causing some power outages.,Dispatch reported a tree down 2 miles west of Batesburg-Leesville.
SOUTH CAROLINA,45,2015,Thunderstorm Wind,0,0,0,0,2.00K,33.88,-81.75,Scattered thunderstorms produced wind damage that took down trees and powerlines causing some power outages.,Highway Patrol reported trees down on Daniel Ave. about 1 mile outside of Ward.
SOUTH CAROLINA,45,2015,Thunderstorm Wind,0,0,0,0,NA,32.54,-80.95,A very strong line of thunderstorms rapidly developed in the early afternoon hours within a inland surface trough. The line of thunderstorms quickly moved to the southeast and produced numerous damaging wind gusts across much of southeast South Carolina all the way to the coast.,South Carolina Highway Patrol reported a tree down and in the roadway near mile marker 25 on Interstate 95 northbound.
SOUTH CAROLINA,45,2015,Thunderstorm Wind,0,0,0,0,NA,32.46,-81.04,A very strong line of thunderstorms rapidly developed in the early afternoon hours within a inland surface trough. The line of thunderstorms quickly moved to the southeast and produced numerous damaging wind gusts across much of southeast South Carolina all the way to the coast.,South Carolina Highway Patrol reported a tree down and in the roadway on Tillman Road near the Wagon Branch Community Center.
SOUTH CAROLINA,45,2015,Thunderstorm Wind,0,0,0,0,NA,32.76,-80.39,A very strong line of thunderstorms rapidly developed in the early afternoon hours within a inland surface trough. The line of thunderstorms quickly moved to the southeast and produced numerous damaging wind gusts across much of southeast South Carolina all the way to the coast.,South Carolina Highway Patrol reported a tree down and in the roadway near the intersection of Highway 17 and Old Jacksonboro Road.
SOUTH CAROLINA,45,2015,Thunderstorm Wind,0,0,0,0,NA,32.95,-80.07,A very strong line of thunderstorms rapidly developed in the early afternoon hours within a inland surface trough. The line of thunderstorms quickly moved to the southeast and produced numerous damaging wind gusts across much of southeast South Carolina all the way to the coast.,A tree was blown down and was blocking Nova Court near the Newport Place intersection.
SOUTH CAROLINA,45,2015,Thunderstorm Wind,0,0,0,0,NA,32.79,-79.86,A very strong line of thunderstorms rapidly developed in the early afternoon hours within a inland surface trough. The line of thunderstorms quickly moved to the southeast and produced numerous damaging wind gusts across much of southeast South Carolina all the way to the coast.,A trained spotter reported numerous large tree limbs down due to estimated winds of 65 mph near the intersection of Rifle Range Road and Coleman Boulevard.
SOUTH CAROLINA,45,2015,Thunderstorm Wind,0,0,0,0,NA,32.99,-80.08,"Isolated to scattered thunderstorms developed in the late evening hours, within an inland surface trough. A few of these storms became strong enough to produce damaging wind gusts.",South Carolina Highway Patrol reported a tree down on Interstate 26 between mile markers 203 and 204.
SOUTH CAROLINA,45,2015,Thunderstorm Wind,0,0,0,0,NA,32.9,-79.98,"Isolated to scattered thunderstorms developed in the late evening hours, within an inland surface trough. A few of these storms became strong enough to produce damaging wind gusts.",A Facebook user shared pictures of two tree down at 1101 Remount Road.
SOUTH CAROLINA,45,2015,Thunderstorm Wind,0,0,0,0,NA,32.79,-80.03,"Isolated to scattered thunderstorms developed in the late evening hours, within an inland surface trough. A few of these storms became strong enough to produce damaging wind gusts.",An off duty National Weather Service employee reported a large tree down near the intersection of Interstate 526 and Highway 17.
SOUTH CAROLINA,45,2015,Thunderstorm Wind,0,0,0,0,NA,32.47,-80.98,Isolated strong thunderstorms developed in the late evening hours along a surface trough and moved to the east and into portions of southeast South Carolina. A couple of these storms became severe and produced damaging wind gusts.,South Carolina Highwway Patrol reported a tree down at the intersection of Logan Street and Azalea Avenue.
SOUTH CAROLINA,45,2015,Thunderstorm Wind,0,0,0,0,NA,32.48,-80.97,Isolated strong thunderstorms developed in the late evening hours along a surface trough and moved to the east and into portions of southeast South Carolina. A couple of these storms became severe and produced damaging wind gusts.,Jasper County dispatch reported a tree down at Old Fordsville Road and Captain Bill Road.
SOUTH CAROLINA,45,2015,Thunderstorm Wind,0,0,0,0,NA,32.48,-80.98,Isolated strong thunderstorms developed in the late evening hours along a surface trough and moved to the east and into portions of southeast South Carolina. A couple of these storms became severe and produced damaging wind gusts.,"Multiple trees and large tree limbs reported down around Ridgeland. Some of the trees and limbs were down on roadways and others were on power lines. Also, the sign of a fast food restaurant was blown out. Damage reports were relayed via email and pictures of the damage are available on the town of Ridgeland Facebook page."
SOUTH CAROLINA,45,2015,Thunderstorm Wind,0,0,0,0,NA,32.51,-80.97,Isolated strong thunderstorms developed in the late evening hours along a surface trough and moved to the east and into portions of southeast South Carolina. A couple of these storms became severe and produced damaging wind gusts.,South Carolina Highway Patrol reported a tree down on Interstate 95 near Highway 17.
SOUTH CAROLINA,45,2015,Thunderstorm Wind,0,0,0,0,0.00K,34.85,-82.6,A dissipating cluster of thunderstorms moving out of the mountains produced a brief period of damaging winds across eastern Pickens County during the evening of the 20th.,Sheriffs office reported multiple trees blown down in the Easley and Dacusville areas.
SOUTH CAROLINA,45,2015,Thunderstorm Wind,0,0,0,0,150.00K,35.05,-81.99,Scattered thunderstorms developed during the afternoon across northern portions of the Upstate. A series of storms organized into a cluster across Spartanburg County and produced localized severe weather.,Parts of roofing were torn from 6 adjacent businesses at a shopping center off Rainbow Lake Rd on the northwest side of Boiling Springs. Heavy rain falling into the open roofs caused significant damage to the interiors of the businesses.
SOUTH CAROLINA,45,2015,Hail,0,0,0,0,NA,34.82,-82.26,"Scattered to numerous cells developed across the mountains and foothills of South Carolina during late afternoon and early evening and spread southeast into the northern Piedmont. A few of the storms became severe, mainly producing large hail.","Two NWS employee, a former NWS employee, and multiple public individuals reported dime to golf ball size hail in the Five Forks/Mauldin/North Simpsonville area."
SOUTH CAROLINA,45,2015,Thunderstorm Wind,0,0,0,0,4.00K,34.25,-80.6,Scattered thunderstorms produced wind damage that took down trees and powerlines causing some power outages.,Dispatch reported trees and powerlines down with outages.
SOUTH CAROLINA,45,2015,Thunderstorm Wind,0,0,0,0,6.00K,33.73,-80.7,Scattered thunderstorms produced wind damage that took down trees and powerlines causing some power outages.,Dispatch reported multiple trees down around Ft. Motte.
SOUTH CAROLINA,45,2015,Thunderstorm Wind,0,0,0,0,6.00K,33.55,-80.73,Scattered thunderstorms produced wind damage that took down trees and powerlines causing some power outages.,Dispatch reported trees down on Cameron Road at U.S. 176.
SOUTH CAROLINA,45,2015,Thunderstorm Wind,0,0,0,0,3.00K,33.78,-81.05,Scattered thunderstorms produced wind damage that took down trees and powerlines causing some power outages.,Highway Patrol reported trees down at Pine Plain Road and Gus Sturkie Road.
SOUTH CAROLINA,45,2015,Thunderstorm Wind,0,0,0,0,0.50K,34.03,-80.93,Scattered thunderstorms produced wind damage that took down trees and powerlines causing some power outages.,Highway Patrol reported a tree across the intersection of Faraway and Height roads.
SOUTH CAROLINA,45,2015,Thunderstorm Wind,0,0,0,0,3.00K,34.13,-80.89,Scattered thunderstorms produced wind damage that took down trees and powerlines causing some power outages.,Social media reported power outages northeast of the Dentsville area.
SOUTH CAROLINA,45,2015,Thunderstorm Wind,0,0,0,0,2.00K,34.0598,-80.9377,Scattered thunderstorms produced wind damage that took down trees and powerlines causing some power outages.,Highway Patrol reported trees down on Oneil Court at Trenholm Road.
SOUTH CAROLINA,45,2015,Thunderstorm Wind,0,0,0,0,2.00K,34.15,-81.04,Scattered thunderstorms produced wind damage that took down trees and powerlines causing some power outages.,Highway Patrol reported trees down at Winnsboro Road and Lorick Road.
SOUTH CAROLINA,45,2015,Thunderstorm Wind,0,0,0,0,2.00K,34.38,-81.78,Scattered thunderstorms produced wind damage that took down trees and powerlines causing some power outages.,Newberry Electric COOP reported powerlines down with outages in the Kinards area.
SOUTH CAROLINA,45,2015,Thunderstorm Wind,0,0,0,0,2.00K,34.38,-81.1,Scattered thunderstorms produced wind damage that took down trees and powerlines causing some power outages.,DOT reported several trees down in Winnsboro.
SOUTH CAROLINA,45,2015,Thunderstorm Wind,0,0,0,0,NA,32.8,-79.89,A very strong line of thunderstorms rapidly developed in the early afternoon hours within a inland surface trough. The line of thunderstorms quickly moved to the southeast and produced numerous damaging wind gusts across much of southeast South Carolina all the way to the coast.,A report of trees blown down at the intersection of Johnnie Dodds Boulevard and Houston Northcutt Boulevard was received through social media.
SOUTH CAROLINA,45,2015,Thunderstorm Wind,0,0,0,0,NA,32.1,-80.87,A west to east oriented stationary front stretched across the southeast South Carolina area and isolated to scattered thunderstorms developed in the afternoon near the front and along the sea breeze. A few of the thunderstorms became strong enough to produce damaging wind gusts.,Bloody Point Resort reports numerous trees down in both the Bloody Point and Oakridge Plantation communities.
SOUTH CAROLINA,45,2015,Thunderstorm Wind,0,0,0,0,NA,32.84,-81.22,A stationary cold front was positioned to the north with a weak area of low pressure along it. Scattered to numerous thunderstorms developed in the mid to late afternoon hours within a very unstable airmass. The thunderstorms were aided by the presence of a shortwave trough aloft and 15-20 knots of bulk shear. The thunderstorms produced numerous reports of damaging wind gusts across southeast South Carolina.,South Carolina Highway Patrol reported a tree down and in the roadway on Hope Well Road near the intersection with Deer Road. South Carolina Department of Transportation is responding to the downed tree.
SOUTH CAROLINA,45,2015,Thunderstorm Wind,0,0,0,0,NA,32.62,-80.73,A stationary cold front was positioned to the north with a weak area of low pressure along it. Scattered to numerous thunderstorms developed in the mid to late afternoon hours within a very unstable airmass. The thunderstorms were aided by the presence of a shortwave trough aloft and 15-20 knots of bulk shear. The thunderstorms produced numerous reports of damaging wind gusts across southeast South Carolina.,South Carolina Highway Patrol reported two trees down and in the roadway on Jacob White Road near Enoch Norris Road and Highway 17.
SOUTH CAROLINA,45,2015,Thunderstorm Wind,0,0,0,0,NA,32.89,-80.67,A stationary cold front was positioned to the north with a weak area of low pressure along it. Scattered to numerous thunderstorms developed in the mid to late afternoon hours within a very unstable airmass. The thunderstorms were aided by the presence of a shortwave trough aloft and 15-20 knots of bulk shear. The thunderstorms produced numerous reports of damaging wind gusts across southeast South Carolina.,South Carolina Highway Patrol reported two trees down near the 1100 and 1200 blocks of Green Pond Highway.
SOUTH CAROLINA,45,2015,Thunderstorm Wind,0,0,0,0,NA,32.84,-80,"Isolated to scattered thunderstorms developed in the late evening hours, within an inland surface trough. A few of these storms became strong enough to produce damaging wind gusts.",South Carolina Highway Patrol reported a tree down and in the roadway on Domino Avenue near Pringle Street.
SOUTH CAROLINA,45,2015,Thunderstorm Wind,0,0,0,0,NA,32.49,-81.16,"Scattered to numerous thunderstorms developed within an inland trough and impacted locations across southeast South Carolina. A couple of these storms became strong to severe, with one storm producing a damaging wind gust.",Jasper County dispatch reported a tree down with power lines on Sand Hills Road west of Highway 321.
SOUTH CAROLINA,45,2015,Hail,0,0,0,0,NA,34.73,-82.39,"Scattered to numerous cells developed across the mountains and foothills of South Carolina during late afternoon and early evening and spread southeast into the northern Piedmont. A few of the storms became severe, mainly producing large hail.",Public reported quarter size hail near Piedmont.
SOUTH CAROLINA,45,2015,Hail,0,0,0,0,NA,34.68,-82.47,"Scattered to numerous cells developed across the mountains and foothills of South Carolina during late afternoon and early evening and spread southeast into the northern Piedmont. A few of the storms became severe, mainly producing large hail.",Public reported quarter size hail just south of Piedmont.
SOUTH CAROLINA,45,2015,Thunderstorm Wind,0,0,0,0,20.00K,34.98,-81.97,"Scattered thunderstorms developed during the evening across the eastern half of Upstate South Carolina. Some of the storms produced brief severe weather, mainly in the form of marginally large hail.","Newspaper reported a billboard blown down on Asheville Highway, which significantly damaged about a half dozen vehicles at an auto dealership. Trees and power lines were also blown down in the area."
SOUTH CAROLINA,45,2015,Thunderstorm Wind,0,0,0,0,NA,32.39,-80.58,A stationary cold front was positioned to the north with a weak area of low pressure along it. Scattered to numerous thunderstorms developed in the mid to late afternoon hours within a very unstable airmass. The thunderstorms were aided by the presence of a shortwave trough aloft and 15-20 knots of bulk shear. The thunderstorms produced numerous reports of damaging wind gusts across southeast South Carolina.,Beaufort County dispatch reported several trees down near Ladys Island. One tree was down and in the roadway on Sea Island Parkway near Polowana Road. Three other trees were down along Martin Luther King Jr. Drive.
SOUTH CAROLINA,45,2015,Thunderstorm Wind,0,0,0,0,NA,32.91,-80.12,A very strong line of thunderstorms rapidly developed in the early afternoon hours within a inland surface trough. The line of thunderstorms quickly moved to the southeast and produced numerous damaging wind gusts across much of southeast South Carolina all the way to the coast.,An off duty National Weather Service employee reported two trees and numerous large tree limbs down along Park Forest Parkway.
SOUTH CAROLINA,45,2015,Thunderstorm Wind,0,0,0,0,NA,32.87,-79.77,A very strong line of thunderstorms rapidly developed in the early afternoon hours within a inland surface trough. The line of thunderstorms quickly moved to the southeast and produced numerous damaging wind gusts across much of southeast South Carolina all the way to the coast.,A report of a tree blown down across Heathland Way in the Charleston National subdivision was received through social media.
SOUTH CAROLINA,45,2015,Thunderstorm Wind,0,0,0,0,NA,32.87,-80.06,A very strong line of thunderstorms rapidly developed in the early afternoon hours within a inland surface trough. The line of thunderstorms quickly moved to the southeast and produced numerous damaging wind gusts across much of southeast South Carolina all the way to the coast.,A few homes experienced shingle damage in the Covington Hills neighborhood just off Dorchester Road near the Micheaux Parkway intersection. A few storage shed doors were also blown off in the neighborhood.
SOUTH CAROLINA,45,2015,Thunderstorm Wind,0,0,0,0,0.00K,34.1,-82.16,"Scattered thunderstorms developed across the Upstate during the afternoon and evening, with a few of the storms producing brief severe weather in the form of damaging winds.","Highway Patrol reported a tree blown down at Rock House Rd and Galilee Rd, another tree down on Scotch Cross Rd, and another on Highway 34."
SOUTH CAROLINA,45,2015,Thunderstorm Wind,0,0,0,0,0.00K,34.78,-82.28,"Scattered thunderstorms developed across the Upstate during the afternoon and evening, with a few of the storms producing brief severe weather in the form of damaging winds.","Newspaper, Emergency Manager, and other sources reported numerous trees down along and near the Highway 14 corridor between Mauldin and Five Forks."
SOUTH CAROLINA,45,2015,Thunderstorm Wind,0,0,0,0,1.00K,34.68,-79.7453,Convection organized into a line just upstream and moved from west to east across the forecast area. Portions of the line occasionally bowed out. The thunderstorms moved into an environment where there was a great deal of dry air in the mid-levels. Downdraft CAPE values were high and soundings showed a pronounced inverted-V signature.,A large tree was reported down on Brickyard Road near Highway 9.
SOUTH CAROLINA,45,2015,Thunderstorm Wind,0,0,0,0,1.00K,34.2813,-80.0204,Convection organized into a line just upstream and moved from west to east across the forecast area. Portions of the line occasionally bowed out. The thunderstorms moved into an environment where there was a great deal of dry air in the mid-levels. Downdraft CAPE values were high and soundings showed a pronounced inverted-V signature.,A tree was reportedly down at the intersection of Bethel Road and Indian Branch Road.
SOUTH CAROLINA,45,2015,Thunderstorm Wind,0,0,0,0,1.00K,34.3083,-79.8815,Convection organized into a line just upstream and moved from west to east across the forecast area. Portions of the line occasionally bowed out. The thunderstorms moved into an environment where there was a great deal of dry air in the mid-levels. Downdraft CAPE values were high and soundings showed a pronounced inverted-V signature.,A tree was reportedly down at the intersection of Whit Street and Plum Street.
SOUTH CAROLINA,45,2015,Thunderstorm Wind,0,0,0,0,1.00K,34.3126,-79.8897,Convection organized into a line just upstream and moved from west to east across the forecast area. Portions of the line occasionally bowed out. The thunderstorms moved into an environment where there was a great deal of dry air in the mid-levels. Downdraft CAPE values were high and soundings showed a pronounced inverted-V signature.,A tree was reported down at the intersection of Gilchrist Road and Smith Avenue. The time was estimated based on radar data.
SOUTH CAROLINA,45,2015,Thunderstorm Wind,0,0,0,0,1.00K,34.6722,-79.7145,Convection organized into a line just upstream and moved from west to east across the forecast area. Portions of the line occasionally bowed out. The thunderstorms moved into an environment where there was a great deal of dry air in the mid-levels. Downdraft CAPE values were high and soundings showed a pronounced inverted-V signature.,A tree was reportedly down along Hickory Grove Road.
SOUTH CAROLINA,45,2015,Thunderstorm Wind,0,0,0,0,1.00K,34.3422,-79.7363,Convection organized into a line just upstream and moved from west to east across the forecast area. Portions of the line occasionally bowed out. The thunderstorms moved into an environment where there was a great deal of dry air in the mid-levels. Downdraft CAPE values were high and soundings showed a pronounced inverted-V signature.,A tree was reportedly down on Georgetown Road.
SOUTH CAROLINA,45,2015,Thunderstorm Wind,0,0,0,0,NA,32.99,-79.76,A very strong line of thunderstorms rapidly developed in the early afternoon hours within a inland surface trough. The line of thunderstorms quickly moved to the southeast and produced numerous damaging wind gusts across much of southeast South Carolina all the way to the coast.,South Carolina Highway Patrol reported that a tree was blown down onto Halfway Creek Road at the United Drive intersection.
SOUTH CAROLINA,45,2015,Thunderstorm Wind,0,0,0,0,NA,32.72,-79.96,A very strong line of thunderstorms rapidly developed in the early afternoon hours within a inland surface trough. The line of thunderstorms quickly moved to the southeast and produced numerous damaging wind gusts across much of southeast South Carolina all the way to the coast.,South Carolina Department of Transportation reported a tree down on Secessionville Road.
SOUTH CAROLINA,45,2015,Thunderstorm Wind,0,0,0,0,NA,32.8,-80.08,A very strong line of thunderstorms rapidly developed in the early afternoon hours within a inland surface trough. The line of thunderstorms quickly moved to the southeast and produced numerous damaging wind gusts across much of southeast South Carolina all the way to the coast.,A report of a large tree blown down on a home causing roof damage in the Ponderosa neighborhood was received through social media.
SOUTH CAROLINA,45,2015,Thunderstorm Wind,0,0,0,0,NA,32.43,-80.69,A stationary cold front was positioned to the north with a weak area of low pressure along it. Scattered to numerous thunderstorms developed in the mid to late afternoon hours within a very unstable airmass. The thunderstorms were aided by the presence of a shortwave trough aloft and 15-20 knots of bulk shear. The thunderstorms produced numerous reports of damaging wind gusts across southeast South Carolina.,Beaufort County dispatch reported a tree down near the intersection of Bay Street and Ribaut Road.
SOUTH CAROLINA,45,2015,Thunderstorm Wind,0,0,0,0,NA,32.91,-80.5,A stationary cold front was positioned to the north with a weak area of low pressure along it. Scattered to numerous thunderstorms developed in the mid to late afternoon hours within a very unstable airmass. The thunderstorms were aided by the presence of a shortwave trough aloft and 15-20 knots of bulk shear. The thunderstorms produced numerous reports of damaging wind gusts across southeast South Carolina.,South Carolina Highway Patrol reported a tree down and in the roadway on Jacksonboro Road near Bodison Memorial Drive. South Carolina Department of Transportation responded to the downed tree.
SOUTH CAROLINA,45,2015,Lightning,0,0,0,0,15.00K,32.93,-81.36,"Scattered thunderstorms developed in the South Carolina midlands in the late evening hours and moved into portions of southeast South Carolina. A couple of the storms produced strong, damaging wind gusts.",Allendale County dispatch reported a house fire started by a lightning strike in the 6700 block of Bluff Road.
SOUTH CAROLINA,45,2015,Thunderstorm Wind,0,0,0,0,NA,33.28,-80.52,"Scattered thunderstorms developed in the South Carolina midlands in the late evening hours and moved into portions of southeast South Carolina. A couple of the storms produced strong, damaging wind gusts.",South Carolina Highway Patrol reported a tree down on Highway 15 near the intersection with Duncan Chapel Road.
SOUTH CAROLINA,45,2015,Thunderstorm Wind,0,0,0,0,NA,32.54,-81.26,Scattered to numerous thunderstorms developed starting in the early afternoon hours and produced damaging wind gusts across southeast South Carolina before pushing off the coast. The storms developed within northwest flow aloft with local enhancements provided by mesoscale boundary interactions. Several of the storms became severe and  produced damaging wind gusts.,South Carolina Highway Patrol reported a tree down on Clyo Road near the intersection with Highway 119.
SOUTH CAROLINA,45,2015,Thunderstorm Wind,0,0,0,0,1.00K,34.1021,-79.8769,Thunderstorms moved into the area during the evening along and ahead of a pre-frontal trough. The clusters of thunderstorms were moving into an environment characterized by significant shear in the low and mid levels.,A tree was reportedly down at the intersection of Peniel Road and Twin Church Road. The time was estimated based on radar data.
SOUTH CAROLINA,45,2015,Thunderstorm Wind,0,0,0,0,1.00K,34.1677,-79.8226,Thunderstorms moved into the area during the evening along and ahead of a pre-frontal trough. The clusters of thunderstorms were moving into an environment characterized by significant shear in the low and mid levels.,A tree was reportedly down at the intersection of Jefferson Drive and South Cashua Drive. The time was estimated based on radar data.
SOUTH CAROLINA,45,2015,Thunderstorm Wind,0,0,0,0,1.00K,34.1677,-79.8093,Thunderstorms moved into the area during the evening along and ahead of a pre-frontal trough. The clusters of thunderstorms were moving into an environment characterized by significant shear in the low and mid levels.,A tree was reportedly down at the intersection of 3rd Loop Road and South Mayfair Terrace. The time was estimated based on radar data.
SOUTH CAROLINA,45,2015,Thunderstorm Wind,0,0,0,0,1.00K,34.2603,-79.7974,Thunderstorms moved into the area during the evening along and ahead of a pre-frontal trough. The clusters of thunderstorms were moving into an environment characterized by significant shear in the low and mid levels.,A tree was reportedly in the roadway at the intersection of Pisgah Road and East Mclver Road. The time was estimated based on radar data.
SOUTH CAROLINA,45,2015,Thunderstorm Wind,0,0,0,0,1.00K,34.1875,-79.6568,Thunderstorms moved into the area during the evening along and ahead of a pre-frontal trough. The clusters of thunderstorms were moving into an environment characterized by significant shear in the low and mid levels.,A tree was reportedly down at the intersection of Old Wallace Gregg Road and Francis Marion Road. The time was estimated based on radar data.
SOUTH CAROLINA,45,2015,Thunderstorm Wind,0,0,0,0,1.00K,34.2091,-79.1864,Thunderstorms moved into the area during the evening along and ahead of a pre-frontal trough. The clusters of thunderstorms were moving into an environment characterized by significant shear in the low and mid levels.,A tree was reportedly in the roadway at the intersection of Center Church Road and Gilchrist Road. The time was estimated based on radar data.
SOUTH CAROLINA,45,2015,Lightning,0,0,0,0,500.00K,33.5865,-79.9833,"Lightning struck a church in Greeleyville, setting it on fire.",Lightning struck Mt. Zion AME church in Greeleyville.  The 8000 sq ft church caught fire and was a total loss.
SOUTH CAROLINA,45,2015,Thunderstorm Wind,0,0,0,0,1.00K,34.3486,-79.5397,Convection organized into a line just upstream and moved from west to east across the forecast area. Portions of the line occasionally bowed out. The thunderstorms moved into an environment where there was a great deal of dry air in the mid-levels. Downdraft CAPE values were high and soundings showed a pronounced inverted-V signature.,A tree was reportedly down on Highway 38.
SOUTH CAROLINA,45,2015,Thunderstorm Wind,0,0,0,0,1.00K,33.5175,-79.6604,Convection organized into a line just upstream and moved from west to east across the forecast area. Portions of the line occasionally bowed out. The thunderstorms moved into an environment where there was a great deal of dry air in the mid-levels. Downdraft CAPE values were high and soundings showed a pronounced inverted-V signature.,A tree was reportedly down near the intersection of Highway 521 and Steadfast Road.
SOUTH CAROLINA,45,2015,Thunderstorm Wind,0,0,0,0,1.00K,34.1197,-79.3844,Convection organized into a line just upstream and moved from west to east across the forecast area. Portions of the line occasionally bowed out. The thunderstorms moved into an environment where there was a great deal of dry air in the mid-levels. Downdraft CAPE values were high and soundings showed a pronounced inverted-V signature.,A tree was reportedly down along Highway 9.
SOUTH CAROLINA,45,2015,Thunderstorm Wind,0,0,0,0,1.00K,34.105,-78.9507,Convection organized into a line just upstream and moved from west to east across the forecast area. Portions of the line occasionally bowed out. The thunderstorms moved into an environment where there was a great deal of dry air in the mid-levels. Downdraft CAPE values were high and soundings showed a pronounced inverted-V signature.,A tree was reportedly down on Mt. Zion Road.
SOUTH CAROLINA,45,2015,Thunderstorm Wind,0,0,0,0,1.00K,34.103,-80.0316,Thunderstorms moved into the area during the evening along and ahead of a pre-frontal trough. The clusters of thunderstorms were moving into an environment characterized by significant shear in the low and mid levels.,A tree was reported down near the intersection of Lamar Highway and Friday Road. The time was estimated based on radar data.
SOUTH CAROLINA,45,2015,Thunderstorm Wind,0,0,0,0,1.00K,34.1895,-79.9007,Thunderstorms moved into the area during the evening along and ahead of a pre-frontal trough. The clusters of thunderstorms were moving into an environment characterized by significant shear in the low and mid levels.,A tree was reportedly down at the intersection of Blitsgel Drive and South Arundel Drive. The time was estimated based on radar data.
SOUTH CAROLINA,45,2015,Thunderstorm Wind,0,0,0,0,0.00K,34.82,-81.72,"Isolated to widely scattered thunderstorms developed across the Western Carolinas during the afternoon and evening. A couple of storms became briefly severe across Union County, SC.",County comms reported a few large tree limbs blown down on West Springs Highway (2 SW Jonesville). Highway Patrol reported a tree blown down at Morris Farm Rd and Whitlock Lake Rd (2.5 WSW).
SOUTH CAROLINA,45,2015,Thunderstorm Wind,0,0,0,0,0.00K,34.78,-81.58,"Isolated to widely scattered thunderstorms developed across the Western Carolinas during the afternoon and evening. A couple of storms became briefly severe across Union County, SC.",County comms reported multiple trees blown down on Old Pump Station Rd.
SOUTH CAROLINA,45,2015,Hail,0,0,0,0,NA,34.72,-81.48,"Isolated to widely scattered thunderstorms developed across the Western Carolinas during the afternoon and evening. A couple of storms became briefly severe across Union County, SC.",Spotter reported hail up to the size of golf balls covering the ground.
SOUTH CAROLINA,45,2015,Thunderstorm Wind,0,0,0,0,2.00K,34.08,-81.79,A few severe thunderstorms took down some trees and powerlines in the Midlands.,Dispatch reported multiple trees and powerlines down on Shiloh Road near Yarborough Road.
SOUTH CAROLINA,45,2015,Thunderstorm Wind,0,0,0,0,2.00K,33.79,-81.21,Severe thunderstorms rolled through the Midlands and produced damaging winds and some large hail.  Most wind damage was to trees and powerlines.,Public reported trees down on Fish Hatchery road just NNE of Pelion.
SOUTH CAROLINA,45,2015,Tornado,2,0,0,0,200.00K,33.6978,-80.9298,"Supercell thunderstorms produced four tornadoes in SC.  One occurred in Edgefield county, one in Aiken County, one in Lexington County, and one in Calhoun County. Therre were two injuries in Calhoun county when a mobile home was destroyed. Numerous trees and homes were damaged in and around the town of Aiken.","NWS storm survey found an EF1 tornado destroyed a mobile home on Otts Sisters Road injuring two people, damaged another, and also did minor damage to industrial facility. Numerous trees were also down along the path of the tornado."
SOUTH CAROLINA,45,2015,Flood,0,0,0,0,1.00K,34.858,-81.082,"Numerous heavy rain showers and thunderstorms moved across the South Carolina Piedmont during the afternoon and evening in association with a warm front. This was after a round of moderate to heavy rain moved across the area early in the day, producing up to 2 inches of rain. A brief severe thunderstorm affected part of Greenwood County during the afternoon, while a quick inch of additional rainfall resulted in flash flooding across portions of York County during the evening.","Although heavy rain ended across York County during the evening of the 19th, flooding continued along the Wildcat Creek basin into the early part of the overnight."
SOUTH CAROLINA,45,2015,Thunderstorm Wind,0,0,0,0,10.00K,34.67,-83.09,"An area of thunderstorms developing ahead of a cold front moved across northern portions of Upstate South Carolina during the morning, producing isolated wind damage. After a lull of a few hours, more numerous storms developed during the heat of the afternoon, producing more widespread severe weather, mainly in the form of large hail.","EM reported mutliple trees blown down in the Westminster area, with one tree down on a home."
SOUTH CAROLINA,45,2015,Thunderstorm Wind,0,0,0,0,0.00K,34.71,-82.91,"An area of thunderstorms developing ahead of a cold front moved across northern portions of Upstate South Carolina during the morning, producing isolated wind damage. After a lull of a few hours, more numerous storms developed during the heat of the afternoon, producing more widespread severe weather, mainly in the form of large hail.",EM reported multiple trees and power lines blown down in the Forest Dr area.
SOUTH CAROLINA,45,2015,Hail,0,0,0,0,NA,34.95,-82.27,"An area of thunderstorms developing ahead of a cold front moved across northern portions of Upstate South Carolina during the morning, producing isolated wind damage. After a lull of a few hours, more numerous storms developed during the heat of the afternoon, producing more widespread severe weather, mainly in the form of large hail.",Public reported hail up to the size of half dollars off Highway 290.
SOUTH CAROLINA,45,2015,Hail,0,0,0,0,NA,34.97,-82.44,"An area of thunderstorms developing ahead of a cold front moved across northern portions of Upstate South Carolina during the morning, producing isolated wind damage. After a lull of a few hours, more numerous storms developed during the heat of the afternoon, producing more widespread severe weather, mainly in the form of large hail.",County comms reported quarter size hail in Travelers Rest.
SOUTH CAROLINA,45,2015,Hail,0,0,0,0,NA,35,-82.29,"An area of thunderstorms developing ahead of a cold front moved across northern portions of Upstate South Carolina during the morning, producing isolated wind damage. After a lull of a few hours, more numerous storms developed during the heat of the afternoon, producing more widespread severe weather, mainly in the form of large hail.",Spotter reported nickel size hail near the Lake Robinson Dam.
SOUTH CAROLINA,45,2015,Hail,0,0,0,0,NA,35,-82.48,"An area of thunderstorms developing ahead of a cold front moved across northern portions of Upstate South Carolina during the morning, producing isolated wind damage. After a lull of a few hours, more numerous storms developed during the heat of the afternoon, producing more widespread severe weather, mainly in the form of large hail.",HAM radio operator reported penny size  hail.
SOUTH CAROLINA,45,2015,Hail,0,0,0,0,NA,35,-82.35,"An area of thunderstorms developing ahead of a cold front moved across northern portions of Upstate South Carolina during the morning, producing isolated wind damage. After a lull of a few hours, more numerous storms developed during the heat of the afternoon, producing more widespread severe weather, mainly in the form of large hail.",CoCoRahs observer reported up to 2-inch diameter hail.
SOUTH CAROLINA,45,2015,Hail,0,0,0,0,NA,34.92,-82.31,"An area of thunderstorms developing ahead of a cold front moved across northern portions of Upstate South Carolina during the morning, producing isolated wind damage. After a lull of a few hours, more numerous storms developed during the heat of the afternoon, producing more widespread severe weather, mainly in the form of large hail.",Spotter reported up to golf ball size hail near Taylors. Another spotter reported quarter size hail just north of Greer. At least one other quarter size hail report was received from the Greer area.
SOUTH CAROLINA,45,2015,Tornado,0,0,0,0,5.00K,33.7905,-81.8643,"Supercell thunderstorms produced four tornadoes in SC.  One occurred in Edgefield county, one in Aiken County, one in Lexington County, and one in Calhoun County. Therre were two injuries in Calhoun county when a mobile home was destroyed. Numerous trees and homes were damaged in and around the town of Aiken.",NWS storm survey found an EF0 tornado intermittently touched down in wooded areas from Two Mile Road to near Bland Baptist Road.  One tree fell on a home causing minor damage.
SOUTH CAROLINA,45,2015,Thunderstorm Wind,0,0,0,0,6.00K,33.57,-81.92,"A line of severe thunderstorms took down trees and powerlines with some trees falling on homes, vehicles, and other structures.",Highway Patrol reported trees down at the intersection of I-20 and Palmetto Parkway.
SOUTH CAROLINA,45,2015,Thunderstorm Wind,0,0,0,0,4.00K,33.41,-81.78,"A line of severe thunderstorms took down trees and powerlines with some trees falling on homes, vehicles, and other structures.",Highway Patrol reported trees in the roadway at the intersection of Hwy 278 and Green Pond Road.
SOUTH CAROLINA,45,2015,Thunderstorm Wind,0,0,0,0,2.00K,33.2,-81.35,"A line of severe thunderstorms took down trees and powerlines with some trees falling on homes, vehicles, and other structures.",Sheriff reported trees down on Hwy 300 and Annie Laurie Drive.
SOUTH CAROLINA,45,2015,Thunderstorm Wind,0,0,0,0,12.00K,33.31,-81.76,"A line of severe thunderstorms took down trees and powerlines with some trees falling on homes, vehicles, and other structures.",Savannah River Site reported trees down on Hwy 125. Vehicle ran into a tree.
SOUTH CAROLINA,45,2015,Thunderstorm Wind,0,0,0,0,2.00K,33.9327,-81.4794,A few isolated severe thunderstorms produced some wind damage taking down several trees.,Public reported a few trees down just ENE of Batesburg-Leesville near Clover and Saber roads.
SOUTH CAROLINA,45,2015,Hail,0,0,0,0,NA,34.95,-82.46,"An area of thunderstorms developing ahead of a cold front moved across northern portions of Upstate South Carolina during the morning, producing isolated wind damage. After a lull of a few hours, more numerous storms developed during the heat of the afternoon, producing more widespread severe weather, mainly in the form of large hail.",Spotter reported 3/4 inch hail.
SOUTH CAROLINA,45,2015,Hail,0,0,0,0,NA,34.94,-82.39,"An area of thunderstorms developing ahead of a cold front moved across northern portions of Upstate South Carolina during the morning, producing isolated wind damage. After a lull of a few hours, more numerous storms developed during the heat of the afternoon, producing more widespread severe weather, mainly in the form of large hail.",Public reported quarter size hail in Paris Mountain State Park.
SOUTH CAROLINA,45,2015,Hail,0,0,0,0,NA,34.85,-82.98,"An area of thunderstorms developing ahead of a cold front moved across northern portions of Upstate South Carolina during the morning, producing isolated wind damage. After a lull of a few hours, more numerous storms developed during the heat of the afternoon, producing more widespread severe weather, mainly in the form of large hail.",County comms reported quarter size hail south of Salem.
SOUTH CAROLINA,45,2015,Hail,0,0,0,0,0.00K,33.86,-81.44,A line of severe thunderstorms moved through the Midlands of SC and produced some large hail and wind damage...mainly trees taken down.,Public reported nickel size hail on Brodie Road in Leesville.
SOUTH CAROLINA,45,2015,Hail,0,0,0,0,0.00K,33.65,-81.39,A line of severe thunderstorms moved through the Midlands of SC and produced some large hail and wind damage...mainly trees taken down.,Sheriff reported nickel size hail along Camp Rawls Road.
SOUTH CAROLINA,45,2015,Thunderstorm Wind,0,0,0,0,6.00K,34.39,-81.4,A line of severe thunderstorms moved through the Midlands of SC and produced some large hail and wind damage...mainly trees taken down.,Sheriff reported trees down near the Broad River Bridge on SC Hwy 34.
SOUTH CAROLINA,45,2015,Thunderstorm Wind,0,0,0,0,0.00K,33.84,-81.66,A few severe thunderstorms took down some trees and powerlines in the Midlands.,Dispatch reported several large limbs down blocking Boatwright Street in Ridge Spring.
SOUTH CAROLINA,45,2015,Hail,0,0,0,0,0.00K,33.37,-80.84,Severe thunderstorms rolled through the Midlands and produced damaging winds and some large hail.  Most wind damage was to trees and powerlines.,Dispatch reported quarter size hail near River Drive in Rowesville.
SOUTH CAROLINA,45,2015,Thunderstorm Wind,0,0,0,0,2.00K,33.85,-80.73,Severe thunderstorms rolled through the Midlands and produced damaging winds and some large hail.  Most wind damage was to trees and powerlines.,Sheriff reported trees down near Hwy 48 around Gadsden.
SOUTH CAROLINA,45,2015,Thunderstorm Wind,0,0,0,0,2.00K,33.95,-80.63,Severe thunderstorms rolled through the Midlands and produced damaging winds and some large hail.  Most wind damage was to trees and powerlines.,Highway Patrol reported trees in the roadway on the US 76 bridge over the Wateree River.
SOUTH CAROLINA,45,2015,Thunderstorm Wind,0,0,0,0,2.00K,33.92,-80.95,Severe thunderstorms rolled through the Midlands and produced damaging winds and some large hail.  Most wind damage was to trees and powerlines.,Highway Patrol reported trees down at the intersection of Longwood Road and Bluff Road.
SOUTH CAROLINA,45,2015,Thunderstorm Wind,0,0,0,0,2.00K,34.03,-81.08,Severe thunderstorms rolled through the Midlands and produced damaging winds and some large hail.  Most wind damage was to trees and powerlines.,Highway Patrol reported trees down on Broad River Road near Brevard Street.
SOUTH CAROLINA,45,2015,Thunderstorm Wind,0,0,0,0,2.00K,34,-81.07,Severe thunderstorms rolled through the Midlands and produced damaging winds and some large hail.  Most wind damage was to trees and powerlines.,Public reported trees and debris blocking the roadway on North Lucas Drive in West Columbia.
SOUTH CAROLINA,45,2015,Thunderstorm Wind,0,0,0,0,3.00K,33.93,-81.09,Severe thunderstorms rolled through the Midlands and produced damaging winds and some large hail.  Most wind damage was to trees and powerlines.,Dispatch reported multiple trees down near Fish Hatchery Road.
SOUTH CAROLINA,45,2015,Hail,0,0,0,0,NA,34.77,-83.06,"An area of thunderstorms developing ahead of a cold front moved across northern portions of Upstate South Carolina during the morning, producing isolated wind damage. After a lull of a few hours, more numerous storms developed during the heat of the afternoon, producing more widespread severe weather, mainly in the form of large hail.",Spotters reported penny to quarter size hail in the Walhalla area.
SOUTH CAROLINA,45,2015,Hail,0,0,0,0,NA,34.84,-82.92,"An area of thunderstorms developing ahead of a cold front moved across northern portions of Upstate South Carolina during the morning, producing isolated wind damage. After a lull of a few hours, more numerous storms developed during the heat of the afternoon, producing more widespread severe weather, mainly in the form of large hail.",Spotter reported quarter size hail.
SOUTH CAROLINA,45,2015,Hail,0,0,0,0,NA,34.51,-82.99,"An area of thunderstorms developing ahead of a cold front moved across northern portions of Upstate South Carolina during the morning, producing isolated wind damage. After a lull of a few hours, more numerous storms developed during the heat of the afternoon, producing more widespread severe weather, mainly in the form of large hail.",Spotter reported quarter size hail.
SOUTH CAROLINA,45,2015,Hail,0,0,0,0,NA,34.85,-82.84,"An area of thunderstorms developing ahead of a cold front moved across northern portions of Upstate South Carolina during the morning, producing isolated wind damage. After a lull of a few hours, more numerous storms developed during the heat of the afternoon, producing more widespread severe weather, mainly in the form of large hail.",Public reported quarter size hail near Six Mile.
SOUTH CAROLINA,45,2015,Hail,0,0,0,0,NA,34.95,-82.7,"An area of thunderstorms developing ahead of a cold front moved across northern portions of Upstate South Carolina during the morning, producing isolated wind damage. After a lull of a few hours, more numerous storms developed during the heat of the afternoon, producing more widespread severe weather, mainly in the form of large hail.",County comms reported quarter size hail on Midway Rd (4.5 N Pickens). Spotter reported quarter size hail on Old Glassy Mountain Rd (3.5 NE). At least one other report of quarter size hail was received from this area.
SOUTH CAROLINA,45,2015,Hail,0,0,0,0,NA,34.82,-82.7,"An area of thunderstorms developing ahead of a cold front moved across northern portions of Upstate South Carolina during the morning, producing isolated wind damage. After a lull of a few hours, more numerous storms developed during the heat of the afternoon, producing more widespread severe weather, mainly in the form of large hail.",Public reported golf ball size hail near Liberty. Spotter reported penny size hail in Pickens.
SOUTH CAROLINA,45,2015,Hail,0,0,0,0,NA,35.12,-81.82,"An area of thunderstorms developing ahead of a cold front moved across northern portions of Upstate South Carolina during the morning, producing isolated wind damage. After a lull of a few hours, more numerous storms developed during the heat of the afternoon, producing more widespread severe weather, mainly in the form of large hail.",Spotter reported dime to quarter size hail near the intersection of Island Creek Rd and Highway 110.
SOUTH CAROLINA,45,2015,Hail,0,0,0,0,NA,35.02,-82.15,"An area of thunderstorms developing ahead of a cold front moved across northern portions of Upstate South Carolina during the morning, producing isolated wind damage. After a lull of a few hours, more numerous storms developed during the heat of the afternoon, producing more widespread severe weather, mainly in the form of large hail.",Spotter reported quarter size hail on Hampton Rd (4 SW Inman) and Southfield St (1.5 SE).
SOUTH CAROLINA,45,2015,Hail,0,0,0,0,NA,34.6,-82.75,"An area of thunderstorms developing ahead of a cold front moved across northern portions of Upstate South Carolina during the morning, producing isolated wind damage. After a lull of a few hours, more numerous storms developed during the heat of the afternoon, producing more widespread severe weather, mainly in the form of large hail.",Spotter reported quarter size hail.
SOUTH CAROLINA,45,2015,Hail,0,0,0,0,NA,35.14,-81.26,"An area of thunderstorms developing ahead of a cold front moved across northern portions of Upstate South Carolina during the morning, producing isolated wind damage. After a lull of a few hours, more numerous storms developed during the heat of the afternoon, producing more widespread severe weather, mainly in the form of large hail.",Public reported quarter size hail via Social Media.
SOUTH CAROLINA,45,2015,Hail,0,0,0,0,NA,34.7,-82.01,"An area of thunderstorms developing ahead of a cold front moved across northern portions of Upstate South Carolina during the morning, producing isolated wind damage. After a lull of a few hours, more numerous storms developed during the heat of the afternoon, producing more widespread severe weather, mainly in the form of large hail.",Public reported quarter size hail.
SOUTH CAROLINA,45,2015,Hail,0,0,0,0,NA,34.72,-81.62,"An area of thunderstorms developing ahead of a cold front moved across northern portions of Upstate South Carolina during the morning, producing isolated wind damage. After a lull of a few hours, more numerous storms developed during the heat of the afternoon, producing more widespread severe weather, mainly in the form of large hail.",Multiple public reports of quarter size hail were received from the Union area.
SOUTH CAROLINA,45,2015,Hail,0,0,0,0,NA,34.72,-81.62,"An area of thunderstorms developing ahead of a cold front moved across northern portions of Upstate South Carolina during the morning, producing isolated wind damage. After a lull of a few hours, more numerous storms developed during the heat of the afternoon, producing more widespread severe weather, mainly in the form of large hail.",Public reported a second severe thunderstorm produced another round of large hail in the Union area.
SOUTH CAROLINA,45,2015,Hail,0,0,0,0,NA,34.02,-82.27,"An area of thunderstorms developing ahead of a cold front moved across northern portions of Upstate South Carolina during the morning, producing isolated wind damage. After a lull of a few hours, more numerous storms developed during the heat of the afternoon, producing more widespread severe weather, mainly in the form of large hail.",Public reported golf ball size hail.
SOUTH CAROLINA,45,2015,Hail,0,0,0,0,NA,34.03,-82.13,"An area of thunderstorms developing ahead of a cold front moved across northern portions of Upstate South Carolina during the morning, producing isolated wind damage. After a lull of a few hours, more numerous storms developed during the heat of the afternoon, producing more widespread severe weather, mainly in the form of large hail.",Public reported quarter size hail at Highway 67 and Browntown Rd.
SOUTH CAROLINA,45,2015,Lightning,1,0,0,0,0.00K,33.5548,-79.2161,A man was indirectly struck by lightning while under his truck.,A man was under his truck when it was struck by lightning.  He sustained only minor injuries.
SOUTH CAROLINA,45,2015,Hail,0,0,0,0,0.00K,34.57,-80.7,Scattered thunderstorms produced wind damage and some hail in the Midlands.,Public reported penny size hail along Copeland road just north of Heath Springs.
SOUTH CAROLINA,45,2015,Thunderstorm Wind,0,0,0,0,1.00K,34.41,-81.71,Scattered thunderstorms produced wind damage and some hail in the Midlands.,Highway Patrol reported trees down along I-26 near MM 63.
SOUTH CAROLINA,45,2015,Thunderstorm Wind,0,0,0,0,2.00K,34.37,-81.69,Scattered thunderstorms produced wind damage and some hail in the Midlands.,Highway Patrol reported trees down along Lalapa Road between I-26 and Hwy 76.
SOUTH CAROLINA,45,2015,Thunderstorm Wind,0,0,0,0,2.00K,34.41,-81.58,Scattered thunderstorms produced wind damage and some hail in the Midlands.,Highway Patrol reported trees down near the intersection of Hwy 176 and SC 121.
SOUTH CAROLINA,45,2015,Thunderstorm Wind,0,0,0,0,2.00K,34.39,-81.47,Scattered thunderstorms produced wind damage and some hail in the Midlands.,Highway Patrol reported trees down near the intersection of Mt. Pleasant Road and Ringer Road.
SOUTH CAROLINA,45,2015,Thunderstorm Wind,0,0,0,0,0.00K,34.51,-82.99,"An area of thunderstorms developing ahead of a cold front moved across northern portions of Upstate South Carolina during the morning, producing isolated wind damage. After a lull of a few hours, more numerous storms developed during the heat of the afternoon, producing more widespread severe weather, mainly in the form of large hail.",Spotter reported multiple trees and power lines blown down in the Fair Play area.
SOUTH CAROLINA,45,2015,Hail,0,0,0,0,NA,34.73,-82.26,"An area of thunderstorms developed across Upstate South Carolina during the late evening, and quickly pushed east across the foothills and northern Piedmont. One storm briefly reached severe levels, producing large hail in Simpsonville.",Public reported brief hail up to half dollar size near downtown Simpsonville.
SOUTH CAROLINA,45,2015,Hail,0,0,0,0,NA,34.86,-82.36,Scattered thunderstorms developed during the heat of the day across the mountains and foothills of South Carolina. One strong storm produced hail in the Greenville area.,Ham radio operator reported 3/4 inch hail at Pleasantburg Dr and I-385.
SOUTH CAROLINA,45,2015,Thunderstorm Wind,0,0,0,0,1.00K,34.67,-83.09,"A line of strong to severe thunderstorms pushes into Upstate South Carolina from north Georgia during the evening. The line of storms gradually weakened as it moved east, but not before producing localized wind damage across western portions of the area.","EM, spotters, and public reported multiple trees, large limbs, and power lines blown down from Westminster, to west of Seneca, to Townville. Also, the storm door of a home was ripped away by the wind in Westminster."
SOUTH CAROLINA,45,2015,Thunderstorm Wind,0,0,0,0,4.00K,34.1722,-80.1021,A long-lived and organized line of thunderstorms moved into the area from the west during the late afternoon and evening.  Thunderstorms were able to develop and blossom in the warm and increasingly unstable sector ahead of a cold front. Shear values were also notably high.,A National Weather Service Storm Survey team observed bent metal cornice and minor tree damage to a residence on Hudson Street.
SOUTH CAROLINA,45,2015,Thunderstorm Wind,0,0,0,0,5.00K,34.2211,-80.0357,A long-lived and organized line of thunderstorms moved into the area from the west during the late afternoon and evening.  Thunderstorms were able to develop and blossom in the warm and increasingly unstable sector ahead of a cold front. Shear values were also notably high.,A National Weather Service Storm Survey team observed several Leland Cypress trees blown down and two Bradford Pear trees snapped at a residence on Andrews Mill Road.
SOUTH CAROLINA,45,2015,Thunderstorm Wind,0,0,0,0,2.00K,33.52,-80.79,"A line of severe thunderstorms took down trees and powerlines with some trees falling on homes, vehicles, and other structures.",Highway Patrol reported trees down off of I-26 at mile marker 149.
SOUTH CAROLINA,45,2015,Thunderstorm Wind,0,0,0,0,5.00K,33.98,-81.33,"A line of severe thunderstorms took down trees and powerlines with some trees falling on homes, vehicles, and other structures.",Highway Patrol reported trees down in Lexington on Calks Ferry Road and US1 at Spring Hill Road.
SOUTH CAROLINA,45,2015,Thunderstorm Wind,0,0,0,0,3.00K,34.09,-81.05,"A line of severe thunderstorms took down trees and powerlines with some trees falling on homes, vehicles, and other structures.",Highway Patrol reported trees down across the road at the intersection of Hutchinson Street and Blue Ridge Terrace.
SOUTH CAROLINA,45,2015,Thunderstorm Wind,0,0,0,0,16.00K,33.91,-81.14,"A line of severe thunderstorms took down trees and powerlines with some trees falling on homes, vehicles, and other structures.","WLTX TV station reported trees down on Ramblin Road in South Congaree, including one that fell on a boat."
SOUTH CAROLINA,45,2015,Thunderstorm Wind,0,0,0,0,14.00K,33.91,-81.41,"A line of severe thunderstorms took down trees and powerlines with some trees falling on homes, vehicles, and other structures.","Public reported broken utility poles, downed powerlines, and uprooted trees."
SOUTH CAROLINA,45,2015,Thunderstorm Wind,0,0,0,0,6.00K,34.15,-80.93,A line of severe thunderstorms moved through the Midlands of SC and produced some large hail and wind damage...mainly trees taken down.,Highway Patrol reported trees down near the intersection of Longtown Road and Holly Ridge Lane.
SOUTH CAROLINA,45,2015,Thunderstorm Wind,0,0,0,0,3.00K,33.7,-82.15,Scattered thunderstorms produced wind damage and some hail in the Midlands.,Dispatch reported trees down along Garrett Road.
SOUTH CAROLINA,45,2015,Thunderstorm Wind,0,0,0,0,4.00K,34.55,-80.59,Scattered thunderstorms produced wind damage and some hail in the Midlands.,Sheriff reported trees down near the town of Kershaw.
SOUTH CAROLINA,45,2015,Thunderstorm Wind,0,0,0,0,10.00K,34.56,-82.9,"An area of thunderstorms developing ahead of a cold front moved across northern portions of Upstate South Carolina during the morning, producing isolated wind damage. After a lull of a few hours, more numerous storms developed during the heat of the afternoon, producing more widespread severe weather, mainly in the form of large hail.","NWS Storm Survey found intermittent wind damage, primarily confined to snapped limbs, small-to-medium sized uprooted trees, and a few large trees uprooted, was observed between Lake Hartwell and Highway 187, about 1 mile north of I-85. A couple of homes received minor roof damage in this area due to falling limbs or trees. Sporadic damage to trees continued east/northeast, across Highway 187, to Pine Needle Cir and Hix Dr, where the most significant damage was observed. A small house near the intersection of Hix Rd and Pine Needle Rd had much of the roof lifted and thrown, with debris spread into a field as far as 100 yards. Sporadic damage, mainly in the form of downed limbs, small snapped and uprooted hardwood trees, and larger uprooted softwoods continued northeast across Highway 71. Additional reports of sporadic damage were received from closer to Townville, including the Fair Play Rd area near the Oconee line."
SOUTH CAROLINA,45,2015,Thunderstorm Wind,0,0,0,0,0.00K,34.91,-82.71,"A line of strong to severe thunderstorms pushes into Upstate South Carolina from north Georgia during the evening. The line of storms gradually weakened as it moved east, but not before producing localized wind damage across western portions of the area.","County comms reported multiple trees blown down across the eastern half of Pickens County, including the Pickens, Easley, and Dacusville area."
SOUTH CAROLINA,45,2015,Thunderstorm Wind,0,0,0,0,1.00K,34.3002,-79.8693,A long-lived and organized line of thunderstorms moved into the area from the west during the late afternoon and evening.  Thunderstorms were able to develop and blossom in the warm and increasingly unstable sector ahead of a cold front. Shear values were also notably high.,A tree was reported down in roadway.
SOUTH CAROLINA,45,2015,Thunderstorm Wind,0,0,0,0,4.00K,34.3193,-79.9164,A long-lived and organized line of thunderstorms moved into the area from the west during the late afternoon and evening.  Thunderstorms were able to develop and blossom in the warm and increasingly unstable sector ahead of a cold front. Shear values were also notably high.,Trees and power lines were reported down.
SOUTH CAROLINA,45,2015,Thunderstorm Wind,0,0,0,0,16.00K,33.68,-80.95,"A line of severe thunderstorms took down trees and powerlines with some trees falling on homes, vehicles, and other structures.",Strong straight line winds produced some damage to a home just off of Bull Swamp Road. The strong winds damaged the roof of the home and also blew out a wall on the northeast side of the house. There were also some medium size limbs down.
SOUTH CAROLINA,45,2015,Thunderstorm Wind,0,0,0,0,3.00K,33.93,-80.33,"A line of severe thunderstorms took down trees and powerlines with some trees falling on homes, vehicles, and other structures.",Dispatch reported trees down at the intersection of Dogwood Drive and Bangal Drive.
SOUTH CAROLINA,45,2015,Thunderstorm Wind,0,0,0,0,3.00K,34.12,-80.55,"A line of severe thunderstorms took down trees and powerlines with some trees falling on homes, vehicles, and other structures.",Highway Patrol reported trees down just north of Mount Bethel Church on US 521.
SOUTH CAROLINA,45,2015,Thunderstorm Wind,0,0,0,0,56.00K,34.12,-80.58,"A line of severe thunderstorms took down trees and powerlines with some trees falling on homes, vehicles, and other structures.",EM reported trees were down in the Boykin Area.  A parked truck was damaged by a tree and another damaged a home.
SOUTH CAROLINA,45,2015,Thunderstorm Wind,0,0,0,0,18.00K,33.8927,-81.2916,"A line of severe thunderstorms took down trees and powerlines with some trees falling on homes, vehicles, and other structures.",EM reported trees down on the southwest side of Red Bank.  Some fell on outbuildings destroying them.
SOUTH CAROLINA,45,2015,Thunderstorm Wind,0,0,0,0,0.00K,34.15,-81.2,Scattered thunderstorms produced wind damage and some hail in the Midlands.,Public reported large branches down near Dutch Fork High School.
SOUTH CAROLINA,45,2015,Thunderstorm Wind,0,0,0,0,2.00K,34.36,-81.09,Scattered thunderstorms produced wind damage and some hail in the Midlands.,Dispatch reported trees down along 9th Street in Winnsboro Mills.
SOUTH CAROLINA,45,2015,Thunderstorm Wind,0,0,0,0,4.00K,33.61,-81.8,Scattered thunderstorms produced wind damage and some hail in the Midlands.,Highway Patrol reported trees down along Old Graniteville Road and along I-20 near Vaucluse.
SOUTH CAROLINA,45,2015,Thunderstorm Wind,0,0,0,0,3.00K,34.41,-81.02,Scattered thunderstorms produced wind damage and some hail in the Midlands.,Dispatch reported trees down along Old River Road.
SOUTH CAROLINA,45,2015,Thunderstorm Wind,0,0,0,0,3.00K,33.58,-81.85,Scattered thunderstorms produced wind damage and some hail in the Midlands.,DOT reported trees down along Whaley Pond Road near Gooseberry Court.
SOUTH CAROLINA,45,2015,Thunderstorm Wind,0,0,0,0,3.00K,34.41,-80.95,Scattered thunderstorms produced wind damage and some hail in the Midlands.,Dispatch reported trees down along White Oak Church Road.
SOUTH CAROLINA,45,2015,Thunderstorm Wind,0,0,0,0,3.00K,33.88,-81.07,Scattered thunderstorms produced wind damage and some hail in the Midlands.,Highway Patrol reported trees down near the intersection of Gardners Terrace Road and Hwy 321.
SOUTH CAROLINA,45,2015,Thunderstorm Wind,0,0,0,0,36.00K,33.98,-81.03,Scattered thunderstorms produced wind damage and some hail in the Midlands.,Public reported a tree fell on a home in the Olympia neighborhood of Columbia.
SOUTH CAROLINA,45,2015,Thunderstorm Wind,0,0,0,0,2.00K,33.48,-81.95,Scattered thunderstorms produced wind damage and some hail in the Midlands.,Highway Patrol reported trees down in North Augusta near the 5th street bridge.
SOUTH CAROLINA,45,2015,Thunderstorm Wind,0,0,0,0,NA,32.87,-80.49,Isolated to scattered thunderstorms developed in the early afternoon hours along the sea breeze. A few of the storms became strong enough to produce strong wind gusts.,Colleton County dispatch reports a tree down across Round O Road near the intersection with Jacksonboro Road.
SOUTH CAROLINA,45,2015,Thunderstorm Wind,0,0,0,0,NA,32.53,-81.04,Scattered thunderstorms developed in the late afternoon and evening hours ahead of an approaching cold front. A few of the storms became strong enough to produce hail and strong gusty winds.,One tree blown down on Bailey Mill Road near the intersection with Calf Pen Bay Road.
SOUTH CAROLINA,45,2015,Thunderstorm Wind,0,0,0,0,0.00K,35.08,-82.61,"A line of strong to severe thunderstorms pushes into Upstate South Carolina from north Georgia during the evening. The line of storms gradually weakened as it moved east, but not before producing localized wind damage across western portions of the area.",Highway Patrol reported multiple trees blown down along and near the Highway 11 corridor in northern Greenville County.
SOUTH CAROLINA,45,2015,Thunderstorm Wind,0,0,0,0,0.00K,34.37,-82.69,A cluster of strong to severe thunderstorms moved across western portions of Upstate South Carolina during the late afternoon. Some localized damaging winds occurred across portions of Anderson County.,Highway Patrol reported multiple trees blown down from Starr to near Belton.
SOUTH CAROLINA,45,2015,Flash Flood,0,0,0,0,5.00K,34.977,-81.951,Scattered to numerous showers and thunderstorms developed across Upstate South Carolina during the afternoon and evening. Isolated flash flooding and damaging winds occurred near the city of Spartanburg.,"Law enforcement reported flash flooding along Chinquapin Creek after around 2 inches of rain fell in a very short period of time. Public reported water up to car bumpers on N Pine St, which was closed in the area around Highway 9 for a while."
SOUTH CAROLINA,45,2015,Thunderstorm Wind,0,0,0,0,0.00K,35.01,-81.85,Scattered to numerous showers and thunderstorms developed across Upstate South Carolina during the afternoon and evening. Isolated flash flooding and damaging winds occurred near the city of Spartanburg.,Highway patrol reported a tree blown down at Cannon Campground Rd and Old Converse Rd (3 WSW Cowpens) and another tree down at Cannon Campground Rd and West Church St.
SOUTH CAROLINA,45,2015,Hail,0,0,0,0,0.00K,34.03,-82.34,"A line of severe thunderstorms took down trees and powerlines with some trees falling on homes, vehicles, and other structures.",Public reported quarter size hail.
SOUTH CAROLINA,45,2015,Thunderstorm Wind,0,0,0,0,3.00K,33.52,-81.73,"A line of severe thunderstorms took down trees and powerlines with some trees falling on homes, vehicles, and other structures.",Highway Patrol reported trees down at the intersection of Silver Bluff road and Dougherty road.
SOUTH CAROLINA,45,2015,Thunderstorm Wind,0,0,0,0,6.00K,33.81,-81.85,"A line of severe thunderstorms took down trees and powerlines with some trees falling on homes, vehicles, and other structures.",Dispatch reported trees down in various locations in the town of Edgefield including trees down at the intersection of Bouknight and Woodyard roads.
SOUTH CAROLINA,45,2015,Thunderstorm Wind,0,0,0,0,2.00K,33.99,-81,"A line of severe thunderstorms took down trees and powerlines with some trees falling on homes, vehicles, and other structures.",Dispatch reported trees in the road at the intersection of Wilmont Ave. and Walker Street.
SOUTH CAROLINA,45,2015,Thunderstorm Wind,0,0,0,0,1.00K,34.85,-80.83,"A line of severe thunderstorms took down trees and powerlines with some trees falling on homes, vehicles, and other structures.",Public reported a couple of trees down in the Van Wyck area.
SOUTH CAROLINA,45,2015,Thunderstorm Wind,0,0,0,0,2.00K,34.22,-80.67,"A line of severe thunderstorms took down trees and powerlines with some trees falling on homes, vehicles, and other structures.",DOT reported a few trees down in the Lugoff area.
SOUTH CAROLINA,45,2015,Thunderstorm Wind,0,0,0,0,3.00K,33.23,-81.37,"A line of severe thunderstorms took down trees and powerlines with some trees falling on homes, vehicles, and other structures.",DOT reported several trees down between Barnwell and Williston.
SOUTH CAROLINA,45,2015,Thunderstorm Wind,0,0,0,0,3.00K,33.44,-81.28,Scattered thunderstorms produced wind damage and some hail in the Midlands.,SKYWARN spotter reported several trees down along Gardenia Road.
SOUTH CAROLINA,45,2015,Thunderstorm Wind,0,0,0,0,3.00K,33.62,-81.1,Scattered thunderstorms produced wind damage and some hail in the Midlands.,SKYWARN spotter reported trees down in the town of North and a measured wind gust of 52 mph.
SOUTH CAROLINA,45,2015,Thunderstorm Wind,0,0,0,0,NA,32.46,-81.11,Scattered thunderstorms developed in the late afternoon and evening hours ahead of an approaching cold front. A few of the storms became strong enough to produce hail and strong gusty winds.,Jasper County dispatch reported three trees down along Highway 321.
SOUTH CAROLINA,45,2015,Thunderstorm Wind,0,0,0,0,NA,32.46,-80.79,Scattered thunderstorms developed in the late afternoon and evening hours ahead of an approaching cold front. A few of the storms became strong enough to produce hail and strong gusty winds.,One tree blown down on Rugrack Road about a quarter of a mile from Highway 116.
SOUTH CAROLINA,45,2015,Thunderstorm Wind,0,0,0,0,NA,32.74,-80.11,Thunderstorms developed in the afternoon hours across southeast South Carolina in the vicinity of a stationary front situated to the north and oriented from west to east. The resulting storms produced damaging wind gusts.,One tree reported down and in the roadway on Main Road near the fire station.
SOUTH CAROLINA,45,2015,Thunderstorm Wind,0,0,0,0,NA,32.85,-80.08,Thunderstorms developed in the afternoon hours across southeast South Carolina in the vicinity of a stationary front situated to the north and oriented from west to east. The resulting storms produced damaging wind gusts.,"Charleston County dispatch reports three trees down in the Shadowmoss area. One tree was down on Muirfield Parkway, another on Trail Hollow Drive, and also on Shadowmoss Parkway."
SOUTH CAROLINA,45,2015,Thunderstorm Wind,0,0,0,0,NA,32.78,-79.94,Thunderstorms developed in the afternoon hours across southeast South Carolina in the vicinity of a stationary front situated to the north and oriented from west to east. The resulting storms produced damaging wind gusts.,One large tree branch blown down on Bull Street between Rutledge Avenue and Ashley Avenue.
SOUTH CAROLINA,45,2015,Thunderstorm Wind,0,0,0,0,4.00K,33.9,-80.29,Scattered thunderstorms produced wind damage and some hail in the Midlands.,Highway Patrol reported trees down on Plowden Mill Road and Radical Road in Sumter.
SOUTH CAROLINA,45,2015,Thunderstorm Wind,0,0,0,0,3.00K,33.91,-80.21,Scattered thunderstorms produced wind damage and some hail in the Midlands.,Highway Patrol reported trees down near R.E. Davis Elementary School.
SOUTH CAROLINA,45,2015,Thunderstorm Wind,0,0,0,0,0.50K,33.25,-80.83,Widely scattered thunderstorms produced wind damage and some hail across the Midlands.,Sheriff reported a tree down on Hudosn road.
SOUTH CAROLINA,45,2015,Thunderstorm Wind,0,0,0,0,3.00K,33.36,-81.84,Widely scattered thunderstorms produced wind damage and some hail across the Midlands.,Highway Patrol reported trees down at the intersection of Old Jackson Highway and Old Nail Road.  Small hail was also observed.
SOUTH CAROLINA,45,2015,Thunderstorm Wind,0,0,0,0,0.50K,33.25,-80.83,Widely scattered thunderstorms produced wind damage and some hail across the Midlands.,Sheriff reported a tree down on Hudson road.
SOUTH CAROLINA,45,2015,Thunderstorm Wind,0,0,0,0,0.00K,33.97,-81.02,Widely scattered thunderstorms produced wind damage and some hail across the Midlands.,Richland County Mesonet measured a wind gust of 70 mph at Williams Brice Stadium.
SOUTH CAROLINA,45,2015,Hail,0,0,0,0,0.00K,33.93,-80.19,Scattered thunderstorms produced wind damage around the Midlands and Pee Dee regions taking down trees and powerlines.,Public reported penny size hail and estimated 50 mph winds.
SOUTH CAROLINA,45,2015,Hail,0,0,0,0,0.00K,34.14,-80.95,Scattered thunderstorms produced wind damage around the Midlands and Pee Dee regions taking down trees and powerlines.,Public reported penny size hail on the northeast side of Columbia.
SOUTH CAROLINA,45,2015,Thunderstorm Wind,0,0,0,0,0.00K,33.93,-80.2,Scattered thunderstorms produced wind damage around the Midlands and Pee Dee regions taking down trees and powerlines.,Public reported large diameter tree limbs down on Eastern School Road and hail of unknown size.
SOUTH CAROLINA,45,2015,Thunderstorm Wind,0,0,0,0,NA,32.81,-79.9,Thunderstorms developed in the afternoon hours across southeast South Carolina in the vicinity of a stationary front situated to the north and oriented from west to east. The resulting storms produced damaging wind gusts.,Charleston County dispatch reports a tree down on power lines at Patriots Point.
SOUTH CAROLINA,45,2015,Thunderstorm Wind,0,0,0,0,4.00K,33.91,-81.1,A line of severe thunderstorms moved through the Midlands of SC and produced some large hail and wind damage...mainly trees taken down.,Sheriff reported trees down at the intersection of Pine Ridge Road and Fish Hatchery Road.
SOUTH CAROLINA,45,2015,Thunderstorm Wind,0,0,0,0,4.00K,33.87,-80.89,A line of severe thunderstorms moved through the Midlands of SC and produced some large hail and wind damage...mainly trees taken down.,Highway Patrol reported trees down near the intersection of Bluff Road and Old Bluff Road.
SOUTH CAROLINA,45,2015,Thunderstorm Wind,0,0,0,0,5.00K,33.95,-80.53,A line of severe thunderstorms moved through the Midlands of SC and produced some large hail and wind damage...mainly trees taken down.,Highway Patrol reported trees down at the intersection of Hwy 261 and Deveaux Road.
SOUTH CAROLINA,45,2015,Thunderstorm Wind,0,0,0,0,2.00K,33.92,-80.36,A line of severe thunderstorms moved through the Midlands of SC and produced some large hail and wind damage...mainly trees taken down.,Sumter County Dispatch reported powerlines down along Calhoun Street near Stewart Street.
SOUTH CAROLINA,45,2015,Thunderstorm Wind,0,0,0,0,5.00K,33.67,-80.48,A line of severe thunderstorms moved through the Midlands of SC and produced some large hail and wind damage...mainly trees taken down.,County Dispatch reported trees down at the intersection of Governor Richardson Road and Dreamers Lane causing one vehicle accident with no injuries.
SOUTH CAROLINA,45,2015,Lightning,0,0,0,0,36.00K,34.5,-81.62,A line of severe thunderstorms moved through the Midlands of SC and produced some large hail and wind damage...mainly trees taken down.,Sheriff reported a barn struck by lightning in Whitmire burnt to the ground.
SOUTH CAROLINA,45,2015,Thunderstorm Wind,0,0,0,0,36.00K,33.89,-81.54,A line of severe thunderstorms moved through the Midlands of SC and produced some large hail and wind damage...mainly trees taken down.,Sheriff reported trees fell on a house and parked vehicle on Madera Road between Hwys 391 and 178.
SOUTH CAROLINA,45,2015,Hail,0,0,0,0,24.00K,33.92,-81.6,A line of severe thunderstorms moved through the Midlands of SC and produced some large hail and wind damage...mainly trees taken down.,Sheriff reported at least quarter size hail putting dents in vehicles.
SOUTH CAROLINA,45,2015,Thunderstorm Wind,0,0,0,0,3.00K,34.82,-80.86,Scattered thunderstorms produced wind damage around the Midlands and Pee Dee regions taking down trees and powerlines.,Sheriff reported multiple trees down on Riverside Road.
SOUTH CAROLINA,45,2015,Thunderstorm Wind,0,0,0,0,2.00K,34.5,-81.6,Scattered thunderstorms produced wind damage around the Midlands and Pee Dee regions taking down trees and powerlines.,Sheriff reported trees down on Hwy 121 and Subertown Road.
SOUTH CAROLINA,45,2015,Thunderstorm Wind,0,0,0,0,3.00K,34.72,-80.79,Scattered thunderstorms produced wind damage around the Midlands and Pee Dee regions taking down trees and powerlines.,Highway Patrol reported trees down on Woodland Drive at Gillsbrook Drive.
SOUTH CAROLINA,45,2015,Thunderstorm Wind,0,0,0,0,3.00K,34.21,-81.7,Scattered thunderstorms produced wind damage around the Midlands and Pee Dee regions taking down trees and powerlines.,Sheriff reported trees down on Hwy 176 and Hwy 34.
SOUTH CAROLINA,45,2015,Thunderstorm Wind,0,0,0,0,0.50K,34.03,-81.02,Scattered thunderstorms produced wind damage around the Midlands and Pee Dee regions taking down trees and powerlines.,Columbia Police reported a tree down at Barhamville and Tremain Roads.
SOUTH CAROLINA,45,2015,Thunderstorm Wind,0,0,0,0,8.00K,34.17,-80.8,Scattered thunderstorms produced wind damage around the Midlands and Pee Dee regions taking down trees and powerlines.,Electric Company reported several trees and powerlines down with outages.
SOUTH CAROLINA,45,2015,Thunderstorm Wind,0,0,0,0,3.00K,34.791,-80.317,Scattered thunderstorms produced wind damage around the Midlands and Pee Dee regions taking down trees and powerlines.,DOT reported several trees down just east to northeast of Pageland.
SOUTH CAROLINA,45,2015,Thunderstorm Wind,0,0,0,0,2.00K,34.8019,-80.4854,Scattered thunderstorms produced wind damage around the Midlands and Pee Dee regions taking down trees and powerlines.,DOT reported several trees down just west of Pageland.
SOUTH CAROLINA,45,2015,Thunderstorm Wind,0,0,0,0,8.00K,33.3382,-80.2703,Scattered thunderstorms produced wind damage around the Midlands and Pee Dee regions taking down trees and powerlines.,Electric Company reported several trees and powerlines down southeast of Eutawville.
SOUTH CAROLINA,45,2015,Hail,0,0,0,0,0.00K,33.61,-80.35,An lone thunderstorm moved through Summerton and produced some strong winds and hail.,Public reported penny size hail around Summerton. The fire department also estimated wind gusts of 45mph.
SOUTH CAROLINA,45,2015,Thunderstorm Wind,0,0,0,0,0.00K,34.62,-81.59,"Isolated to widely scattered thunderstorms developed across the Western Carolinas during the afternoon and evening. A couple of storms became briefly severe across Union County, SC.",County comms reported a tree blown down across Whitney Rd (6.5 SSE) and another tree down along Berry Farm Rd (10.5 SSE).
SOUTH CAROLINA,45,2015,Thunderstorm Wind,0,0,0,0,0.00K,34.19,-82.21,"Numerous heavy rain showers and thunderstorms moved across the South Carolina Piedmont during the afternoon and evening in association with a warm front. This was after a round of moderate to heavy rain moved across the area early in the day, producing up to 2 inches of rain. A brief severe thunderstorm affected part of Greenwood County during the afternoon, while a quick inch of additional rainfall resulted in flash flooding across portions of York County during the evening.",Highway Patrol reported a tree blown down at Rosemont Dr and Highway 72 on the west side of the city of Greenwood and another tree blown down at Old Laurens Rd and Highway 246 (6 NE Greenwood).
SOUTH CAROLINA,45,2015,Hail,0,0,0,0,0.00K,33.76,-81.73,A couple of isolated severe thunderstorms produced hail from dime to quarter size.,Public reported dime to nickel size hail near Derrick Road.
SOUTH CAROLINA,45,2015,Hail,0,0,0,0,0.00K,33.77,-81.68,A couple of isolated severe thunderstorms produced hail from dime to quarter size.,Public reported nickel to quarter size hail on Ligons Road.
SOUTH CAROLINA,45,2015,Hail,0,0,0,0,0.00K,33.75,-81.52,A couple of isolated severe thunderstorms produced hail from dime to quarter size.,Public reported nickel to quarter size hail near Goose Platter Road.
SOUTH CAROLINA,45,2015,Flash Flood,0,0,0,0,10.00K,34.869,-81.084,"Numerous heavy rain showers and thunderstorms moved across the South Carolina Piedmont during the afternoon and evening in association with a warm front. This was after a round of moderate to heavy rain moved across the area early in the day, producing up to 2 inches of rain. A brief severe thunderstorm affected part of Greenwood County during the afternoon, while a quick inch of additional rainfall resulted in flash flooding across portions of York County during the evening.","Highway Patrol reported flash flooding developed across eastern York County after about an inch of rain fell in about an hour associated with an area of thunderstorms. This was on top of 1-2 inches that had already fallen earlier in the day. Automated stream gauges on Wildcat Creek southwest of Rock Hill, and on Big Dutchman Creek north of the city. Multiple roads were closed due to flooding along these creeks and due to poor drainage. Affected roads included Mt Gallant Rd, McConnells Highway at Saluda Rd, and Paraham Rd at Highway 49."
SOUTH CAROLINA,45,2015,Thunderstorm Wind,0,0,0,0,0.00K,34.52,-81.98,Multiple clusters of thunderstorms developed across Upstate South Carolina during the afternoon. Several of these clusters produced localized severe weather in the form of damaging winds.,FD reported a large tree limb blown down on power lines and a couple of trees blown down across east Laurens and the Watts Mills area.
SOUTH CAROLINA,45,2015,Thunderstorm Wind,0,0,0,0,0.00K,34.48,-82.59,Multiple clusters of thunderstorms developed across Upstate South Carolina during the afternoon. Several of these clusters produced localized severe weather in the form of damaging winds.,Highway Patrol reported a tree blown down at Highway 178 and Serena Cir and another tree down at Jule Martin Rd and Highway 252.
SOUTH CAROLINA,45,2015,Thunderstorm Wind,0,0,0,0,1.00K,34.67,-83.08,Multiple clusters of thunderstorms developed across Upstate South Carolina during the afternoon. Several of these clusters produced localized severe weather in the form of damaging winds.,"FD reported numerous trees blown down from the Westminster area, across Seneca to Lake Hartwell. Public reported a damaged boat dock and a couple of boats pushed along Lake Hartwell."
SOUTH CAROLINA,45,2015,Thunderstorm Wind,0,0,0,0,0.00K,34.87,-81.23,Multiple clusters of thunderstorms developed across Upstate South Carolina during the afternoon. Several of these clusters produced localized severe weather in the form of damaging winds.,County comms reported a tree blown down on McConnells Highway near McConnells. Highway Patrol reported another tree blown down at McConnells Highway and Brattonsville Rd.
SOUTH CAROLINA,45,2015,Thunderstorm Wind,0,0,0,0,0.00K,34.79,-82.9,Two clusters of thunderstorms moved out of northeast Georgia and across northwest portions of South Carolina during the late afternoon and early evening. Brief damaging winds occurred across portions of Oconee and Anderson Counties.,FD reported multiple trees blown down and blocking the road around Doug Hollow Rd and Rochester Highway.
SOUTH CAROLINA,45,2015,Thunderstorm Wind,0,0,0,0,0.00K,34.49,-82.87,Two clusters of thunderstorms moved out of northeast Georgia and across northwest portions of South Carolina during the late afternoon and early evening. Brief damaging winds occurred across portions of Oconee and Anderson Counties.,Highway Patrol reported a tree blown down at Hattons Ford Rd and Pine Cir in Townville and another tree down on Dobbins Bridge Rd.
SOUTH CAROLINA,45,2015,Thunderstorm Wind,0,0,0,0,1.00K,34.76,-82.26,"Widely scattered thunderstorms developed across Upstate South Carolina during the afternoon and early evening. Several of the storms produced brief microbursts, some of which were quite strong. Some of these storms then organized into a line during the evening and produced additional wind damage.",Retired NWS employees and the public reported a significant microburst between Five Forks and Simpsonville. Numerous trees were blown down and some shingles were blown off at least one home in the Stokes Rd area. A tree and multiple large limbs were also blown down in the Adams Mill Rd and Highway 14 area.
SOUTH CAROLINA,45,2015,Thunderstorm Wind,0,0,0,0,5.00K,35.03,-82.18,"Widely scattered thunderstorms developed across Upstate South Carolina during the afternoon and early evening. Several of the storms produced brief microbursts, some of which were quite strong. Some of these storms then organized into a line during the evening and produced additional wind damage.","Highway Patrol reported at least a couple of trees blown down from west of Inman to the city limits. Public reported numerous trees down in the city of Inman, with some blocking roads, including Ridge St and Foster St. Newspaper also reported part of the steeple off a church."
SOUTH CAROLINA,45,2015,Thunderstorm Wind,0,0,0,0,0.00K,34.99,-82.3,"Widely scattered thunderstorms developed across Upstate South Carolina during the afternoon and early evening. Several of the storms produced brief microbursts, some of which were quite strong. Some of these storms then organized into a line during the evening and produced additional wind damage.",Highway Patrol reported multiple trees blown down from the Lake Robinson area to western and southern parts of the city of Greer.
SOUTH CAROLINA,45,2015,Thunderstorm Wind,0,0,0,0,10.00K,34.49,-82.53,"Widely scattered thunderstorms developed across Upstate South Carolina during the afternoon and early evening. Several of the storms produced brief microbursts, some of which were quite strong. Some of these storms then organized into a line during the evening and produced additional wind damage.",Public reported multiple trees blown down and a barn destroyed near Belton.
SOUTH CAROLINA,45,2015,Thunderstorm Wind,0,0,0,0,10.00K,34.47,-82.66,"Widely scattered thunderstorms developed across Upstate South Carolina during the afternoon and early evening. Several of the storms produced brief microbursts, some of which were quite strong. Some of these storms then organized into a line during the evening and produced additional wind damage.",County comms reported multiple trees and power lines and at least one power blown down in the Homeland Park community. Public reported a tree on a home on Palmer St.
SOUTH CAROLINA,45,2015,Thunderstorm Wind,0,0,0,0,0.00K,34.65,-81.95,"Widely scattered thunderstorms developed across Upstate South Carolina during the afternoon and early evening. Several of the storms produced brief microbursts, some of which were quite strong. Some of these storms then organized into a line during the evening and produced additional wind damage.",County comms reported a few large tree limbs and power lines blown down in the Enoree area. Law enforcement reported a tree blocking the road on Shaw Rd near Walnut Grove Rd.
SOUTH CAROLINA,45,2015,Thunderstorm Wind,0,0,0,0,0.00K,34.91,-81.8,"Widely scattered thunderstorms developed across Upstate South Carolina during the afternoon and early evening. Several of the storms produced brief microbursts, some of which were quite strong. Some of these storms then organized into a line during the evening and produced additional wind damage.","DOT reported a tree blown down near the intersection of Highways 176 and 295, and at least one more tree down in the same area."
SOUTH CAROLINA,45,2015,Thunderstorm Wind,0,0,0,0,0.00K,34.91,-83.11,Multiple clusters of thunderstorms developed across Upstate South Carolina during the afternoon. Several of these clusters produced localized severe weather in the form of damaging winds.,Public reported multiple trees blown down along Highway 107.
SOUTH CAROLINA,45,2015,Thunderstorm Wind,0,0,0,0,0.00K,34.19,-82.67,Isolated thunderstorms developed across Upstate South Carolina during the evening. A couple of the storms produced brief severe weather in the form of damaging winds.,County comms reported a tree and multiple large limbs blown down along Horseshoe Rd.
SOUTH CAROLINA,45,2015,Thunderstorm Wind,0,0,0,0,0.00K,34.88,-82.46,Multiple clusters of thunderstorms developed across Upstate South Carolina during the afternoon. Several of these clusters produced localized severe weather in the form of damaging winds.,Highway Patrol reported a tree blown down in the Berea area and on Duvall Rd in South Greenville. DOT reported a tree blown down on White Horse Rd and on the Swamp Rabbit Trail in West Greenville.
SOUTH CAROLINA,45,2015,Thunderstorm Wind,0,0,0,0,0.00K,34.99,-82.28,Multiple clusters of thunderstorms developed across Upstate South Carolina during the afternoon. Several of these clusters produced localized severe weather in the form of damaging winds.,"Highway Patrol and DOT reported a couple of trees blown down along Highway 101 north of Greer, around Gap Creek Rd and Marah Ln. Public also reported a couple of additional trees down in the Blue Ridge community via Social Media."
SOUTH CAROLINA,45,2015,Thunderstorm Wind,0,0,0,0,0.00K,35.01,-82.22,Multiple clusters of thunderstorms developed across Upstate South Carolina during the afternoon. Several of these clusters produced localized severe weather in the form of damaging winds.,DOT reported a tree blown down at Sloan Rd and Jordan Rd and another tree down at Country Club Rd and Gap Creek Rd.
SOUTH CAROLINA,45,2015,Thunderstorm Wind,0,0,0,0,15.00K,34.99,-81.84,Multiple clusters of thunderstorms developed across Upstate South Carolina during the afternoon. Several of these clusters produced localized severe weather in the form of damaging winds.,FD reported numerous trees blown down along Cherry Hill Rd in the Converse community. A concession trailer was also flipped at Broome High School and there was minor structural damage to some buildings on campus.
SOUTH CAROLINA,45,2015,Thunderstorm Wind,0,0,0,0,0.00K,34.83,-81.68,Multiple clusters of thunderstorms developed across Upstate South Carolina during the afternoon. Several of these clusters produced localized severe weather in the form of damaging winds.,County comms reported a tree and a power lines blown down in the Jonesville area.
SOUTH CAROLINA,45,2015,Thunderstorm Wind,0,0,0,0,0.00K,34.97,-81.74,Multiple clusters of thunderstorms developed across Upstate South Carolina during the afternoon. Several of these clusters produced localized severe weather in the form of damaging winds.,County comms reported numerous trees blown down throughout Cherokee County.
SOUTH CAROLINA,45,2015,Thunderstorm Wind,0,0,0,0,0.00K,34.79,-81.51,Multiple clusters of thunderstorms developed across Upstate South Carolina during the afternoon. Several of these clusters produced localized severe weather in the form of damaging winds.,County comms reported a tree and a power line blown down near Lockhart.
SOUTH CAROLINA,45,2015,Flash Flood,0,0,0,0,728.55K,32.759,-80.089,"A historic flooding event affected the Carolinas from October 1-7, 2015. A stalled front offshore combined with deep tropical moisture streaming northwest into the area ahead of a strong upper level low pressure system to the west and Hurricane Joaquin well to the east. This led to historic 4-day rainfall totals with  widespread amounts of 15-20 inches and localized amounts over 25 inches, mainly in the Charleston Tri-County area.  Flash flooding was prevalent for several days and eventually led to Flash Flood Emergencies for Charleston, Berkeley, Dorchester and Colleton counties during the morning hours of October 4, 2015.  Many people had to be rescued by emergency personnel while significant damage occurred to numerous properties and roads. Tides were also historically high due to the recent perigean spring tide and persistent onshore winds, exacerbating and prolonging flooding across the area and along the coast, especially in downtown Charleston. ||The most significant flooding occurred in areas along and near smaller creeks and streams, especially those that were tributaries to larger rivers such as the Edisto, Ashley, Cooper, and Santee. In addition to impacting thousands of homes and businesses, flood waters also damaged many roads and bridges in the area, causing significant travel disruptions that lasted for multiple days. Furthermore, some roads and bridges were so badly damaged that it will likely take weeks to months to repair.||As of 12/31/15, a SCEMD report indicated an estimated total monetary damage of $4,533,337 in Berkeley County, $18,213,860 in Charleston County, $2,030,879 in Colleton County and $6,186,909 in Dorchester County for the flood event. Total costs for each county have been divided equally to each flash flood report within that particular county for this flood event and are considered estimates only.","Law enforcement and broadcast media reported several roads closed due to flooding on Johns Island and James Island. Roads closed included Brownswood Road between Murraywood Road and Main Road, Bohicket Road at the intersection of Edenvale Road, Towne Street at the intersection of Maybank Highway, Central Park Road and Maybank Highway at the intersection of Hickory Knoll Way. Water was also reported waist deep on the sidewalks along Hickory Knoll Way."
SOUTH CAROLINA,45,2015,Flash Flood,0,0,0,0,728.55K,32.8085,-80.067,"A historic flooding event affected the Carolinas from October 1-7, 2015. A stalled front offshore combined with deep tropical moisture streaming northwest into the area ahead of a strong upper level low pressure system to the west and Hurricane Joaquin well to the east. This led to historic 4-day rainfall totals with  widespread amounts of 15-20 inches and localized amounts over 25 inches, mainly in the Charleston Tri-County area.  Flash flooding was prevalent for several days and eventually led to Flash Flood Emergencies for Charleston, Berkeley, Dorchester and Colleton counties during the morning hours of October 4, 2015.  Many people had to be rescued by emergency personnel while significant damage occurred to numerous properties and roads. Tides were also historically high due to the recent perigean spring tide and persistent onshore winds, exacerbating and prolonging flooding across the area and along the coast, especially in downtown Charleston. ||The most significant flooding occurred in areas along and near smaller creeks and streams, especially those that were tributaries to larger rivers such as the Edisto, Ashley, Cooper, and Santee. In addition to impacting thousands of homes and businesses, flood waters also damaged many roads and bridges in the area, causing significant travel disruptions that lasted for multiple days. Furthermore, some roads and bridges were so badly damaged that it will likely take weeks to months to repair.||As of 12/31/15, a SCEMD report indicated an estimated total monetary damage of $4,533,337 in Berkeley County, $18,213,860 in Charleston County, $2,030,879 in Colleton County and $6,186,909 in Dorchester County for the flood event. Total costs for each county have been divided equally to each flash flood report within that particular county for this flood event and are considered estimates only.","A NWS employee, an emergency manager, law enforcement and broadcast media reported widespread flooding and roads closed due to flooding in West Ashley. Roads closed included Batten Drive, Highway 17 near the Ponderosa neighborhood, Carolina Bay Drive near the Element at Carolina Bay Apartments and the entrance to Grand Oaks subdivision where 2 cars were also found to be stalled. Ashley Grove Apartments were also reported flooded and many homes were surrounded by water along roads that were impassable. Swift water rescues and evacuations were also reported in the Shadowmoss area."
SOUTH CAROLINA,45,2015,Flash Flood,0,0,0,0,75.00K,33.7227,-78.8496,"A deep amplitude east coast upper trough closed off across the southeast states for several days while a surface front meandered across the area. Deep moisture from the Gulf of Mexico and Atlantic Ocean continued to feed into the area. Tropical moisture from the periphery of Hurricane Joaquin, well off the coast, helped to boost precipitable water values to near record levels. Rainfall amounts averaged 10 to 15 inches across the area during the event. Some locations received record rainfall amounts and there were reports of up to 2 feet of rain. This produced rare flash flooding. Coastal flooding was significant during the time of high tide. Historic and widespread river flooding followed. A few of the rivers remained above flood stage until mid and late October. There were hundreds of lengthy evacuations due to flooding, but no reports of death or injury. There was significant damage to thousands of structures to include homes and businesses and infrastructure such as roads and bridges as well as personal property. There were reports of overtopped levees and earthen dams. Monetary losses were estimated to be several million dollars.",Significant flooding was reported along 48th Avenue N. The roadway was subsequently closed. Many of the adjacent neighborhood roads were also flooded. Higher than normal tides were also contributing to the flooding.
SOUTH CAROLINA,45,2015,Flash Flood,0,0,0,0,200.00K,33.6248,-78.9678,"A deep amplitude east coast upper trough closed off across the southeast states for several days while a surface front meandered across the area. Deep moisture from the Gulf of Mexico and Atlantic Ocean continued to feed into the area. Tropical moisture from the periphery of Hurricane Joaquin, well off the coast, helped to boost precipitable water values to near record levels. Rainfall amounts averaged 10 to 15 inches across the area during the event. Some locations received record rainfall amounts and there were reports of up to 2 feet of rain. This produced rare flash flooding. Coastal flooding was significant during the time of high tide. Historic and widespread river flooding followed. A few of the rivers remained above flood stage until mid and late October. There were hundreds of lengthy evacuations due to flooding, but no reports of death or injury. There was significant damage to thousands of structures to include homes and businesses and infrastructure such as roads and bridges as well as personal property. There were reports of overtopped levees and earthen dams. Monetary losses were estimated to be several million dollars.",The Ocean Lakes Family Campground and surrounding complex was reported flooded with water up to 2 feet deep. Higher than normal tides were also contributing to the flooding.
SOUTH CAROLINA,45,2015,Flash Flood,0,0,0,0,45.00K,33.9066,-79.0543,"A deep amplitude east coast upper trough closed off across the southeast states for several days while a surface front meandered across the area. Deep moisture from the Gulf of Mexico and Atlantic Ocean continued to feed into the area. Tropical moisture from the periphery of Hurricane Joaquin, well off the coast, helped to boost precipitable water values to near record levels. Rainfall amounts averaged 10 to 15 inches across the area during the event. Some locations received record rainfall amounts and there were reports of up to 2 feet of rain. This produced rare flash flooding. Coastal flooding was significant during the time of high tide. Historic and widespread river flooding followed. A few of the rivers remained above flood stage until mid and late October. There were hundreds of lengthy evacuations due to flooding, but no reports of death or injury. There was significant damage to thousands of structures to include homes and businesses and infrastructure such as roads and bridges as well as personal property. There were reports of overtopped levees and earthen dams. Monetary losses were estimated to be several million dollars.",Flood waters were reportedly 1.5 feet deep on a portion of Kerri Circle.
SOUTH CAROLINA,45,2015,Flash Flood,0,0,0,0,800.00K,33.7633,-79.8541,"A deep amplitude east coast upper trough closed off across the southeast states for several days while a surface front meandered across the area. Deep moisture from the Gulf of Mexico and Atlantic Ocean continued to feed into the area. Tropical moisture from the periphery of Hurricane Joaquin, well off the coast, helped to boost precipitable water values to near record levels. Rainfall amounts averaged 10 to 15 inches across the area during the event. Some locations received record rainfall amounts and there were reports of up to 2 feet of rain. This produced rare flash flooding. Coastal flooding was significant during the time of high tide. Historic and widespread river flooding followed. A few of the rivers remained above flood stage until mid and late October. There were hundreds of lengthy evacuations due to flooding, but no reports of death or injury. There was significant damage to thousands of structures to include homes and businesses and infrastructure such as roads and bridges as well as personal property. There were reports of overtopped levees and earthen dams. Monetary losses were estimated to be several million dollars.",Widespread flooding across the county with numerous roads reportedly impassable.
SOUTH CAROLINA,45,2015,Flash Flood,0,0,0,0,800.00K,34.0677,-81.0484,Heavy rain in the Midlands...Pee Dee produced flash flooding in across the area. Numerous dams were breached along with numerous bridge and roadways flooded and damaged.,SC Highway Patrol reports Monticello Road at I-20 closed due to flooding.
SOUTH CAROLINA,45,2015,Flash Flood,0,0,0,0,150.00K,33.365,-79.2994,"A deep amplitude east coast upper trough closed off across the southeast states for several days while a surface front meandered across the area. Deep moisture from the Gulf of Mexico and Atlantic Ocean continued to feed into the area. Tropical moisture from the periphery of Hurricane Joaquin, well off the coast, helped to boost precipitable water values to near record levels. Rainfall amounts averaged 10 to 15 inches across the area during the event. Some locations received record rainfall amounts and there were reports of up to 2 feet of rain. This produced rare flash flooding. Coastal flooding was significant during the time of high tide. Historic and widespread river flooding followed. A few of the rivers remained above flood stage until mid and late October. There were hundreds of lengthy evacuations due to flooding, but no reports of death or injury. There was significant damage to thousands of structures to include homes and businesses and infrastructure such as roads and bridges as well as personal property. There were reports of overtopped levees and earthen dams. Monetary losses were estimated to be several million dollars.",Flood water was reportedly entering homes on South Kaminski Street.
SOUTH CAROLINA,45,2015,Flash Flood,0,0,0,0,300.00K,33.4571,-79.5623,"A deep amplitude east coast upper trough closed off across the southeast states for several days while a surface front meandered across the area. Deep moisture from the Gulf of Mexico and Atlantic Ocean continued to feed into the area. Tropical moisture from the periphery of Hurricane Joaquin, well off the coast, helped to boost precipitable water values to near record levels. Rainfall amounts averaged 10 to 15 inches across the area during the event. Some locations received record rainfall amounts and there were reports of up to 2 feet of rain. This produced rare flash flooding. Coastal flooding was significant during the time of high tide. Historic and widespread river flooding followed. A few of the rivers remained above flood stage until mid and late October. There were hundreds of lengthy evacuations due to flooding, but no reports of death or injury. There was significant damage to thousands of structures to include homes and businesses and infrastructure such as roads and bridges as well as personal property. There were reports of overtopped levees and earthen dams. Monetary losses were estimated to be several million dollars.",North Poplar Avenue was reportedly flooded and numerous homes and other structures were inundated with flood waters.
SOUTH CAROLINA,45,2015,Flash Flood,0,0,0,0,15.00K,33.3712,-79.2899,"A deep amplitude east coast upper trough closed off across the southeast states for several days while a surface front meandered across the area. Deep moisture from the Gulf of Mexico and Atlantic Ocean continued to feed into the area. Tropical moisture from the periphery of Hurricane Joaquin, well off the coast, helped to boost precipitable water values to near record levels. Rainfall amounts averaged 10 to 15 inches across the area during the event. Some locations received record rainfall amounts and there were reports of up to 2 feet of rain. This produced rare flash flooding. Coastal flooding was significant during the time of high tide. Historic and widespread river flooding followed. A few of the rivers remained above flood stage until mid and late October. There were hundreds of lengthy evacuations due to flooding, but no reports of death or injury. There was significant damage to thousands of structures to include homes and businesses and infrastructure such as roads and bridges as well as personal property. There were reports of overtopped levees and earthen dams. Monetary losses were estimated to be several million dollars.",Water up to 4 feet deep was reported at the intersection of Prince Street and Dozier Street.
SOUTH CAROLINA,45,2015,Flash Flood,0,0,0,0,30.00K,33.167,-79.3474,"A deep amplitude east coast upper trough closed off across the southeast states for several days while a surface front meandered across the area. Deep moisture from the Gulf of Mexico and Atlantic Ocean continued to feed into the area. Tropical moisture from the periphery of Hurricane Joaquin, well off the coast, helped to boost precipitable water values to near record levels. Rainfall amounts averaged 10 to 15 inches across the area during the event. Some locations received record rainfall amounts and there were reports of up to 2 feet of rain. This produced rare flash flooding. Coastal flooding was significant during the time of high tide. Historic and widespread river flooding followed. A few of the rivers remained above flood stage until mid and late October. There were hundreds of lengthy evacuations due to flooding, but no reports of death or injury. There was significant damage to thousands of structures to include homes and businesses and infrastructure such as roads and bridges as well as personal property. There were reports of overtopped levees and earthen dams. Monetary losses were estimated to be several million dollars.","The water depth on the northbound lane of Highway 17, south of Georgetown was reportedly up to 6 feet deep."
SOUTH CAROLINA,45,2015,Flash Flood,0,0,0,0,600.00K,33.3428,-79.2804,"A deep amplitude east coast upper trough closed off across the southeast states for several days while a surface front meandered across the area. Deep moisture from the Gulf of Mexico and Atlantic Ocean continued to feed into the area. Tropical moisture from the periphery of Hurricane Joaquin, well off the coast, helped to boost precipitable water values to near record levels. Rainfall amounts averaged 10 to 15 inches across the area during the event. Some locations received record rainfall amounts and there were reports of up to 2 feet of rain. This produced rare flash flooding. Coastal flooding was significant during the time of high tide. Historic and widespread river flooding followed. A few of the rivers remained above flood stage until mid and late October. There were hundreds of lengthy evacuations due to flooding, but no reports of death or injury. There was significant damage to thousands of structures to include homes and businesses and infrastructure such as roads and bridges as well as personal property. There were reports of overtopped levees and earthen dams. Monetary losses were estimated to be several million dollars.","Portions of Highway 17, 17A, 521 and 701 were closed due to flood waters. The water was reportedly up to 5 feet deep in portions of Georgetown. There were reports of flooded homes and businesses. A nursing home was being evacuated due to severe flooding. Numerous vehicles were stranded in the flood waters and the occupants had to be rescued and brought to safety."
SOUTH CAROLINA,45,2015,Flash Flood,0,0,0,0,200.00K,33.3676,-79.2753,"A deep amplitude east coast upper trough closed off across the southeast states for several days while a surface front meandered across the area. Deep moisture from the Gulf of Mexico and Atlantic Ocean continued to feed into the area. Tropical moisture from the periphery of Hurricane Joaquin, well off the coast, helped to boost precipitable water values to near record levels. Rainfall amounts averaged 10 to 15 inches across the area during the event. Some locations received record rainfall amounts and there were reports of up to 2 feet of rain. This produced rare flash flooding. Coastal flooding was significant during the time of high tide. Historic and widespread river flooding followed. A few of the rivers remained above flood stage until mid and late October. There were hundreds of lengthy evacuations due to flooding, but no reports of death or injury. There was significant damage to thousands of structures to include homes and businesses and infrastructure such as roads and bridges as well as personal property. There were reports of overtopped levees and earthen dams. Monetary losses were estimated to be several million dollars.","Church Street and adjacent areas to include Orange Street, Wood Street and King Street were reported flooded. There were reports of water rescues on Church Street."
SOUTH CAROLINA,45,2015,Flash Flood,0,0,0,0,300.00K,33.434,-79.5381,"A deep amplitude east coast upper trough closed off across the southeast states for several days while a surface front meandered across the area. Deep moisture from the Gulf of Mexico and Atlantic Ocean continued to feed into the area. Tropical moisture from the periphery of Hurricane Joaquin, well off the coast, helped to boost precipitable water values to near record levels. Rainfall amounts averaged 10 to 15 inches across the area during the event. Some locations received record rainfall amounts and there were reports of up to 2 feet of rain. This produced rare flash flooding. Coastal flooding was significant during the time of high tide. Historic and widespread river flooding followed. A few of the rivers remained above flood stage until mid and late October. There were hundreds of lengthy evacuations due to flooding, but no reports of death or injury. There was significant damage to thousands of structures to include homes and businesses and infrastructure such as roads and bridges as well as personal property. There were reports of overtopped levees and earthen dams. Monetary losses were estimated to be several million dollars.",The entire length of Main Street in Andrews and adjacent areas were flooded out. Main Street was reportedly closed to traffic.
SOUTH CAROLINA,45,2015,Flash Flood,0,0,0,0,20.00K,33.3777,-79.4712,"A deep amplitude east coast upper trough closed off across the southeast states for several days while a surface front meandered across the area. Deep moisture from the Gulf of Mexico and Atlantic Ocean continued to feed into the area. Tropical moisture from the periphery of Hurricane Joaquin, well off the coast, helped to boost precipitable water values to near record levels. Rainfall amounts averaged 10 to 15 inches across the area during the event. Some locations received record rainfall amounts and there were reports of up to 2 feet of rain. This produced rare flash flooding. Coastal flooding was significant during the time of high tide. Historic and widespread river flooding followed. A few of the rivers remained above flood stage until mid and late October. There were hundreds of lengthy evacuations due to flooding, but no reports of death or injury. There was significant damage to thousands of structures to include homes and businesses and infrastructure such as roads and bridges as well as personal property. There were reports of overtopped levees and earthen dams. Monetary losses were estimated to be several million dollars.",Saint Delights Road was reportedly closed due to flooding.
SOUTH CAROLINA,45,2015,Flash Flood,0,0,0,0,10.00K,33.4808,-79.2341,"A deep amplitude east coast upper trough closed off across the southeast states for several days while a surface front meandered across the area. Deep moisture from the Gulf of Mexico and Atlantic Ocean continued to feed into the area. Tropical moisture from the periphery of Hurricane Joaquin, well off the coast, helped to boost precipitable water values to near record levels. Rainfall amounts averaged 10 to 15 inches across the area during the event. Some locations received record rainfall amounts and there were reports of up to 2 feet of rain. This produced rare flash flooding. Coastal flooding was significant during the time of high tide. Historic and widespread river flooding followed. A few of the rivers remained above flood stage until mid and late October. There were hundreds of lengthy evacuations due to flooding, but no reports of death or injury. There was significant damage to thousands of structures to include homes and businesses and infrastructure such as roads and bridges as well as personal property. There were reports of overtopped levees and earthen dams. Monetary losses were estimated to be several million dollars.",Portions of Calvin Hardee Road and Plantersville Road were reported closed due to flood waters.
SOUTH CAROLINA,45,2015,Flash Flood,0,0,0,0,35.00K,33.506,-79.1731,"A deep amplitude east coast upper trough closed off across the southeast states for several days while a surface front meandered across the area. Deep moisture from the Gulf of Mexico and Atlantic Ocean continued to feed into the area. Tropical moisture from the periphery of Hurricane Joaquin, well off the coast, helped to boost precipitable water values to near record levels. Rainfall amounts averaged 10 to 15 inches across the area during the event. Some locations received record rainfall amounts and there were reports of up to 2 feet of rain. This produced rare flash flooding. Coastal flooding was significant during the time of high tide. Historic and widespread river flooding followed. A few of the rivers remained above flood stage until mid and late October. There were hundreds of lengthy evacuations due to flooding, but no reports of death or injury. There was significant damage to thousands of structures to include homes and businesses and infrastructure such as roads and bridges as well as personal property. There were reports of overtopped levees and earthen dams. Monetary losses were estimated to be several million dollars.",Fredrick Drive was reported closed due to flooding.
SOUTH CAROLINA,45,2015,Flash Flood,0,0,0,0,40.00K,33.6773,-78.8983,"A deep amplitude east coast upper trough closed off across the southeast states for several days while a surface front meandered across the area. Deep moisture from the Gulf of Mexico and Atlantic Ocean continued to feed into the area. Tropical moisture from the periphery of Hurricane Joaquin, well off the coast, helped to boost precipitable water values to near record levels. Rainfall amounts averaged 10 to 15 inches across the area during the event. Some locations received record rainfall amounts and there were reports of up to 2 feet of rain. This produced rare flash flooding. Coastal flooding was significant during the time of high tide. Historic and widespread river flooding followed. A few of the rivers remained above flood stage until mid and late October. There were hundreds of lengthy evacuations due to flooding, but no reports of death or injury. There was significant damage to thousands of structures to include homes and businesses and infrastructure such as roads and bridges as well as personal property. There were reports of overtopped levees and earthen dams. Monetary losses were estimated to be several million dollars.",Flooding forced the closure of S Ocean Boulevard between 10th Avenue S and 11th Avenue S.
SOUTH CAROLINA,45,2015,Flash Flood,0,0,0,0,15.00K,33.7904,-79.6893,"A deep amplitude east coast upper trough closed off across the southeast states for several days while a surface front meandered across the area. Deep moisture from the Gulf of Mexico and Atlantic Ocean continued to feed into the area. Tropical moisture from the periphery of Hurricane Joaquin, well off the coast, helped to boost precipitable water values to near record levels. Rainfall amounts averaged 10 to 15 inches across the area during the event. Some locations received record rainfall amounts and there were reports of up to 2 feet of rain. This produced rare flash flooding. Coastal flooding was significant during the time of high tide. Historic and widespread river flooding followed. A few of the rivers remained above flood stage until mid and late October. There were hundreds of lengthy evacuations due to flooding, but no reports of death or injury. There was significant damage to thousands of structures to include homes and businesses and infrastructure such as roads and bridges as well as personal property. There were reports of overtopped levees and earthen dams. Monetary losses were estimated to be several million dollars.",Portions of Dewey Cox Road were reported flooded.
SOUTH CAROLINA,45,2015,Flash Flood,0,0,0,0,35.00K,33.6701,-79.8344,"A deep amplitude east coast upper trough closed off across the southeast states for several days while a surface front meandered across the area. Deep moisture from the Gulf of Mexico and Atlantic Ocean continued to feed into the area. Tropical moisture from the periphery of Hurricane Joaquin, well off the coast, helped to boost precipitable water values to near record levels. Rainfall amounts averaged 10 to 15 inches across the area during the event. Some locations received record rainfall amounts and there were reports of up to 2 feet of rain. This produced rare flash flooding. Coastal flooding was significant during the time of high tide. Historic and widespread river flooding followed. A few of the rivers remained above flood stage until mid and late October. There were hundreds of lengthy evacuations due to flooding, but no reports of death or injury. There was significant damage to thousands of structures to include homes and businesses and infrastructure such as roads and bridges as well as personal property. There were reports of overtopped levees and earthen dams. Monetary losses were estimated to be several million dollars.",Water was reportedly crossing North Jackson Street.
SOUTH CAROLINA,45,2015,Flash Flood,0,0,0,0,5.00K,33.8806,-79.872,"A deep amplitude east coast upper trough closed off across the southeast states for several days while a surface front meandered across the area. Deep moisture from the Gulf of Mexico and Atlantic Ocean continued to feed into the area. Tropical moisture from the periphery of Hurricane Joaquin, well off the coast, helped to boost precipitable water values to near record levels. Rainfall amounts averaged 10 to 15 inches across the area during the event. Some locations received record rainfall amounts and there were reports of up to 2 feet of rain. This produced rare flash flooding. Coastal flooding was significant during the time of high tide. Historic and widespread river flooding followed. A few of the rivers remained above flood stage until mid and late October. There were hundreds of lengthy evacuations due to flooding, but no reports of death or injury. There was significant damage to thousands of structures to include homes and businesses and infrastructure such as roads and bridges as well as personal property. There were reports of overtopped levees and earthen dams. Monetary losses were estimated to be several million dollars.",Portions of Ed Road were reported flooded.
SOUTH CAROLINA,45,2015,Flash Flood,0,0,0,0,30.00K,33.7841,-79.7262,"A deep amplitude east coast upper trough closed off across the southeast states for several days while a surface front meandered across the area. Deep moisture from the Gulf of Mexico and Atlantic Ocean continued to feed into the area. Tropical moisture from the periphery of Hurricane Joaquin, well off the coast, helped to boost precipitable water values to near record levels. Rainfall amounts averaged 10 to 15 inches across the area during the event. Some locations received record rainfall amounts and there were reports of up to 2 feet of rain. This produced rare flash flooding. Coastal flooding was significant during the time of high tide. Historic and widespread river flooding followed. A few of the rivers remained above flood stage until mid and late October. There were hundreds of lengthy evacuations due to flooding, but no reports of death or injury. There was significant damage to thousands of structures to include homes and businesses and infrastructure such as roads and bridges as well as personal property. There were reports of overtopped levees and earthen dams. Monetary losses were estimated to be several million dollars.",Portions of Cade Road were reported flooded.
SOUTH CAROLINA,45,2015,Flash Flood,0,0,0,0,2.00K,33.538,-79.7508,"A deep amplitude east coast upper trough closed off across the southeast states for several days while a surface front meandered across the area. Deep moisture from the Gulf of Mexico and Atlantic Ocean continued to feed into the area. Tropical moisture from the periphery of Hurricane Joaquin, well off the coast, helped to boost precipitable water values to near record levels. Rainfall amounts averaged 10 to 15 inches across the area during the event. Some locations received record rainfall amounts and there were reports of up to 2 feet of rain. This produced rare flash flooding. Coastal flooding was significant during the time of high tide. Historic and widespread river flooding followed. A few of the rivers remained above flood stage until mid and late October. There were hundreds of lengthy evacuations due to flooding, but no reports of death or injury. There was significant damage to thousands of structures to include homes and businesses and infrastructure such as roads and bridges as well as personal property. There were reports of overtopped levees and earthen dams. Monetary losses were estimated to be several million dollars.",Portions of Blakely Road were flooded near the intersection with Seabrook Road.
SOUTH CAROLINA,45,2015,Flash Flood,0,0,0,0,50.00K,33.6112,-79.4421,"A deep amplitude east coast upper trough closed off across the southeast states for several days while a surface front meandered across the area. Deep moisture from the Gulf of Mexico and Atlantic Ocean continued to feed into the area. Tropical moisture from the periphery of Hurricane Joaquin, well off the coast, helped to boost precipitable water values to near record levels. Rainfall amounts averaged 10 to 15 inches across the area during the event. Some locations received record rainfall amounts and there were reports of up to 2 feet of rain. This produced rare flash flooding. Coastal flooding was significant during the time of high tide. Historic and widespread river flooding followed. A few of the rivers remained above flood stage until mid and late October. There were hundreds of lengthy evacuations due to flooding, but no reports of death or injury. There was significant damage to thousands of structures to include homes and businesses and infrastructure such as roads and bridges as well as personal property. There were reports of overtopped levees and earthen dams. Monetary losses were estimated to be several million dollars.",Roadway was reported flooded near the intersection of State Road 41 and State Road 51.
SOUTH CAROLINA,45,2015,Flash Flood,0,0,0,0,5.00K,33.6593,-79.9211,"A deep amplitude east coast upper trough closed off across the southeast states for several days while a surface front meandered across the area. Deep moisture from the Gulf of Mexico and Atlantic Ocean continued to feed into the area. Tropical moisture from the periphery of Hurricane Joaquin, well off the coast, helped to boost precipitable water values to near record levels. Rainfall amounts averaged 10 to 15 inches across the area during the event. Some locations received record rainfall amounts and there were reports of up to 2 feet of rain. This produced rare flash flooding. Coastal flooding was significant during the time of high tide. Historic and widespread river flooding followed. A few of the rivers remained above flood stage until mid and late October. There were hundreds of lengthy evacuations due to flooding, but no reports of death or injury. There was significant damage to thousands of structures to include homes and businesses and infrastructure such as roads and bridges as well as personal property. There were reports of overtopped levees and earthen dams. Monetary losses were estimated to be several million dollars.",Portions of Covington Road were reported flooded.
SOUTH CAROLINA,45,2015,Flash Flood,0,0,0,0,30.00K,33.57,-79.9,"A deep amplitude east coast upper trough closed off across the southeast states for several days while a surface front meandered across the area. Deep moisture from the Gulf of Mexico and Atlantic Ocean continued to feed into the area. Tropical moisture from the periphery of Hurricane Joaquin, well off the coast, helped to boost precipitable water values to near record levels. Rainfall amounts averaged 10 to 15 inches across the area during the event. Some locations received record rainfall amounts and there were reports of up to 2 feet of rain. This produced rare flash flooding. Coastal flooding was significant during the time of high tide. Historic and widespread river flooding followed. A few of the rivers remained above flood stage until mid and late October. There were hundreds of lengthy evacuations due to flooding, but no reports of death or injury. There was significant damage to thousands of structures to include homes and businesses and infrastructure such as roads and bridges as well as personal property. There were reports of overtopped levees and earthen dams. Monetary losses were estimated to be several million dollars.",Portions of Union Church Road were reported flooded.
SOUTH CAROLINA,45,2015,Flash Flood,0,0,0,0,50.00K,33.24,-79.42,"A deep amplitude east coast upper trough closed off across the southeast states for several days while a surface front meandered across the area. Deep moisture from the Gulf of Mexico and Atlantic Ocean continued to feed into the area. Tropical moisture from the periphery of Hurricane Joaquin, well off the coast, helped to boost precipitable water values to near record levels. Rainfall amounts averaged 10 to 15 inches across the area during the event. Some locations received record rainfall amounts and there were reports of up to 2 feet of rain. This produced rare flash flooding. Coastal flooding was significant during the time of high tide. Historic and widespread river flooding followed. A few of the rivers remained above flood stage until mid and late October. There were hundreds of lengthy evacuations due to flooding, but no reports of death or injury. There was significant damage to thousands of structures to include homes and businesses and infrastructure such as roads and bridges as well as personal property. There were reports of overtopped levees and earthen dams. Monetary losses were estimated to be several million dollars.",Portions of Earl Road were reported flooded.
SOUTH CAROLINA,45,2015,Flash Flood,0,0,0,0,10.00K,34.2862,-79.4382,"More significant rain fell across the area. This rainfall was on the heels of historic rainfall the weekend prior. As a result, rainfall atop saturated ground led to more flooding.",Flooding was reported on Highway 38 near U.S. 501.
SOUTH CAROLINA,45,2015,Flash Flood,0,0,0,0,10.00K,34.0809,-79.3152,"More significant rain fell across the area. This rainfall was on the heels of historic rainfall the weekend prior. As a result, rainfall atop saturated ground led to more flooding.",Portions of U.S. 501 were flooded south of Marion.
SOUTH CAROLINA,45,2015,Flash Flood,0,0,0,0,500.00K,33.6646,-79.8558,"A deep amplitude east coast upper trough closed off across the southeast states for several days while a surface front meandered across the area. Deep moisture from the Gulf of Mexico and Atlantic Ocean continued to feed into the area. Tropical moisture from the periphery of Hurricane Joaquin, well off the coast, helped to boost precipitable water values to near record levels. Rainfall amounts averaged 10 to 15 inches across the area during the event. Some locations received record rainfall amounts and there were reports of up to 2 feet of rain. This produced rare flash flooding. Coastal flooding was significant during the time of high tide. Historic and widespread river flooding followed. A few of the rivers remained above flood stage until mid and late October. There were hundreds of lengthy evacuations due to flooding, but no reports of death or injury. There was significant damage to thousands of structures to include homes and businesses and infrastructure such as roads and bridges as well as personal property. There were reports of overtopped levees and earthen dams. Monetary losses were estimated to be several million dollars.",Numerous streets and adjacent property was reported flooded in Kingstree to include Main Street.
SOUTH CAROLINA,45,2015,Flood,0,0,0,0,10.00M,34.0423,-79.723,Torrential rain for several days produced historic river flooding at several areas in Northeast South Carolina.,"Around 15 inches of rain fell over the course of a few days, sending the Lynches River out of its banks and it continued rising to a major flood.  The river crested at 19.73 feet, the highest level since 1945, and the third highest ever.  Over two hundred homes were inundated, with evacuations necessary.  The town of Johnsonville also saw its share of flooding along the Lynches River."
SOUTH CAROLINA,45,2015,Flash Flood,1,0,1,0,200.00K,34.953,-81.961,"Scattered, slow-moving thunderstorms developed during the early morning hours across Upstate South Carolina along a backdoor cold front. One of these storms developed over the city of Spartanburg and produced significant flash flooding.","County comms and FD reported significant flash flooding developed on the north side of the city of Spartanburg after 3 to 5 inches of rain fell in only a couple of hours. Multiple roads were closed due to poor drainage flooding and due to Chinquapin Creek and other small tributaries overflowing their banks. A 56-year-old woman drowned in her vehicle when she drove into water on New Cut Rd. A man was injured when he drove his truck into a collapsed culvert on Hayne St near Ethel Rd. Water from Chinquapin Creek entered homes on Pearson St. Water from an overflowing tributary of Lawsons Fork Creek entered about a dozen apartment units at USC Upstate. Closed roads included Asheville Highway, Howard St, Valley Falls Rd, New Cut Rd and I-85 Business. Wet soil and erosion caused a tree to fell on a home in the Una Community."
SOUTH CAROLINA,45,2015,Flood,0,0,0,0,1.00K,34.939,-81.844,"Scattered, slow-moving thunderstorms developed during the early morning hours across Upstate South Carolina along a backdoor cold front. One of these storms developed over the city of Spartanburg and produced significant flash flooding.","Although heavy rain ended across the Spartanburg area by the pre-dawn hours, runoff Lawsons Fork Creek remaining above flood stage for a few more hours."
SOUTH CAROLINA,45,2015,Flood,0,0,0,0,0.00K,33.62,-79.75,"More significant rain fell across the area. This rainfall was on the heels of historic rainfall the weekend prior. As a result, rainfall atop saturated ground led to more flooding.",Flooding was reported on Thurgood Marshall Hwy.
SOUTH CAROLINA,45,2015,Flash Flood,0,0,0,0,10.00K,34.675,-82.81,"Scattered, slow-moving thunderstorms developed across the South Carolina foothills in the late afternoon and evening in the vicinity of a nearly stationary front. One slow moving storm caused localized flash flooding across southwest Pickens County, after 2 to 4 inches of rain fell in a short period of time.","Flash flooding developed in the Clemson and Central areas after a slow-moving thunderstorm produced 2 to 4 inches of rain in a short period of time. Small tributaries of Twelve Mile Creek apparently overflowed and flooded roads in the Woodland Heights and Dellwood neighborhoods of Clemson. In Central, Maw Brdige Rd, Blue Jay Rd, Spring Forest Dr and Brock St were all closed due to poor drainage or small stream flooding."
SOUTH CAROLINA,45,2015,Flood,0,0,0,0,0.00K,33.3682,-79.2769,"More significant rain fell across the area. This rainfall was on the heels of historic rainfall the weekend prior. As a result, rainfall atop saturated ground led to more flooding.",Flooding was reported on Hwy 17.
SOUTH CAROLINA,45,2015,Flood,0,0,0,0,0.00K,33.37,-79.3,"More significant rain fell across the area. This rainfall was on the heels of historic rainfall the weekend prior. As a result, rainfall atop saturated ground led to more flooding.",Several road were flooded in the city of Georgetown.
SOUTH CAROLINA,45,2015,Flash Flood,0,0,0,0,1.00K,34.233,-82.184,"A slow-moving area of upper level low pressure tapped into a tropical moisture feed associated with Hurricane Joaquin (located across the western Atlantic, well off the southeast coast) to produce periods of moderate to heavy rainfall across Upstate South Carolina throughout the 3rd and 4th. The main area impacted was the lower Piedmont, which saw storm total amounts in the 7-10 inches range. Much of that fell on the night of the 3rd and early on the 4th, when the most significant flooding developed over these areas. In addition to the flooding, the combination of saturated soils and winds gusting in excess of 20 mph caused many trees to fall across the area, with some trees falling on homes and vehicles. The Upstate was spared the worst of the heavy rain and flooding, as portions of the South Carolina midlands and coastal plain saw storm total amounts of 15-25 inches during this historic event.","After moderate to occasionally heavy rain fell across the area throughout the 3rd, an area of very heavy rain moved out of the midlands during the evening of the 3rd, increasing rainfall rates enough to cause flash flooding across portions of Greenwood County. Wilson Creek overflowed its banks and flooded Siloam Church Rd, while Cobb Rd was closed due to flooding along a tributary to Rocky Creek."
SOUTH CAROLINA,45,2015,Flash Flood,0,0,0,0,1.00K,34.103,-82.534,"A slow-moving area of upper level low pressure tapped into a tropical moisture feed associated with Hurricane Joaquin (located across the western Atlantic, well off the southeast coast) to produce periods of moderate to heavy rainfall across Upstate South Carolina throughout the 3rd and 4th. The main area impacted was the lower Piedmont, which saw storm total amounts in the 7-10 inches range. Much of that fell on the night of the 3rd and early on the 4th, when the most significant flooding developed over these areas. In addition to the flooding, the combination of saturated soils and winds gusting in excess of 20 mph caused many trees to fall across the area, with some trees falling on homes and vehicles. The Upstate was spared the worst of the heavy rain and flooding, as portions of the South Carolina midlands and coastal plain saw storm total amounts of 15-25 inches during this historic event.","After moderate to occasionally heavy rain fell across the area throughout the 3rd, an area of very heavy rain moved out of the midlands during the late evening of the 3rd and early morning hours on the 4th, increasing rainfall rates enough to cause flash flooding across portions of Abbeville County. County comms reported flooding along McKenley Creek and its tributaries, with water covering two bridges on McKenley Creek Rd."
SOUTH CAROLINA,45,2015,Flash Flood,0,0,0,0,10.00K,34.13,-79.37,"More significant rain fell across the area. This rainfall was on the heels of historic rainfall the weekend prior. As a result, rainfall atop saturated ground led to more flooding.",A portion of U.S. 501 south of downtown Marion was closed due to flooding.
SOUTH CAROLINA,45,2015,Flash Flood,0,0,0,0,10.00K,34.18,-79.4,"More significant rain fell across the area. This rainfall was on the heels of historic rainfall the weekend prior. As a result, rainfall atop saturated ground led to more flooding.","Significant flooding in downtown Marion to include Northside Avenue, Godbold Street and Wheeler Street."
SOUTH CAROLINA,45,2015,Flash Flood,0,0,0,0,10.00K,34.09,-79.38,"More significant rain fell across the area. This rainfall was on the heels of historic rainfall the weekend prior. As a result, rainfall atop saturated ground led to more flooding.",Water was reportedly flowing across Cattle Farm Road.
SOUTH CAROLINA,45,2015,Flood,0,0,0,0,250.00K,34.194,-81.954,"A slow-moving area of upper level low pressure tapped into a tropical moisture feed associated with Hurricane Joaquin (located across the western Atlantic, well off the southeast coast) to produce periods of moderate to heavy rainfall across Upstate South Carolina throughout the 3rd and 4th. The main area impacted was the lower Piedmont, which saw storm total amounts in the 7-10 inches range. Much of that fell on the night of the 3rd and early on the 4th, when the most significant flooding developed over these areas. In addition to the flooding, the combination of saturated soils and winds gusting in excess of 20 mph caused many trees to fall across the area, with some trees falling on homes and vehicles. The Upstate was spared the worst of the heavy rain and flooding, as portions of the South Carolina midlands and coastal plain saw storm total amounts of 15-25 inches during this historic event.","After early morning flash flooding, rain rates moderated across the lower Piedmont, but flooding continued and gradually expanded, with high water conditions remaining in place throughout much of the 4th. At the height of the event, at least a dozen roads were closed due to urban/drainage flooding issues or due to lingering high flow conditions on small streams, especially in the city of Greenwood and surrounding areas. In addition to the flooding, the combination of saturated soils and winds gusting in excess of 20 mph caused numerous trees to fall throughout this period of time. Several trees fell on homes in the city of Greenwood."
SOUTH CAROLINA,45,2015,Flood,0,0,0,0,1.00K,34.216,-82.311,"A slow-moving area of upper level low pressure tapped into a tropical moisture feed associated with Hurricane Joaquin (located across the western Atlantic, well off the southeast coast) to produce periods of moderate to heavy rainfall across Upstate South Carolina throughout the 3rd and 4th. The main area impacted was the lower Piedmont, which saw storm total amounts in the 7-10 inches range. Much of that fell on the night of the 3rd and early on the 4th, when the most significant flooding developed over these areas. In addition to the flooding, the combination of saturated soils and winds gusting in excess of 20 mph caused many trees to fall across the area, with some trees falling on homes and vehicles. The Upstate was spared the worst of the heavy rain and flooding, as portions of the South Carolina midlands and coastal plain saw storm total amounts of 15-25 inches during this historic event.","After early morning flash flooding, rain rates moderated across the lower Piedmont, but flooding gradually expanded, with high water conditions remaining in place throughout much of the 4th. The main stream affected during this time was Dry Creek and/or Long Cane Creek, with Miller Mill Rd closed due to high water."
SOUTH CAROLINA,45,2015,Flash Flood,0,0,0,0,65.00K,34.2936,-79.9232,"A deep amplitude east coast upper trough closed off across the southeast states for several days while a surface front meandered across the area. Deep moisture from the Gulf of Mexico and Atlantic Ocean continued to feed into the area. Tropical moisture from the periphery of Hurricane Joaquin, well off the coast, helped to boost precipitable water values to near record levels. Rainfall amounts averaged 10 to 15 inches across the area during the event. Some locations received record rainfall amounts and there were reports of up to 2 feet of rain. This produced rare flash flooding. Coastal flooding was significant during the time of high tide. Historic and widespread river flooding followed. A few of the rivers remained above flood stage until mid and late October. There were hundreds of lengthy evacuations due to flooding, but no reports of death or injury. There was significant damage to thousands of structures to include homes and businesses and infrastructure such as roads and bridges as well as personal property. There were reports of overtopped levees and earthen dams. Monetary losses were estimated to be several million dollars.",Flooding was reported along portions of Rogers Road and Sunset Drive.
SOUTH CAROLINA,45,2015,Flash Flood,0,0,0,0,10.00K,34.1475,-79.3847,"More significant rain fell across the area. This rainfall was on the heels of historic rainfall the weekend prior. As a result, rainfall atop saturated ground led to more flooding.",Significant flooding was reported on Old Conway Road.
SOUTH CAROLINA,45,2015,Flash Flood,0,0,0,0,60.00K,33.36,-79.3,"More significant rain fell across the area. This rainfall was on the heels of historic rainfall the weekend prior. As a result, rainfall atop saturated ground led to more flooding.",Several streets around Georgetown were reported closed due to flash flooding.
SOUTH CAROLINA,45,2015,Heavy Rain,0,0,0,0,25.00K,34.09,-82.59,"A slow-moving area of upper level low pressure tapped into a tropical moisture feed associated with Hurricane Joaquin (located across the western Atlantic, well off the southeast coast) to produce periods of moderate to heavy rainfall across Upstate South Carolina throughout the 3rd and 4th. The main area impacted was the lower Piedmont, which saw storm total amounts in the 7-10 inches range. Much of that fell on the night of the 3rd and early on the 4th, when the most significant flooding developed over these areas. In addition to the flooding, the combination of saturated soils and winds gusting in excess of 20 mph caused many trees to fall across the area, with some trees falling on homes and vehicles. The Upstate was spared the worst of the heavy rain and flooding, as portions of the South Carolina midlands and coastal plain saw storm total amounts of 15-25 inches during this historic event.",County comms reported the combination of saturated soils due to heavy rainfall and winds gusting in excess of 20 mph caused a large oak tree to fall on the back section of a house in Calhoun Falls.
SOUTH CAROLINA,45,2015,Flood,0,0,0,0,1.00K,34.895,-82.44,"A slow-moving area of upper level low pressure tapped into a tropical moisture feed associated with Hurricane Joaquin (located across the western Atlantic, well off the southeast coast) to produce periods of moderate to heavy rainfall across Upstate South Carolina throughout the 3rd and 4th. The main area impacted was the lower Piedmont, which saw storm total amounts in the 7-10 inches range. Much of that fell on the night of the 3rd and early on the 4th, when the most significant flooding developed over these areas. In addition to the flooding, the combination of saturated soils and winds gusting in excess of 20 mph caused many trees to fall across the area, with some trees falling on homes and vehicles. The Upstate was spared the worst of the heavy rain and flooding, as portions of the South Carolina midlands and coastal plain saw storm total amounts of 15-25 inches during this historic event.","After 5 to 7 inches of rain fell across central Greenville County in more than a 24 hour period, flooding developed along the Reedy River during the morning, flooding part of Cleveland Park. A tributary of the Reedy may have flooded the intersection of Sulphur Springs Rd and Watkins Rd."
SOUTH CAROLINA,45,2015,Flood,0,0,0,0,10.00K,34.417,-81.766,"A slow-moving area of upper level low pressure tapped into a tropical moisture feed associated with Hurricane Joaquin (located across the western Atlantic, well off the southeast coast) to produce periods of moderate to heavy rainfall across Upstate South Carolina throughout the 3rd and 4th. The main area impacted was the lower Piedmont, which saw storm total amounts in the 7-10 inches range. Much of that fell on the night of the 3rd and early on the 4th, when the most significant flooding developed over these areas. In addition to the flooding, the combination of saturated soils and winds gusting in excess of 20 mph caused many trees to fall across the area, with some trees falling on homes and vehicles. The Upstate was spared the worst of the heavy rain and flooding, as portions of the South Carolina midlands and coastal plain saw storm total amounts of 15-25 inches during this historic event.","After as much as 10 inches of rain fell across Laurens County in a 24 hour period, flooding developed during the early morning of the 4th and continued through the day. Multiple roads were closed throughout the county due to a combination of urban/poor drainage flooding and stream flooding. Streams that flooded included Cane Creek, Little River, and Indian Creek."
SOUTH CAROLINA,45,2015,Heavy Rain,0,0,0,0,5.00K,34.71,-81.62,"A slow-moving area of upper level low pressure tapped into a tropical moisture feed associated with Hurricane Joaquin (located across the western Atlantic, well off the southeast coast) to produce periods of moderate to heavy rainfall across Upstate South Carolina throughout the 3rd and 4th. The main area impacted was the lower Piedmont, which saw storm total amounts in the 7-10 inches range. Much of that fell on the night of the 3rd and early on the 4th, when the most significant flooding developed over these areas. In addition to the flooding, the combination of saturated soils and winds gusting in excess of 20 mph caused many trees to fall across the area, with some trees falling on homes and vehicles. The Upstate was spared the worst of the heavy rain and flooding, as portions of the South Carolina midlands and coastal plain saw storm total amounts of 15-25 inches during this historic event.",Newspaper reported a combination of saturated soil and winds gusting in excess of 20 mph caused a tree to fall on a parked vehicle on Gault Ave.
SOUTH CAROLINA,45,2015,Flood,0,0,0,0,10.00M,33.8275,-79.0168,Torrential rain for several days produced historic river flooding at several areas in Northeast South Carolina.,"Around 15 inches of rain fell over a few days on the basins to the Waccamaw River at Conway.  The river subsequently rose to a major flood, cresting at 16.20 feet, the third highest crest of all time, and the highest crest since Hurricane Floyd.  Over 400 homes were inundated, with evacuations necessary."
SOUTH CAROLINA,45,2015,Flood,0,0,0,0,8.00M,33.6413,-79.8244,Torrential rain for several days produced historic river flooding at several areas in Northeast South Carolina.,"Around 10 to 15 inches of rain fell over a three day period, causing the Black River at Kingstree to rise to a major flood.  The river crested at 22.65 feet, beating the previous record crest in 1973 by nearly three feet.  Several hundred homes were evacuated due to inundation.  The town of Quinby had moderate flooding."
SOUTH CAROLINA,45,2015,Flood,0,0,0,0,0.00K,33.5958,-78.982,"A deep amplitude east coast upper trough closed off across the southeast states for several days while a surface front meandered across the area. Deep moisture from the Gulf of Mexico and Atlantic Ocean continued to feed into the area. Tropical moisture from the periphery of Hurricane Joaquin, well off the coast, helped to boost precipitable water values to near record levels. Rainfall amounts averaged 10 to 15 inches across the area during the event. Some locations received record rainfall amounts and there were reports of up to 2 feet of rain. This produced rare flash flooding. Coastal flooding was significant during the time of high tide. Historic and widespread river flooding followed. A few of the rivers remained above flood stage until mid and late October. There were hundreds of lengthy evacuations due to flooding, but no reports of death or injury. There was significant damage to thousands of structures to include homes and businesses and infrastructure such as roads and bridges as well as personal property. There were reports of overtopped levees and earthen dams. Monetary losses were estimated to be several million dollars.",Water was one foot deep at the intersection of 14th and Ocean.
SOUTH CAROLINA,45,2015,Flood,0,0,0,0,0.00K,33.892,-78.6756,"A deep amplitude east coast upper trough closed off across the southeast states for several days while a surface front meandered across the area. Deep moisture from the Gulf of Mexico and Atlantic Ocean continued to feed into the area. Tropical moisture from the periphery of Hurricane Joaquin, well off the coast, helped to boost precipitable water values to near record levels. Rainfall amounts averaged 10 to 15 inches across the area during the event. Some locations received record rainfall amounts and there were reports of up to 2 feet of rain. This produced rare flash flooding. Coastal flooding was significant during the time of high tide. Historic and widespread river flooding followed. A few of the rivers remained above flood stage until mid and late October. There were hundreds of lengthy evacuations due to flooding, but no reports of death or injury. There was significant damage to thousands of structures to include homes and businesses and infrastructure such as roads and bridges as well as personal property. There were reports of overtopped levees and earthen dams. Monetary losses were estimated to be several million dollars.","Flooding was reported at multiple streets around the town of Myrtle Beach including Hwy 9, 57, and Hwy 17.  Flooding was also reported on Lake Arrow Head Road."
SOUTH CAROLINA,45,2015,Flood,0,0,0,0,0.00K,33.8744,-78.6199,"A deep amplitude east coast upper trough closed off across the southeast states for several days while a surface front meandered across the area. Deep moisture from the Gulf of Mexico and Atlantic Ocean continued to feed into the area. Tropical moisture from the periphery of Hurricane Joaquin, well off the coast, helped to boost precipitable water values to near record levels. Rainfall amounts averaged 10 to 15 inches across the area during the event. Some locations received record rainfall amounts and there were reports of up to 2 feet of rain. This produced rare flash flooding. Coastal flooding was significant during the time of high tide. Historic and widespread river flooding followed. A few of the rivers remained above flood stage until mid and late October. There were hundreds of lengthy evacuations due to flooding, but no reports of death or injury. There was significant damage to thousands of structures to include homes and businesses and infrastructure such as roads and bridges as well as personal property. There were reports of overtopped levees and earthen dams. Monetary losses were estimated to be several million dollars.",Flooding was reported on Hwy 17 near Baldwin Ave.  There were several other reports|of street flooding in the town of Little River.
SOUTH CAROLINA,45,2015,Flash Flood,0,0,0,0,2.00K,33.4422,-79.793,"A deep amplitude east coast upper trough closed off across the southeast states for several days while a surface front meandered across the area. Deep moisture from the Gulf of Mexico and Atlantic Ocean continued to feed into the area. Tropical moisture from the periphery of Hurricane Joaquin, well off the coast, helped to boost precipitable water values to near record levels. Rainfall amounts averaged 10 to 15 inches across the area during the event. Some locations received record rainfall amounts and there were reports of up to 2 feet of rain. This produced rare flash flooding. Coastal flooding was significant during the time of high tide. Historic and widespread river flooding followed. A few of the rivers remained above flood stage until mid and late October. There were hundreds of lengthy evacuations due to flooding, but no reports of death or injury. There was significant damage to thousands of structures to include homes and businesses and infrastructure such as roads and bridges as well as personal property. There were reports of overtopped levees and earthen dams. Monetary losses were estimated to be several million dollars.",June Branch Avenue was reported flooded.
SOUTH CAROLINA,45,2015,Flash Flood,0,0,0,0,2.00K,33.8267,-79.6409,"A deep amplitude east coast upper trough closed off across the southeast states for several days while a surface front meandered across the area. Deep moisture from the Gulf of Mexico and Atlantic Ocean continued to feed into the area. Tropical moisture from the periphery of Hurricane Joaquin, well off the coast, helped to boost precipitable water values to near record levels. Rainfall amounts averaged 10 to 15 inches across the area during the event. Some locations received record rainfall amounts and there were reports of up to 2 feet of rain. This produced rare flash flooding. Coastal flooding was significant during the time of high tide. Historic and widespread river flooding followed. A few of the rivers remained above flood stage until mid and late October. There were hundreds of lengthy evacuations due to flooding, but no reports of death or injury. There was significant damage to thousands of structures to include homes and businesses and infrastructure such as roads and bridges as well as personal property. There were reports of overtopped levees and earthen dams. Monetary losses were estimated to be several million dollars.",Portions of Old Georgetown Road were reported flooded.
SOUTH CAROLINA,45,2015,Flash Flood,0,0,0,0,2.00K,33.5516,-79.2178,"A deep amplitude east coast upper trough closed off across the southeast states for several days while a surface front meandered across the area. Deep moisture from the Gulf of Mexico and Atlantic Ocean continued to feed into the area. Tropical moisture from the periphery of Hurricane Joaquin, well off the coast, helped to boost precipitable water values to near record levels. Rainfall amounts averaged 10 to 15 inches across the area during the event. Some locations received record rainfall amounts and there were reports of up to 2 feet of rain. This produced rare flash flooding. Coastal flooding was significant during the time of high tide. Historic and widespread river flooding followed. A few of the rivers remained above flood stage until mid and late October. There were hundreds of lengthy evacuations due to flooding, but no reports of death or injury. There was significant damage to thousands of structures to include homes and businesses and infrastructure such as roads and bridges as well as personal property. There were reports of overtopped levees and earthen dams. Monetary losses were estimated to be several million dollars.",Portions of Lamb Road were reported flooded.
SOUTH CAROLINA,45,2015,Flash Flood,0,0,0,0,2.00K,33.7837,-79.4715,"A deep amplitude east coast upper trough closed off across the southeast states for several days while a surface front meandered across the area. Deep moisture from the Gulf of Mexico and Atlantic Ocean continued to feed into the area. Tropical moisture from the periphery of Hurricane Joaquin, well off the coast, helped to boost precipitable water values to near record levels. Rainfall amounts averaged 10 to 15 inches across the area during the event. Some locations received record rainfall amounts and there were reports of up to 2 feet of rain. This produced rare flash flooding. Coastal flooding was significant during the time of high tide. Historic and widespread river flooding followed. A few of the rivers remained above flood stage until mid and late October. There were hundreds of lengthy evacuations due to flooding, but no reports of death or injury. There was significant damage to thousands of structures to include homes and businesses and infrastructure such as roads and bridges as well as personal property. There were reports of overtopped levees and earthen dams. Monetary losses were estimated to be several million dollars.",Portions of County Line Road were reported flooded.
SOUTH CAROLINA,45,2015,Flash Flood,0,0,0,0,250.00K,33.8829,-78.578,"A deep amplitude east coast upper trough closed off across the southeast states for several days while a surface front meandered across the area. Deep moisture from the Gulf of Mexico and Atlantic Ocean continued to feed into the area. Tropical moisture from the periphery of Hurricane Joaquin, well off the coast, helped to boost precipitable water values to near record levels. Rainfall amounts averaged 10 to 15 inches across the area during the event. Some locations received record rainfall amounts and there were reports of up to 2 feet of rain. This produced rare flash flooding. Coastal flooding was significant during the time of high tide. Historic and widespread river flooding followed. A few of the rivers remained above flood stage until mid and late October. There were hundreds of lengthy evacuations due to flooding, but no reports of death or injury. There was significant damage to thousands of structures to include homes and businesses and infrastructure such as roads and bridges as well as personal property. There were reports of overtopped levees and earthen dams. Monetary losses were estimated to be several million dollars.","An earthen dam on Heather Lake, near the state line, was overtopped. Significant flooding was reported in Little River and portions of North Myrtle Beach where up to a foot of rain fell during the afternoon and evening. More than 100 homes were reportedly flooded in Little River and 40 homes in North Myrtle Beach. Numerous people had to be rescued from their homes. In addition, several people were rescued from their vehicles which had become stranded in the rapidly rising water."
SOUTH CAROLINA,45,2015,Flood,0,0,0,0,0.00K,34.3111,-79.8684,"A deep amplitude east coast upper trough closed off across the southeast states for several days while a surface front meandered across the area. Deep moisture from the Gulf of Mexico and Atlantic Ocean continued to feed into the area. Tropical moisture from the periphery of Hurricane Joaquin, well off the coast, helped to boost precipitable water values to near record levels. Rainfall amounts averaged 10 to 15 inches across the area during the event. Some locations received record rainfall amounts and there were reports of up to 2 feet of rain. This produced rare flash flooding. Coastal flooding was significant during the time of high tide. Historic and widespread river flooding followed. A few of the rivers remained above flood stage until mid and late October. There were hundreds of lengthy evacuations due to flooding, but no reports of death or injury. There was significant damage to thousands of structures to include homes and businesses and infrastructure such as roads and bridges as well as personal property. There were reports of overtopped levees and earthen dams. Monetary losses were estimated to be several million dollars.",Roads closed in Darlington due to flooding.
SOUTH CAROLINA,45,2015,Flood,0,0,0,0,0.00K,34.14,-79.73,"A deep amplitude east coast upper trough closed off across the southeast states for several days while a surface front meandered across the area. Deep moisture from the Gulf of Mexico and Atlantic Ocean continued to feed into the area. Tropical moisture from the periphery of Hurricane Joaquin, well off the coast, helped to boost precipitable water values to near record levels. Rainfall amounts averaged 10 to 15 inches across the area during the event. Some locations received record rainfall amounts and there were reports of up to 2 feet of rain. This produced rare flash flooding. Coastal flooding was significant during the time of high tide. Historic and widespread river flooding followed. A few of the rivers remained above flood stage until mid and late October. There were hundreds of lengthy evacuations due to flooding, but no reports of death or injury. There was significant damage to thousands of structures to include homes and businesses and infrastructure such as roads and bridges as well as personal property. There were reports of overtopped levees and earthen dams. Monetary losses were estimated to be several million dollars.",Trent Drive and Brandon Woods Road had one to two feet of water on them.
SOUTH CAROLINA,45,2015,Flood,0,0,0,0,10.00K,34.3408,-79.9144,"A deep amplitude east coast upper trough closed off across the southeast states for several days while a surface front meandered across the area. Deep moisture from the Gulf of Mexico and Atlantic Ocean continued to feed into the area. Tropical moisture from the periphery of Hurricane Joaquin, well off the coast, helped to boost precipitable water values to near record levels. Rainfall amounts averaged 10 to 15 inches across the area during the event. Some locations received record rainfall amounts and there were reports of up to 2 feet of rain. This produced rare flash flooding. Coastal flooding was significant during the time of high tide. Historic and widespread river flooding followed. A few of the rivers remained above flood stage until mid and late October. There were hundreds of lengthy evacuations due to flooding, but no reports of death or injury. There was significant damage to thousands of structures to include homes and businesses and infrastructure such as roads and bridges as well as personal property. There were reports of overtopped levees and earthen dams. Monetary losses were estimated to be several million dollars.",Many roads in Darlington county with significant flooding. Road washout along Plantation Road Btw hwy 52 and Pine Dale Rd.
SOUTH CAROLINA,45,2015,Flood,0,0,0,0,10.00K,33.8489,-78.6813,"A deep amplitude east coast upper trough closed off across the southeast states for several days while a surface front meandered across the area. Deep moisture from the Gulf of Mexico and Atlantic Ocean continued to feed into the area. Tropical moisture from the periphery of Hurricane Joaquin, well off the coast, helped to boost precipitable water values to near record levels. Rainfall amounts averaged 10 to 15 inches across the area during the event. Some locations received record rainfall amounts and there were reports of up to 2 feet of rain. This produced rare flash flooding. Coastal flooding was significant during the time of high tide. Historic and widespread river flooding followed. A few of the rivers remained above flood stage until mid and late October. There were hundreds of lengthy evacuations due to flooding, but no reports of death or injury. There was significant damage to thousands of structures to include homes and businesses and infrastructure such as roads and bridges as well as personal property. There were reports of overtopped levees and earthen dams. Monetary losses were estimated to be several million dollars.",The road was washed out on Sandridge Rd.
SOUTH CAROLINA,45,2015,Flash Flood,0,0,0,0,8.00K,34.015,-79.2099,"A deep amplitude east coast upper trough closed off across the southeast states for several days while a surface front meandered across the area. Deep moisture from the Gulf of Mexico and Atlantic Ocean continued to feed into the area. Tropical moisture from the periphery of Hurricane Joaquin, well off the coast, helped to boost precipitable water values to near record levels. Rainfall amounts averaged 10 to 15 inches across the area during the event. Some locations received record rainfall amounts and there were reports of up to 2 feet of rain. This produced rare flash flooding. Coastal flooding was significant during the time of high tide. Historic and widespread river flooding followed. A few of the rivers remained above flood stage until mid and late October. There were hundreds of lengthy evacuations due to flooding, but no reports of death or injury. There was significant damage to thousands of structures to include homes and businesses and infrastructure such as roads and bridges as well as personal property. There were reports of overtopped levees and earthen dams. Monetary losses were estimated to be several million dollars.",Up to 3 feet of water was reportedly flowing across Bud Graham Road.
SOUTH CAROLINA,45,2015,Flash Flood,0,0,0,0,50.00K,33.6168,-78.9811,"A deep amplitude east coast upper trough closed off across the southeast states for several days while a surface front meandered across the area. Deep moisture from the Gulf of Mexico and Atlantic Ocean continued to feed into the area. Tropical moisture from the periphery of Hurricane Joaquin, well off the coast, helped to boost precipitable water values to near record levels. Rainfall amounts averaged 10 to 15 inches across the area during the event. Some locations received record rainfall amounts and there were reports of up to 2 feet of rain. This produced rare flash flooding. Coastal flooding was significant during the time of high tide. Historic and widespread river flooding followed. A few of the rivers remained above flood stage until mid and late October. There were hundreds of lengthy evacuations due to flooding, but no reports of death or injury. There was significant damage to thousands of structures to include homes and businesses and infrastructure such as roads and bridges as well as personal property. There were reports of overtopped levees and earthen dams. Monetary losses were estimated to be several million dollars.",Glenns Bay Road was reportedly flooded between U.S. 17 Business and 17 Bypass. The water was on the verge of entering South Bay Lakes Apartments.
SOUTH CAROLINA,45,2015,Heavy Rain,0,0,0,0,0.00K,34.38,-80.18,"A deep amplitude east coast upper trough closed off across the southeast states for several days while a surface front meandered across the area. Deep moisture from the Gulf of Mexico and Atlantic Ocean continued to feed into the area. Tropical moisture from the periphery of Hurricane Joaquin, well off the coast, helped to boost precipitable water values to near record levels. Rainfall amounts averaged 10 to 15 inches across the area during the event. Some locations received record rainfall amounts and there were reports of up to 2 feet of rain. This produced rare flash flooding. Coastal flooding was significant during the time of high tide. Historic and widespread river flooding followed. A few of the rivers remained above flood stage until mid and late October. There were hundreds of lengthy evacuations due to flooding, but no reports of death or injury. There was significant damage to thousands of structures to include homes and businesses and infrastructure such as roads and bridges as well as personal property. There were reports of overtopped levees and earthen dams. Monetary losses were estimated to be several million dollars.",A resident of the town of Clyde recorded a 24 hour rainfall amount of 5.6.
SOUTH CAROLINA,45,2015,Flood,0,0,0,0,0.00K,34.36,-80,"A deep amplitude east coast upper trough closed off across the southeast states for several days while a surface front meandered across the area. Deep moisture from the Gulf of Mexico and Atlantic Ocean continued to feed into the area. Tropical moisture from the periphery of Hurricane Joaquin, well off the coast, helped to boost precipitable water values to near record levels. Rainfall amounts averaged 10 to 15 inches across the area during the event. Some locations received record rainfall amounts and there were reports of up to 2 feet of rain. This produced rare flash flooding. Coastal flooding was significant during the time of high tide. Historic and widespread river flooding followed. A few of the rivers remained above flood stage until mid and late October. There were hundreds of lengthy evacuations due to flooding, but no reports of death or injury. There was significant damage to thousands of structures to include homes and businesses and infrastructure such as roads and bridges as well as personal property. There were reports of overtopped levees and earthen dams. Monetary losses were estimated to be several million dollars.",West Billy Farrow Road was closed due to flooding.
SOUTH CAROLINA,45,2015,Flood,0,0,0,0,0.00K,34.29,-79.94,"A deep amplitude east coast upper trough closed off across the southeast states for several days while a surface front meandered across the area. Deep moisture from the Gulf of Mexico and Atlantic Ocean continued to feed into the area. Tropical moisture from the periphery of Hurricane Joaquin, well off the coast, helped to boost precipitable water values to near record levels. Rainfall amounts averaged 10 to 15 inches across the area during the event. Some locations received record rainfall amounts and there were reports of up to 2 feet of rain. This produced rare flash flooding. Coastal flooding was significant during the time of high tide. Historic and widespread river flooding followed. A few of the rivers remained above flood stage until mid and late October. There were hundreds of lengthy evacuations due to flooding, but no reports of death or injury. There was significant damage to thousands of structures to include homes and businesses and infrastructure such as roads and bridges as well as personal property. There were reports of overtopped levees and earthen dams. Monetary losses were estimated to be several million dollars.",Flooding was reported on Indian Branch Road.
SOUTH CAROLINA,45,2015,Heavy Rain,0,0,0,0,0.00K,33.93,-78.73,"A deep amplitude east coast upper trough closed off across the southeast states for several days while a surface front meandered across the area. Deep moisture from the Gulf of Mexico and Atlantic Ocean continued to feed into the area. Tropical moisture from the periphery of Hurricane Joaquin, well off the coast, helped to boost precipitable water values to near record levels. Rainfall amounts averaged 10 to 15 inches across the area during the event. Some locations received record rainfall amounts and there were reports of up to 2 feet of rain. This produced rare flash flooding. Coastal flooding was significant during the time of high tide. Historic and widespread river flooding followed. A few of the rivers remained above flood stage until mid and late October. There were hundreds of lengthy evacuations due to flooding, but no reports of death or injury. There was significant damage to thousands of structures to include homes and businesses and infrastructure such as roads and bridges as well as personal property. There were reports of overtopped levees and earthen dams. Monetary losses were estimated to be several million dollars.",A co-op observer in the town of Longs reported 14.93 of rainfall in approximately the last 30 hours.
SOUTH CAROLINA,45,2015,Flash Flood,0,0,0,0,4.00K,33.6433,-78.9371,"A deep amplitude east coast upper trough closed off across the southeast states for several days while a surface front meandered across the area. Deep moisture from the Gulf of Mexico and Atlantic Ocean continued to feed into the area. Tropical moisture from the periphery of Hurricane Joaquin, well off the coast, helped to boost precipitable water values to near record levels. Rainfall amounts averaged 10 to 15 inches across the area during the event. Some locations received record rainfall amounts and there were reports of up to 2 feet of rain. This produced rare flash flooding. Coastal flooding was significant during the time of high tide. Historic and widespread river flooding followed. A few of the rivers remained above flood stage until mid and late October. There were hundreds of lengthy evacuations due to flooding, but no reports of death or injury. There was significant damage to thousands of structures to include homes and businesses and infrastructure such as roads and bridges as well as personal property. There were reports of overtopped levees and earthen dams. Monetary losses were estimated to be several million dollars.",Flooding was reported along Dogwood Drive.
SOUTH CAROLINA,45,2015,Flash Flood,0,0,0,0,50.00K,33.6903,-78.9027,"A deep amplitude east coast upper trough closed off across the southeast states for several days while a surface front meandered across the area. Deep moisture from the Gulf of Mexico and Atlantic Ocean continued to feed into the area. Tropical moisture from the periphery of Hurricane Joaquin, well off the coast, helped to boost precipitable water values to near record levels. Rainfall amounts averaged 10 to 15 inches across the area during the event. Some locations received record rainfall amounts and there were reports of up to 2 feet of rain. This produced rare flash flooding. Coastal flooding was significant during the time of high tide. Historic and widespread river flooding followed. A few of the rivers remained above flood stage until mid and late October. There were hundreds of lengthy evacuations due to flooding, but no reports of death or injury. There was significant damage to thousands of structures to include homes and businesses and infrastructure such as roads and bridges as well as personal property. There were reports of overtopped levees and earthen dams. Monetary losses were estimated to be several million dollars.","Flooding was reported to include Kings Highway at 5th Avenue, Highway 15 at 5th Avenue and Boundary Street and adjacent areas."
SOUTH CAROLINA,45,2015,Flash Flood,0,0,0,0,10.00K,33.6898,-78.887200000000007,"A deep amplitude east coast upper trough closed off across the southeast states for several days while a surface front meandered across the area. Deep moisture from the Gulf of Mexico and Atlantic Ocean continued to feed into the area. Tropical moisture from the periphery of Hurricane Joaquin, well off the coast, helped to boost precipitable water values to near record levels. Rainfall amounts averaged 10 to 15 inches across the area during the event. Some locations received record rainfall amounts and there were reports of up to 2 feet of rain. This produced rare flash flooding. Coastal flooding was significant during the time of high tide. Historic and widespread river flooding followed. A few of the rivers remained above flood stage until mid and late October. There were hundreds of lengthy evacuations due to flooding, but no reports of death or injury. There was significant damage to thousands of structures to include homes and businesses and infrastructure such as roads and bridges as well as personal property. There were reports of overtopped levees and earthen dams. Monetary losses were estimated to be several million dollars.",Roadway was reported impassable at the post office on 5th Avenue N. A car was stalled in flood waters on roadway.
SOUTH CAROLINA,45,2015,Flood,0,0,0,0,0.00K,34.3732,-80.0315,"A deep amplitude east coast upper trough closed off across the southeast states for several days while a surface front meandered across the area. Deep moisture from the Gulf of Mexico and Atlantic Ocean continued to feed into the area. Tropical moisture from the periphery of Hurricane Joaquin, well off the coast, helped to boost precipitable water values to near record levels. Rainfall amounts averaged 10 to 15 inches across the area during the event. Some locations received record rainfall amounts and there were reports of up to 2 feet of rain. This produced rare flash flooding. Coastal flooding was significant during the time of high tide. Historic and widespread river flooding followed. A few of the rivers remained above flood stage until mid and late October. There were hundreds of lengthy evacuations due to flooding, but no reports of death or injury. There was significant damage to thousands of structures to include homes and businesses and infrastructure such as roads and bridges as well as personal property. There were reports of overtopped levees and earthen dams. Monetary losses were estimated to be several million dollars.",Flooding was reported on E Billy Farrow Hwy near the railroad crossing.
SOUTH CAROLINA,45,2015,Flood,0,0,0,0,10.00K,34.0434,-78.8648,"A deep amplitude east coast upper trough closed off across the southeast states for several days while a surface front meandered across the area. Deep moisture from the Gulf of Mexico and Atlantic Ocean continued to feed into the area. Tropical moisture from the periphery of Hurricane Joaquin, well off the coast, helped to boost precipitable water values to near record levels. Rainfall amounts averaged 10 to 15 inches across the area during the event. Some locations received record rainfall amounts and there were reports of up to 2 feet of rain. This produced rare flash flooding. Coastal flooding was significant during the time of high tide. Historic and widespread river flooding followed. A few of the rivers remained above flood stage until mid and late October. There were hundreds of lengthy evacuations due to flooding, but no reports of death or injury. There was significant damage to thousands of structures to include homes and businesses and infrastructure such as roads and bridges as well as personal property. There were reports of overtopped levees and earthen dams. Monetary losses were estimated to be several million dollars.",Heritage Road is washed out.
SOUTH CAROLINA,45,2015,Heavy Rain,0,0,0,0,0.00K,33.4855,-79.146,"A deep amplitude east coast upper trough closed off across the southeast states for several days while a surface front meandered across the area. Deep moisture from the Gulf of Mexico and Atlantic Ocean continued to feed into the area. Tropical moisture from the periphery of Hurricane Joaquin, well off the coast, helped to boost precipitable water values to near record levels. Rainfall amounts averaged 10 to 15 inches across the area during the event. Some locations received record rainfall amounts and there were reports of up to 2 feet of rain. This produced rare flash flooding. Coastal flooding was significant during the time of high tide. Historic and widespread river flooding followed. A few of the rivers remained above flood stage until mid and late October. There were hundreds of lengthy evacuations due to flooding, but no reports of death or injury. There was significant damage to thousands of structures to include homes and businesses and infrastructure such as roads and bridges as well as personal property. There were reports of overtopped levees and earthen dams. Monetary losses were estimated to be several million dollars.",A Cocorahs station measured 7.43 of rainfall.
SOUTH CAROLINA,45,2015,Heavy Rain,0,0,0,0,0.00K,33.8993,-78.693,"A deep amplitude east coast upper trough closed off across the southeast states for several days while a surface front meandered across the area. Deep moisture from the Gulf of Mexico and Atlantic Ocean continued to feed into the area. Tropical moisture from the periphery of Hurricane Joaquin, well off the coast, helped to boost precipitable water values to near record levels. Rainfall amounts averaged 10 to 15 inches across the area during the event. Some locations received record rainfall amounts and there were reports of up to 2 feet of rain. This produced rare flash flooding. Coastal flooding was significant during the time of high tide. Historic and widespread river flooding followed. A few of the rivers remained above flood stage until mid and late October. There were hundreds of lengthy evacuations due to flooding, but no reports of death or injury. There was significant damage to thousands of structures to include homes and businesses and infrastructure such as roads and bridges as well as personal property. There were reports of overtopped levees and earthen dams. Monetary losses were estimated to be several million dollars.",A two day total rainfall was measured at 21.14.
SOUTH CAROLINA,45,2015,Flash Flood,0,0,0,0,50.00K,33.85,-79.0641,"A deep amplitude east coast upper trough closed off across the southeast states for several days while a surface front meandered across the area. Deep moisture from the Gulf of Mexico and Atlantic Ocean continued to feed into the area. Tropical moisture from the periphery of Hurricane Joaquin, well off the coast, helped to boost precipitable water values to near record levels. Rainfall amounts averaged 10 to 15 inches across the area during the event. Some locations received record rainfall amounts and there were reports of up to 2 feet of rain. This produced rare flash flooding. Coastal flooding was significant during the time of high tide. Historic and widespread river flooding followed. A few of the rivers remained above flood stage until mid and late October. There were hundreds of lengthy evacuations due to flooding, but no reports of death or injury. There was significant damage to thousands of structures to include homes and businesses and infrastructure such as roads and bridges as well as personal property. There were reports of overtopped levees and earthen dams. Monetary losses were estimated to be several million dollars.",Flood waters were reportedly entering homes along and near Mill Pond Road.
SOUTH CAROLINA,45,2015,Flash Flood,0,0,0,0,25.00K,33.7674,-79.0094,"A deep amplitude east coast upper trough closed off across the southeast states for several days while a surface front meandered across the area. Deep moisture from the Gulf of Mexico and Atlantic Ocean continued to feed into the area. Tropical moisture from the periphery of Hurricane Joaquin, well off the coast, helped to boost precipitable water values to near record levels. Rainfall amounts averaged 10 to 15 inches across the area during the event. Some locations received record rainfall amounts and there were reports of up to 2 feet of rain. This produced rare flash flooding. Coastal flooding was significant during the time of high tide. Historic and widespread river flooding followed. A few of the rivers remained above flood stage until mid and late October. There were hundreds of lengthy evacuations due to flooding, but no reports of death or injury. There was significant damage to thousands of structures to include homes and businesses and infrastructure such as roads and bridges as well as personal property. There were reports of overtopped levees and earthen dams. Monetary losses were estimated to be several million dollars.",Minsteris Drive was reportedly impassable due to flood waters.
SOUTH CAROLINA,45,2015,Flash Flood,0,0,0,0,75.00K,33.8746,-78.9843,"A deep amplitude east coast upper trough closed off across the southeast states for several days while a surface front meandered across the area. Deep moisture from the Gulf of Mexico and Atlantic Ocean continued to feed into the area. Tropical moisture from the periphery of Hurricane Joaquin, well off the coast, helped to boost precipitable water values to near record levels. Rainfall amounts averaged 10 to 15 inches across the area during the event. Some locations received record rainfall amounts and there were reports of up to 2 feet of rain. This produced rare flash flooding. Coastal flooding was significant during the time of high tide. Historic and widespread river flooding followed. A few of the rivers remained above flood stage until mid and late October. There were hundreds of lengthy evacuations due to flooding, but no reports of death or injury. There was significant damage to thousands of structures to include homes and businesses and infrastructure such as roads and bridges as well as personal property. There were reports of overtopped levees and earthen dams. Monetary losses were estimated to be several million dollars.",About a foot of water was flowing across portions  of Highway 19 and Highway 472. Adjacent areas were also flooded.
SOUTH CAROLINA,45,2015,Flash Flood,0,0,0,0,60.00K,33.3885,-79.374,"A deep amplitude east coast upper trough closed off across the southeast states for several days while a surface front meandered across the area. Deep moisture from the Gulf of Mexico and Atlantic Ocean continued to feed into the area. Tropical moisture from the periphery of Hurricane Joaquin, well off the coast, helped to boost precipitable water values to near record levels. Rainfall amounts averaged 10 to 15 inches across the area during the event. Some locations received record rainfall amounts and there were reports of up to 2 feet of rain. This produced rare flash flooding. Coastal flooding was significant during the time of high tide. Historic and widespread river flooding followed. A few of the rivers remained above flood stage until mid and late October. There were hundreds of lengthy evacuations due to flooding, but no reports of death or injury. There was significant damage to thousands of structures to include homes and businesses and infrastructure such as roads and bridges as well as personal property. There were reports of overtopped levees and earthen dams. Monetary losses were estimated to be several million dollars.",The Sampit River was reportedly overflowing. Areas adjacent to the river were being flooded.
SOUTH CAROLINA,45,2015,Flash Flood,0,0,0,0,60.00K,33.9216,-79.1488,"A deep amplitude east coast upper trough closed off across the southeast states for several days while a surface front meandered across the area. Deep moisture from the Gulf of Mexico and Atlantic Ocean continued to feed into the area. Tropical moisture from the periphery of Hurricane Joaquin, well off the coast, helped to boost precipitable water values to near record levels. Rainfall amounts averaged 10 to 15 inches across the area during the event. Some locations received record rainfall amounts and there were reports of up to 2 feet of rain. This produced rare flash flooding. Coastal flooding was significant during the time of high tide. Historic and widespread river flooding followed. A few of the rivers remained above flood stage until mid and late October. There were hundreds of lengthy evacuations due to flooding, but no reports of death or injury. There was significant damage to thousands of structures to include homes and businesses and infrastructure such as roads and bridges as well as personal property. There were reports of overtopped levees and earthen dams. Monetary losses were estimated to be several million dollars.",Highway 501 near Highway 22 was reported closed due to flooding. A portion of the roadway was washed out.
SOUTH CAROLINA,45,2015,Flash Flood,0,0,0,0,70.00K,34.0011,-79.5735,"A deep amplitude east coast upper trough closed off across the southeast states for several days while a surface front meandered across the area. Deep moisture from the Gulf of Mexico and Atlantic Ocean continued to feed into the area. Tropical moisture from the periphery of Hurricane Joaquin, well off the coast, helped to boost precipitable water values to near record levels. Rainfall amounts averaged 10 to 15 inches across the area during the event. Some locations received record rainfall amounts and there were reports of up to 2 feet of rain. This produced rare flash flooding. Coastal flooding was significant during the time of high tide. Historic and widespread river flooding followed. A few of the rivers remained above flood stage until mid and late October. There were hundreds of lengthy evacuations due to flooding, but no reports of death or injury. There was significant damage to thousands of structures to include homes and businesses and infrastructure such as roads and bridges as well as personal property. There were reports of overtopped levees and earthen dams. Monetary losses were estimated to be several million dollars.",Roadway collapsed due to flood waters. A person attempting to retrieve his vehicle from the flooded area was swept away by water. He was rescued by the sheriff's department and was not injured.
SOUTH CAROLINA,45,2015,Flash Flood,0,0,0,0,250.00K,33.6332,-78.9672,"A deep amplitude east coast upper trough closed off across the southeast states for several days while a surface front meandered across the area. Deep moisture from the Gulf of Mexico and Atlantic Ocean continued to feed into the area. Tropical moisture from the periphery of Hurricane Joaquin, well off the coast, helped to boost precipitable water values to near record levels. Rainfall amounts averaged 10 to 15 inches across the area during the event. Some locations received record rainfall amounts and there were reports of up to 2 feet of rain. This produced rare flash flooding. Coastal flooding was significant during the time of high tide. Historic and widespread river flooding followed. A few of the rivers remained above flood stage until mid and late October. There were hundreds of lengthy evacuations due to flooding, but no reports of death or injury. There was significant damage to thousands of structures to include homes and businesses and infrastructure such as roads and bridges as well as personal property. There were reports of overtopped levees and earthen dams. Monetary losses were estimated to be several million dollars.",Dick Pond Road and adjacent properties were reported flooded.
SOUTH CAROLINA,45,2015,Flash Flood,0,0,0,0,80.00K,34.1733,-79.8873,"A deep amplitude east coast upper trough closed off across the southeast states for several days while a surface front meandered across the area. Deep moisture from the Gulf of Mexico and Atlantic Ocean continued to feed into the area. Tropical moisture from the periphery of Hurricane Joaquin, well off the coast, helped to boost precipitable water values to near record levels. Rainfall amounts averaged 10 to 15 inches across the area during the event. Some locations received record rainfall amounts and there were reports of up to 2 feet of rain. This produced rare flash flooding. Coastal flooding was significant during the time of high tide. Historic and widespread river flooding followed. A few of the rivers remained above flood stage until mid and late October. There were hundreds of lengthy evacuations due to flooding, but no reports of death or injury. There was significant damage to thousands of structures to include homes and businesses and infrastructure such as roads and bridges as well as personal property. There were reports of overtopped levees and earthen dams. Monetary losses were estimated to be several million dollars.",Flood waters reportedly washed out Pelican Lane near Lake Oakdale Drive.
SOUTH CAROLINA,45,2015,Flash Flood,0,0,0,0,728.55K,32.81,-79.96,"A historic flooding event affected the Carolinas from October 1-7, 2015. A stalled front offshore combined with deep tropical moisture streaming northwest into the area ahead of a strong upper level low pressure system to the west and Hurricane Joaquin well to the east. This led to historic 4-day rainfall totals with  widespread amounts of 15-20 inches and localized amounts over 25 inches, mainly in the Charleston Tri-County area.  Flash flooding was prevalent for several days and eventually led to Flash Flood Emergencies for Charleston, Berkeley, Dorchester and Colleton counties during the morning hours of October 4, 2015.  Many people had to be rescued by emergency personnel while significant damage occurred to numerous properties and roads. Tides were also historically high due to the recent perigean spring tide and persistent onshore winds, exacerbating and prolonging flooding across the area and along the coast, especially in downtown Charleston. ||The most significant flooding occurred in areas along and near smaller creeks and streams, especially those that were tributaries to larger rivers such as the Edisto, Ashley, Cooper, and Santee. In addition to impacting thousands of homes and businesses, flood waters also damaged many roads and bridges in the area, causing significant travel disruptions that lasted for multiple days. Furthermore, some roads and bridges were so badly damaged that it will likely take weeks to months to repair.||As of 12/31/15, a SCEMD report indicated an estimated total monetary damage of $4,533,337 in Berkeley County, $18,213,860 in Charleston County, $2,030,879 in Colleton County and $6,186,909 in Dorchester County for the flood event. Total costs for each county have been divided equally to each flash flood report within that particular county for this flood event and are considered estimates only.","Law enforcement and social media images indicated several road closures due to flooding in downtown Charleston.  Road intersections closed included North Market Street at East Bay Street, South Market Street at Meeting Street, Huger Street at King Street, Line Street at Hagood Avenue, Nassau Street at Cooper Street, Hagood Avenue at Fishburne Street, President Street at Cannon Street and the Crosstown Expressway. Up to a foot of water was also reported in some homes in Middleton Place within Wagener Terrace."
SOUTH CAROLINA,45,2015,Thunderstorm Wind,0,0,0,0,NA,32.8,-79.88,"A historic flooding event affected the Carolinas from October 1-7, 2015. A stalled front offshore combined with deep tropical moisture streaming northwest into the area ahead of a strong upper level low pressure system to the west and Hurricane Joaquin well to the east. This led to historic 4-day rainfall totals with  widespread amounts of 15-20 inches and localized amounts over 25 inches, mainly in the Charleston Tri-County area.  Flash flooding was prevalent for several days and eventually led to Flash Flood Emergencies for Charleston, Berkeley, Dorchester and Colleton counties during the morning hours of October 4, 2015.  Many people had to be rescued by emergency personnel while significant damage occurred to numerous properties and roads. Tides were also historically high due to the recent perigean spring tide and persistent onshore winds, exacerbating and prolonging flooding across the area and along the coast, especially in downtown Charleston. ||The most significant flooding occurred in areas along and near smaller creeks and streams, especially those that were tributaries to larger rivers such as the Edisto, Ashley, Cooper, and Santee. In addition to impacting thousands of homes and businesses, flood waters also damaged many roads and bridges in the area, causing significant travel disruptions that lasted for multiple days. Furthermore, some roads and bridges were so badly damaged that it will likely take weeks to months to repair.||As of 12/31/15, a SCEMD report indicated an estimated total monetary damage of $4,533,337 in Berkeley County, $18,213,860 in Charleston County, $2,030,879 in Colleton County and $6,186,909 in Dorchester County for the flood event. Total costs for each county have been divided equally to each flash flood report within that particular county for this flood event and are considered estimates only.",The public reported a tree down in Cooper Estates. The tree went through the front door of a home.
SOUTH CAROLINA,45,2015,Flash Flood,0,0,0,0,728.55K,32.7711,-79.9362,"A historic flooding event affected the Carolinas from October 1-7, 2015. A stalled front offshore combined with deep tropical moisture streaming northwest into the area ahead of a strong upper level low pressure system to the west and Hurricane Joaquin well to the east. This led to historic 4-day rainfall totals with  widespread amounts of 15-20 inches and localized amounts over 25 inches, mainly in the Charleston Tri-County area.  Flash flooding was prevalent for several days and eventually led to Flash Flood Emergencies for Charleston, Berkeley, Dorchester and Colleton counties during the morning hours of October 4, 2015.  Many people had to be rescued by emergency personnel while significant damage occurred to numerous properties and roads. Tides were also historically high due to the recent perigean spring tide and persistent onshore winds, exacerbating and prolonging flooding across the area and along the coast, especially in downtown Charleston. ||The most significant flooding occurred in areas along and near smaller creeks and streams, especially those that were tributaries to larger rivers such as the Edisto, Ashley, Cooper, and Santee. In addition to impacting thousands of homes and businesses, flood waters also damaged many roads and bridges in the area, causing significant travel disruptions that lasted for multiple days. Furthermore, some roads and bridges were so badly damaged that it will likely take weeks to months to repair.||As of 12/31/15, a SCEMD report indicated an estimated total monetary damage of $4,533,337 in Berkeley County, $18,213,860 in Charleston County, $2,030,879 in Colleton County and $6,186,909 in Dorchester County for the flood event. Total costs for each county have been divided equally to each flash flood report within that particular county for this flood event and are considered estimates only.","Law enforcement and firefighters reported widespread flooding in downtown Charleston resulting in several water rescues and numerous road closures. Roads and intersections closed due to flooding included Beaufain Street between Lockwood Boulevard and Coming Street, Washington Street between Calhoun Street and Hassell Street, Morris Street between Coming Street and Smith Street, Huger Street between Senate Street and Benson Street, Rutledge Avenue and Ashely Avenue between Calhoun Street and Bennett Street, Vanderhorst Street between Rutledge Avenue and Coming Street, Rutledge Avenue between Fishburne Street and Sheppard Street, President Street between Highway 17 and Fishburne Street, Pinckney Street between Meeting Street and Church Street, Highway 17 between Cannon Street and Coming Street, the Crosstown Expressway, Calhoun Street at the intersection of Smith Street and Lockwood Boulevard at the intersection of Broad Street."
SOUTH CAROLINA,45,2015,Flash Flood,0,0,0,0,728.55K,32.9,-79.82,"A historic flooding event affected the Carolinas from October 1-7, 2015. A stalled front offshore combined with deep tropical moisture streaming northwest into the area ahead of a strong upper level low pressure system to the west and Hurricane Joaquin well to the east. This led to historic 4-day rainfall totals with  widespread amounts of 15-20 inches and localized amounts over 25 inches, mainly in the Charleston Tri-County area.  Flash flooding was prevalent for several days and eventually led to Flash Flood Emergencies for Charleston, Berkeley, Dorchester and Colleton counties during the morning hours of October 4, 2015.  Many people had to be rescued by emergency personnel while significant damage occurred to numerous properties and roads. Tides were also historically high due to the recent perigean spring tide and persistent onshore winds, exacerbating and prolonging flooding across the area and along the coast, especially in downtown Charleston. ||The most significant flooding occurred in areas along and near smaller creeks and streams, especially those that were tributaries to larger rivers such as the Edisto, Ashley, Cooper, and Santee. In addition to impacting thousands of homes and businesses, flood waters also damaged many roads and bridges in the area, causing significant travel disruptions that lasted for multiple days. Furthermore, some roads and bridges were so badly damaged that it will likely take weeks to months to repair.||As of 12/31/15, a SCEMD report indicated an estimated total monetary damage of $4,533,337 in Berkeley County, $18,213,860 in Charleston County, $2,030,879 in Colleton County and $6,186,909 in Dorchester County for the flood event. Total costs for each county have been divided equally to each flash flood report within that particular county for this flood event and are considered estimates only.","Law enforcement reported several roads and intersections closed due to flooding in Mount Pleasant. Roads closed included Highway 41 at the intersection of Dunes West Boulevard, Dunes West Boulevard at the intersection of Kings Gate Lane, National Drive from the Porchers Bluff Road traffic circle, Rivertowne Parkway at the Rivertowne County Club, Carolina Park Boulevard at the intersection of Darrell Creek Trail, Guerins Bridge Road and Highway 41 between Bessemer Road and Holbeck Creek. A NWS employee also reported roads flooded and impassable due to high water in the Rivertowne subdivision."
SOUTH CAROLINA,45,2015,Flash Flood,0,0,0,0,3093.45K,33.0518,-80.2242,"A historic flooding event affected the Carolinas from October 1-7, 2015. A stalled front offshore combined with deep tropical moisture streaming northwest into the area ahead of a strong upper level low pressure system to the west and Hurricane Joaquin well to the east. This led to historic 4-day rainfall totals with  widespread amounts of 15-20 inches and localized amounts over 25 inches, mainly in the Charleston Tri-County area.  Flash flooding was prevalent for several days and eventually led to Flash Flood Emergencies for Charleston, Berkeley, Dorchester and Colleton counties during the morning hours of October 4, 2015.  Many people had to be rescued by emergency personnel while significant damage occurred to numerous properties and roads. Tides were also historically high due to the recent perigean spring tide and persistent onshore winds, exacerbating and prolonging flooding across the area and along the coast, especially in downtown Charleston. ||The most significant flooding occurred in areas along and near smaller creeks and streams, especially those that were tributaries to larger rivers such as the Edisto, Ashley, Cooper, and Santee. In addition to impacting thousands of homes and businesses, flood waters also damaged many roads and bridges in the area, causing significant travel disruptions that lasted for multiple days. Furthermore, some roads and bridges were so badly damaged that it will likely take weeks to months to repair.||As of 12/31/15, a SCEMD report indicated an estimated total monetary damage of $4,533,337 in Berkeley County, $18,213,860 in Charleston County, $2,030,879 in Colleton County and $6,186,909 in Dorchester County for the flood event. Total costs for each county have been divided equally to each flash flood report within that particular county for this flood event and are considered estimates only.","Law enforcement, media and social media posts indicated widespread flooding around Summerville and Wescott Plantation. Roads closed included Orangeburg Road at the intersection of Greenwave Boulevard, Ashley River Road at the intersection of Bacons Bridge Road and Wescott Boulevard between Ballantine Drive and Patriot Boulevard. The Dorchester SPCA building was also flooded with dogs standing in water inside their kennels. Dogs and other animals were being moved to safe locations. An off duty NWS employee also reported a tree down along South Main Street with damage to a structure and a vehicle."
SOUTH CAROLINA,45,2015,Flash Flood,0,0,0,0,647.62K,33.0023,-80.0339,"A historic flooding event affected the Carolinas from October 1-7, 2015. A stalled front offshore combined with deep tropical moisture streaming northwest into the area ahead of a strong upper level low pressure system to the west and Hurricane Joaquin well to the east. This led to historic 4-day rainfall totals with  widespread amounts of 15-20 inches and localized amounts over 25 inches, mainly in the Charleston Tri-County area.  Flash flooding was prevalent for several days and eventually led to Flash Flood Emergencies for Charleston, Berkeley, Dorchester and Colleton counties during the morning hours of October 4, 2015.  Many people had to be rescued by emergency personnel while significant damage occurred to numerous properties and roads. Tides were also historically high due to the recent perigean spring tide and persistent onshore winds, exacerbating and prolonging flooding across the area and along the coast, especially in downtown Charleston. ||The most significant flooding occurred in areas along and near smaller creeks and streams, especially those that were tributaries to larger rivers such as the Edisto, Ashley, Cooper, and Santee. In addition to impacting thousands of homes and businesses, flood waters also damaged many roads and bridges in the area, causing significant travel disruptions that lasted for multiple days. Furthermore, some roads and bridges were so badly damaged that it will likely take weeks to months to repair.||As of 12/31/15, a SCEMD report indicated an estimated total monetary damage of $4,533,337 in Berkeley County, $18,213,860 in Charleston County, $2,030,879 in Colleton County and $6,186,909 in Dorchester County for the flood event. Total costs for each county have been divided equally to each flash flood report within that particular county for this flood event and are considered estimates only.",Law enforcement reported flood waters in homes on Lindy Creek Road.
SOUTH CAROLINA,45,2015,Flash Flood,0,0,0,0,728.55K,32.79,-80.02,"A historic flooding event affected the Carolinas from October 1-7, 2015. A stalled front offshore combined with deep tropical moisture streaming northwest into the area ahead of a strong upper level low pressure system to the west and Hurricane Joaquin well to the east. This led to historic 4-day rainfall totals with  widespread amounts of 15-20 inches and localized amounts over 25 inches, mainly in the Charleston Tri-County area.  Flash flooding was prevalent for several days and eventually led to Flash Flood Emergencies for Charleston, Berkeley, Dorchester and Colleton counties during the morning hours of October 4, 2015.  Many people had to be rescued by emergency personnel while significant damage occurred to numerous properties and roads. Tides were also historically high due to the recent perigean spring tide and persistent onshore winds, exacerbating and prolonging flooding across the area and along the coast, especially in downtown Charleston. ||The most significant flooding occurred in areas along and near smaller creeks and streams, especially those that were tributaries to larger rivers such as the Edisto, Ashley, Cooper, and Santee. In addition to impacting thousands of homes and businesses, flood waters also damaged many roads and bridges in the area, causing significant travel disruptions that lasted for multiple days. Furthermore, some roads and bridges were so badly damaged that it will likely take weeks to months to repair.||As of 12/31/15, a SCEMD report indicated an estimated total monetary damage of $4,533,337 in Berkeley County, $18,213,860 in Charleston County, $2,030,879 in Colleton County and $6,186,909 in Dorchester County for the flood event. Total costs for each county have been divided equally to each flash flood report within that particular county for this flood event and are considered estimates only.",Firefighters reported water entering homes near the intersection of Wapoo Road and Elsey Drive. The intersection of West Oak Forest Drive and Oak Forest Drive was also closed due to flooding.
SOUTH CAROLINA,45,2015,Flash Flood,0,0,0,0,728.55K,32.8271,-79.941,"A historic flooding event affected the Carolinas from October 1-7, 2015. A stalled front offshore combined with deep tropical moisture streaming northwest into the area ahead of a strong upper level low pressure system to the west and Hurricane Joaquin well to the east. This led to historic 4-day rainfall totals with  widespread amounts of 15-20 inches and localized amounts over 25 inches, mainly in the Charleston Tri-County area.  Flash flooding was prevalent for several days and eventually led to Flash Flood Emergencies for Charleston, Berkeley, Dorchester and Colleton counties during the morning hours of October 4, 2015.  Many people had to be rescued by emergency personnel while significant damage occurred to numerous properties and roads. Tides were also historically high due to the recent perigean spring tide and persistent onshore winds, exacerbating and prolonging flooding across the area and along the coast, especially in downtown Charleston. ||The most significant flooding occurred in areas along and near smaller creeks and streams, especially those that were tributaries to larger rivers such as the Edisto, Ashley, Cooper, and Santee. In addition to impacting thousands of homes and businesses, flood waters also damaged many roads and bridges in the area, causing significant travel disruptions that lasted for multiple days. Furthermore, some roads and bridges were so badly damaged that it will likely take weeks to months to repair.||As of 12/31/15, a SCEMD report indicated an estimated total monetary damage of $4,533,337 in Berkeley County, $18,213,860 in Charleston County, $2,030,879 in Colleton County and $6,186,909 in Dorchester County for the flood event. Total costs for each county have been divided equally to each flash flood report within that particular county for this flood event and are considered estimates only.","Law enforcement and media reported several roads closed due to flooding in North Charleston and Hanahan. Roads and intersections closed included Rivers Avenue between Reynolds Avenue and Success Street, Rivers Avenue at the intersection of Eagle Drive and the intersection of Otranto Road, Spruill Avenue at the intersection with Buist Avenue, Remount Road at the intersection with Blackwell Street and Dorchester Road at the intersection with Transfer Street. Water in excess of 3 feet depth was also entering at least one home in the 2000 block of Little Avenue with residents being escorted from their property by law enforcement. Macon Avenue at the intersection with Meeting Street was also closed due to a portion of the road collapsing."
SOUTH CAROLINA,45,2015,Flash Flood,0,0,0,0,728.55K,32.79,-80.11,"A historic flooding event affected the Carolinas from October 1-7, 2015. A stalled front offshore combined with deep tropical moisture streaming northwest into the area ahead of a strong upper level low pressure system to the west and Hurricane Joaquin well to the east. This led to historic 4-day rainfall totals with  widespread amounts of 15-20 inches and localized amounts over 25 inches, mainly in the Charleston Tri-County area.  Flash flooding was prevalent for several days and eventually led to Flash Flood Emergencies for Charleston, Berkeley, Dorchester and Colleton counties during the morning hours of October 4, 2015.  Many people had to be rescued by emergency personnel while significant damage occurred to numerous properties and roads. Tides were also historically high due to the recent perigean spring tide and persistent onshore winds, exacerbating and prolonging flooding across the area and along the coast, especially in downtown Charleston. ||The most significant flooding occurred in areas along and near smaller creeks and streams, especially those that were tributaries to larger rivers such as the Edisto, Ashley, Cooper, and Santee. In addition to impacting thousands of homes and businesses, flood waters also damaged many roads and bridges in the area, causing significant travel disruptions that lasted for multiple days. Furthermore, some roads and bridges were so badly damaged that it will likely take weeks to months to repair.||As of 12/31/15, a SCEMD report indicated an estimated total monetary damage of $4,533,337 in Berkeley County, $18,213,860 in Charleston County, $2,030,879 in Colleton County and $6,186,909 in Dorchester County for the flood event. Total costs for each county have been divided equally to each flash flood report within that particular county for this flood event and are considered estimates only.",Law enforcement reports that Main Road is closed due to flooding between Highway 17 and River Road.
SOUTH CAROLINA,45,2015,Flash Flood,0,0,0,0,728.55K,32.7923,-79.8522,"A historic flooding event affected the Carolinas from October 1-7, 2015. A stalled front offshore combined with deep tropical moisture streaming northwest into the area ahead of a strong upper level low pressure system to the west and Hurricane Joaquin well to the east. This led to historic 4-day rainfall totals with  widespread amounts of 15-20 inches and localized amounts over 25 inches, mainly in the Charleston Tri-County area.  Flash flooding was prevalent for several days and eventually led to Flash Flood Emergencies for Charleston, Berkeley, Dorchester and Colleton counties during the morning hours of October 4, 2015.  Many people had to be rescued by emergency personnel while significant damage occurred to numerous properties and roads. Tides were also historically high due to the recent perigean spring tide and persistent onshore winds, exacerbating and prolonging flooding across the area and along the coast, especially in downtown Charleston. ||The most significant flooding occurred in areas along and near smaller creeks and streams, especially those that were tributaries to larger rivers such as the Edisto, Ashley, Cooper, and Santee. In addition to impacting thousands of homes and businesses, flood waters also damaged many roads and bridges in the area, causing significant travel disruptions that lasted for multiple days. Furthermore, some roads and bridges were so badly damaged that it will likely take weeks to months to repair.||As of 12/31/15, a SCEMD report indicated an estimated total monetary damage of $4,533,337 in Berkeley County, $18,213,860 in Charleston County, $2,030,879 in Colleton County and $6,186,909 in Dorchester County for the flood event. Total costs for each county have been divided equally to each flash flood report within that particular county for this flood event and are considered estimates only.",Broadcast Media reported the intersection of Ben Sawyer Boulevard and Center Street closed due to flooding. Law enforcement also reported Mill Street closed due to flooding at the Shem Creek Boat Landing.
SOUTH CAROLINA,45,2015,Flash Flood,0,0,0,0,728.55K,32.7035,-79.9465,"A historic flooding event affected the Carolinas from October 1-7, 2015. A stalled front offshore combined with deep tropical moisture streaming northwest into the area ahead of a strong upper level low pressure system to the west and Hurricane Joaquin well to the east. This led to historic 4-day rainfall totals with  widespread amounts of 15-20 inches and localized amounts over 25 inches, mainly in the Charleston Tri-County area.  Flash flooding was prevalent for several days and eventually led to Flash Flood Emergencies for Charleston, Berkeley, Dorchester and Colleton counties during the morning hours of October 4, 2015.  Many people had to be rescued by emergency personnel while significant damage occurred to numerous properties and roads. Tides were also historically high due to the recent perigean spring tide and persistent onshore winds, exacerbating and prolonging flooding across the area and along the coast, especially in downtown Charleston. ||The most significant flooding occurred in areas along and near smaller creeks and streams, especially those that were tributaries to larger rivers such as the Edisto, Ashley, Cooper, and Santee. In addition to impacting thousands of homes and businesses, flood waters also damaged many roads and bridges in the area, causing significant travel disruptions that lasted for multiple days. Furthermore, some roads and bridges were so badly damaged that it will likely take weeks to months to repair.||As of 12/31/15, a SCEMD report indicated an estimated total monetary damage of $4,533,337 in Berkeley County, $18,213,860 in Charleston County, $2,030,879 in Colleton County and $6,186,909 in Dorchester County for the flood event. Total costs for each county have been divided equally to each flash flood report within that particular county for this flood event and are considered estimates only.","Law enforcement and social media sources indicated roads closed due to flooding on Folly Island and southern James Island. Roads closed included East Arctic Avenue beyond 10th Street, Folly Road at the intersection of Battery Island Drive and Battle Ground Road."
SOUTH CAROLINA,45,2015,Flash Flood,0,0,0,0,647.62K,33.0205,-80.1209,"A historic flooding event affected the Carolinas from October 1-7, 2015. A stalled front offshore combined with deep tropical moisture streaming northwest into the area ahead of a strong upper level low pressure system to the west and Hurricane Joaquin well to the east. This led to historic 4-day rainfall totals with  widespread amounts of 15-20 inches and localized amounts over 25 inches, mainly in the Charleston Tri-County area.  Flash flooding was prevalent for several days and eventually led to Flash Flood Emergencies for Charleston, Berkeley, Dorchester and Colleton counties during the morning hours of October 4, 2015.  Many people had to be rescued by emergency personnel while significant damage occurred to numerous properties and roads. Tides were also historically high due to the recent perigean spring tide and persistent onshore winds, exacerbating and prolonging flooding across the area and along the coast, especially in downtown Charleston. ||The most significant flooding occurred in areas along and near smaller creeks and streams, especially those that were tributaries to larger rivers such as the Edisto, Ashley, Cooper, and Santee. In addition to impacting thousands of homes and businesses, flood waters also damaged many roads and bridges in the area, causing significant travel disruptions that lasted for multiple days. Furthermore, some roads and bridges were so badly damaged that it will likely take weeks to months to repair.||As of 12/31/15, a SCEMD report indicated an estimated total monetary damage of $4,533,337 in Berkeley County, $18,213,860 in Charleston County, $2,030,879 in Colleton County and $6,186,909 in Dorchester County for the flood event. Total costs for each county have been divided equally to each flash flood report within that particular county for this flood event and are considered estimates only.","Law enforcement reported roads closed due to flooding in the College Park and Sangaree area. Roads closed included Oxford Road where water was flowing over a bridge, Trinity Place and Highway 78 at the intersection with Bell Wright Road."
SOUTH CAROLINA,45,2015,Flash Flood,0,0,0,0,728.55K,32.7226,-80.2381,"A historic flooding event affected the Carolinas from October 1-7, 2015. A stalled front offshore combined with deep tropical moisture streaming northwest into the area ahead of a strong upper level low pressure system to the west and Hurricane Joaquin well to the east. This led to historic 4-day rainfall totals with  widespread amounts of 15-20 inches and localized amounts over 25 inches, mainly in the Charleston Tri-County area.  Flash flooding was prevalent for several days and eventually led to Flash Flood Emergencies for Charleston, Berkeley, Dorchester and Colleton counties during the morning hours of October 4, 2015.  Many people had to be rescued by emergency personnel while significant damage occurred to numerous properties and roads. Tides were also historically high due to the recent perigean spring tide and persistent onshore winds, exacerbating and prolonging flooding across the area and along the coast, especially in downtown Charleston. ||The most significant flooding occurred in areas along and near smaller creeks and streams, especially those that were tributaries to larger rivers such as the Edisto, Ashley, Cooper, and Santee. In addition to impacting thousands of homes and businesses, flood waters also damaged many roads and bridges in the area, causing significant travel disruptions that lasted for multiple days. Furthermore, some roads and bridges were so badly damaged that it will likely take weeks to months to repair.||As of 12/31/15, a SCEMD report indicated an estimated total monetary damage of $4,533,337 in Berkeley County, $18,213,860 in Charleston County, $2,030,879 in Colleton County and $6,186,909 in Dorchester County for the flood event. Total costs for each county have been divided equally to each flash flood report within that particular county for this flood event and are considered estimates only.",Law enforcement reported several roads closed due to flooding in the Meggett area. Roads closed included Toogoodoo Road at the intersection of Coon Club Road and the intersection of Oakville Road as well as New Road at the intersection with Highway 162.
SOUTH CAROLINA,45,2015,Flash Flood,0,0,0,0,728.55K,33.01,-80.13,"A historic flooding event affected the Carolinas from October 1-7, 2015. A stalled front offshore combined with deep tropical moisture streaming northwest into the area ahead of a strong upper level low pressure system to the west and Hurricane Joaquin well to the east. This led to historic 4-day rainfall totals with  widespread amounts of 15-20 inches and localized amounts over 25 inches, mainly in the Charleston Tri-County area.  Flash flooding was prevalent for several days and eventually led to Flash Flood Emergencies for Charleston, Berkeley, Dorchester and Colleton counties during the morning hours of October 4, 2015.  Many people had to be rescued by emergency personnel while significant damage occurred to numerous properties and roads. Tides were also historically high due to the recent perigean spring tide and persistent onshore winds, exacerbating and prolonging flooding across the area and along the coast, especially in downtown Charleston. ||The most significant flooding occurred in areas along and near smaller creeks and streams, especially those that were tributaries to larger rivers such as the Edisto, Ashley, Cooper, and Santee. In addition to impacting thousands of homes and businesses, flood waters also damaged many roads and bridges in the area, causing significant travel disruptions that lasted for multiple days. Furthermore, some roads and bridges were so badly damaged that it will likely take weeks to months to repair.||As of 12/31/15, a SCEMD report indicated an estimated total monetary damage of $4,533,337 in Berkeley County, $18,213,860 in Charleston County, $2,030,879 in Colleton County and $6,186,909 in Dorchester County for the flood event. Total costs for each county have been divided equally to each flash flood report within that particular county for this flood event and are considered estimates only.",Law enforcement reported Von Ohsen Road closed at the intersection Dunmeyer Hill Road due to flooding. The intersection of Highway 78 and Owens Drive was also closed due to flooding.
SOUTH CAROLINA,45,2015,Flash Flood,0,0,0,0,3093.45K,32.8998,-80.0883,"A historic flooding event affected the Carolinas from October 1-7, 2015. A stalled front offshore combined with deep tropical moisture streaming northwest into the area ahead of a strong upper level low pressure system to the west and Hurricane Joaquin well to the east. This led to historic 4-day rainfall totals with  widespread amounts of 15-20 inches and localized amounts over 25 inches, mainly in the Charleston Tri-County area.  Flash flooding was prevalent for several days and eventually led to Flash Flood Emergencies for Charleston, Berkeley, Dorchester and Colleton counties during the morning hours of October 4, 2015.  Many people had to be rescued by emergency personnel while significant damage occurred to numerous properties and roads. Tides were also historically high due to the recent perigean spring tide and persistent onshore winds, exacerbating and prolonging flooding across the area and along the coast, especially in downtown Charleston. ||The most significant flooding occurred in areas along and near smaller creeks and streams, especially those that were tributaries to larger rivers such as the Edisto, Ashley, Cooper, and Santee. In addition to impacting thousands of homes and businesses, flood waters also damaged many roads and bridges in the area, causing significant travel disruptions that lasted for multiple days. Furthermore, some roads and bridges were so badly damaged that it will likely take weeks to months to repair.||As of 12/31/15, a SCEMD report indicated an estimated total monetary damage of $4,533,337 in Berkeley County, $18,213,860 in Charleston County, $2,030,879 in Colleton County and $6,186,909 in Dorchester County for the flood event. Total costs for each county have been divided equally to each flash flood report within that particular county for this flood event and are considered estimates only.","An emergency manager for Dorchester County reported widespread flooding around Summerville, Ladson and Wescott Plantation. Widespread road closures, damage to homes and water rescues were made. Roads closed due to flooding included the 100 and 300 block of Dorchester Manor Boulevard, the 400 block of Trade Street, Hodge Road between Deming Way and Short Street, Azalea Drive near the intersection with OT Wallace Drive, Parson Road, Dorchester Road at the intersection with Sawmill Branch Creek, Mallard Road between Hill Street and the Habitat for Humanity, West Butternut Road, the 200 block of Lawrence Drive, Aberdeen Circle, Arbors Oak Drive, Renau Boulevard near the intersection with Industrial Road, Stratton Drive, Green Wave Boulevard, Old Trolley Road from Miles Jamison Road to Dorchester Road and Orangeburg Road at the intersection with Mallard Road. ||Eagle Creek was also overflowing its banks and flooding multiple residences in Summerwood and Tranquil Estates. Water backed up a drainage canal, resulting in waist deep water in the middle of Arbor Oaks Drive. Approximately 2 feet of water was in 40 to 50 homes along Arbor Oaks Drive. Around 100 people were rescued from flooded areas along Old Trolley Road, Ladson Road and Miles Jamison Road."
SOUTH CAROLINA,45,2015,Flash Flood,0,0,0,0,647.62K,32.9524,-79.937,"A historic flooding event affected the Carolinas from October 1-7, 2015. A stalled front offshore combined with deep tropical moisture streaming northwest into the area ahead of a strong upper level low pressure system to the west and Hurricane Joaquin well to the east. This led to historic 4-day rainfall totals with  widespread amounts of 15-20 inches and localized amounts over 25 inches, mainly in the Charleston Tri-County area.  Flash flooding was prevalent for several days and eventually led to Flash Flood Emergencies for Charleston, Berkeley, Dorchester and Colleton counties during the morning hours of October 4, 2015.  Many people had to be rescued by emergency personnel while significant damage occurred to numerous properties and roads. Tides were also historically high due to the recent perigean spring tide and persistent onshore winds, exacerbating and prolonging flooding across the area and along the coast, especially in downtown Charleston. ||The most significant flooding occurred in areas along and near smaller creeks and streams, especially those that were tributaries to larger rivers such as the Edisto, Ashley, Cooper, and Santee. In addition to impacting thousands of homes and businesses, flood waters also damaged many roads and bridges in the area, causing significant travel disruptions that lasted for multiple days. Furthermore, some roads and bridges were so badly damaged that it will likely take weeks to months to repair.||As of 12/31/15, a SCEMD report indicated an estimated total monetary damage of $4,533,337 in Berkeley County, $18,213,860 in Charleston County, $2,030,879 in Colleton County and $6,186,909 in Dorchester County for the flood event. Total costs for each county have been divided equally to each flash flood report within that particular county for this flood event and are considered estimates only.","Law enforcement and Naval Weapons Station personnel reported several road closures due to flooding around the Goose Creek area. Roads closed due to flooding included Old Tom Road and Pulaski Street to Von Steuben Street on the Naval Weapons Station, Highway 17A at the intersection with Gants Road, Old Mount Holly Road near Lowes, the 300 block of Anita Drive and Cypress Gardens Road at the intersection with U.S. Highway 52. Knee deep water was also reported at the intersection of Bridgetown Road and Springhall Drive and five feet of water was reported in a structure in College Park, resulting in occupants having to move to the second floor."
SOUTH CAROLINA,45,2015,Flash Flood,0,0,0,0,728.55K,32.68,-80.19,"A historic flooding event affected the Carolinas from October 1-7, 2015. A stalled front offshore combined with deep tropical moisture streaming northwest into the area ahead of a strong upper level low pressure system to the west and Hurricane Joaquin well to the east. This led to historic 4-day rainfall totals with  widespread amounts of 15-20 inches and localized amounts over 25 inches, mainly in the Charleston Tri-County area.  Flash flooding was prevalent for several days and eventually led to Flash Flood Emergencies for Charleston, Berkeley, Dorchester and Colleton counties during the morning hours of October 4, 2015.  Many people had to be rescued by emergency personnel while significant damage occurred to numerous properties and roads. Tides were also historically high due to the recent perigean spring tide and persistent onshore winds, exacerbating and prolonging flooding across the area and along the coast, especially in downtown Charleston. ||The most significant flooding occurred in areas along and near smaller creeks and streams, especially those that were tributaries to larger rivers such as the Edisto, Ashley, Cooper, and Santee. In addition to impacting thousands of homes and businesses, flood waters also damaged many roads and bridges in the area, causing significant travel disruptions that lasted for multiple days. Furthermore, some roads and bridges were so badly damaged that it will likely take weeks to months to repair.||As of 12/31/15, a SCEMD report indicated an estimated total monetary damage of $4,533,337 in Berkeley County, $18,213,860 in Charleston County, $2,030,879 in Colleton County and $6,186,909 in Dorchester County for the flood event. Total costs for each county have been divided equally to each flash flood report within that particular county for this flood event and are considered estimates only.",Law enforcement reported an estimated 3 feet of standing water at the intersection of Bears Bluff Road and Liberia Road.
SOUTH CAROLINA,45,2015,Flash Flood,0,0,0,0,507.72K,32.8486,-80.8086,"A historic flooding event affected the Carolinas from October 1-7, 2015. A stalled front offshore combined with deep tropical moisture streaming northwest into the area ahead of a strong upper level low pressure system to the west and Hurricane Joaquin well to the east. This led to historic 4-day rainfall totals with  widespread amounts of 15-20 inches and localized amounts over 25 inches, mainly in the Charleston Tri-County area.  Flash flooding was prevalent for several days and eventually led to Flash Flood Emergencies for Charleston, Berkeley, Dorchester and Colleton counties during the morning hours of October 4, 2015.  Many people had to be rescued by emergency personnel while significant damage occurred to numerous properties and roads. Tides were also historically high due to the recent perigean spring tide and persistent onshore winds, exacerbating and prolonging flooding across the area and along the coast, especially in downtown Charleston. ||The most significant flooding occurred in areas along and near smaller creeks and streams, especially those that were tributaries to larger rivers such as the Edisto, Ashley, Cooper, and Santee. In addition to impacting thousands of homes and businesses, flood waters also damaged many roads and bridges in the area, causing significant travel disruptions that lasted for multiple days. Furthermore, some roads and bridges were so badly damaged that it will likely take weeks to months to repair.||As of 12/31/15, a SCEMD report indicated an estimated total monetary damage of $4,533,337 in Berkeley County, $18,213,860 in Charleston County, $2,030,879 in Colleton County and $6,186,909 in Dorchester County for the flood event. Total costs for each county have been divided equally to each flash flood report within that particular county for this flood event and are considered estimates only.",An emergency manager reported a few roads near Walterboro closed due to flooding. Roads closed due to flooding included Cane Branch Road and Ruffin Road at a railroad crossing. Dodge Lane was also washed out due to flooding.
SOUTH CAROLINA,45,2015,Flash Flood,0,0,0,0,507.72K,32.56,-80.46,"A historic flooding event affected the Carolinas from October 1-7, 2015. A stalled front offshore combined with deep tropical moisture streaming northwest into the area ahead of a strong upper level low pressure system to the west and Hurricane Joaquin well to the east. This led to historic 4-day rainfall totals with  widespread amounts of 15-20 inches and localized amounts over 25 inches, mainly in the Charleston Tri-County area.  Flash flooding was prevalent for several days and eventually led to Flash Flood Emergencies for Charleston, Berkeley, Dorchester and Colleton counties during the morning hours of October 4, 2015.  Many people had to be rescued by emergency personnel while significant damage occurred to numerous properties and roads. Tides were also historically high due to the recent perigean spring tide and persistent onshore winds, exacerbating and prolonging flooding across the area and along the coast, especially in downtown Charleston. ||The most significant flooding occurred in areas along and near smaller creeks and streams, especially those that were tributaries to larger rivers such as the Edisto, Ashley, Cooper, and Santee. In addition to impacting thousands of homes and businesses, flood waters also damaged many roads and bridges in the area, causing significant travel disruptions that lasted for multiple days. Furthermore, some roads and bridges were so badly damaged that it will likely take weeks to months to repair.||As of 12/31/15, a SCEMD report indicated an estimated total monetary damage of $4,533,337 in Berkeley County, $18,213,860 in Charleston County, $2,030,879 in Colleton County and $6,186,909 in Dorchester County for the flood event. Total costs for each county have been divided equally to each flash flood report within that particular county for this flood event and are considered estimates only.","An emergency manager reported Bennetts Point Road at the 2600, 4300, 4500 and 12200 block closed due to flooding."
SOUTH CAROLINA,45,2015,Flash Flood,0,0,0,0,728.55K,32.5648,-80.1813,"A historic flooding event affected the Carolinas from October 1-7, 2015. A stalled front offshore combined with deep tropical moisture streaming northwest into the area ahead of a strong upper level low pressure system to the west and Hurricane Joaquin well to the east. This led to historic 4-day rainfall totals with  widespread amounts of 15-20 inches and localized amounts over 25 inches, mainly in the Charleston Tri-County area.  Flash flooding was prevalent for several days and eventually led to Flash Flood Emergencies for Charleston, Berkeley, Dorchester and Colleton counties during the morning hours of October 4, 2015.  Many people had to be rescued by emergency personnel while significant damage occurred to numerous properties and roads. Tides were also historically high due to the recent perigean spring tide and persistent onshore winds, exacerbating and prolonging flooding across the area and along the coast, especially in downtown Charleston. ||The most significant flooding occurred in areas along and near smaller creeks and streams, especially those that were tributaries to larger rivers such as the Edisto, Ashley, Cooper, and Santee. In addition to impacting thousands of homes and businesses, flood waters also damaged many roads and bridges in the area, causing significant travel disruptions that lasted for multiple days. Furthermore, some roads and bridges were so badly damaged that it will likely take weeks to months to repair.||As of 12/31/15, a SCEMD report indicated an estimated total monetary damage of $4,533,337 in Berkeley County, $18,213,860 in Charleston County, $2,030,879 in Colleton County and $6,186,909 in Dorchester County for the flood event. Total costs for each county have been divided equally to each flash flood report within that particular county for this flood event and are considered estimates only.",The Charleston County 911 Call Center reported a water rescue near Spinnaker Beachhouses and Pelican Watch Villas.
SOUTH CAROLINA,45,2015,Flash Flood,0,0,0,0,728.55K,32.57,-80.26,"A historic flooding event affected the Carolinas from October 1-7, 2015. A stalled front offshore combined with deep tropical moisture streaming northwest into the area ahead of a strong upper level low pressure system to the west and Hurricane Joaquin well to the east. This led to historic 4-day rainfall totals with  widespread amounts of 15-20 inches and localized amounts over 25 inches, mainly in the Charleston Tri-County area.  Flash flooding was prevalent for several days and eventually led to Flash Flood Emergencies for Charleston, Berkeley, Dorchester and Colleton counties during the morning hours of October 4, 2015.  Many people had to be rescued by emergency personnel while significant damage occurred to numerous properties and roads. Tides were also historically high due to the recent perigean spring tide and persistent onshore winds, exacerbating and prolonging flooding across the area and along the coast, especially in downtown Charleston. ||The most significant flooding occurred in areas along and near smaller creeks and streams, especially those that were tributaries to larger rivers such as the Edisto, Ashley, Cooper, and Santee. In addition to impacting thousands of homes and businesses, flood waters also damaged many roads and bridges in the area, causing significant travel disruptions that lasted for multiple days. Furthermore, some roads and bridges were so badly damaged that it will likely take weeks to months to repair.||As of 12/31/15, a SCEMD report indicated an estimated total monetary damage of $4,533,337 in Berkeley County, $18,213,860 in Charleston County, $2,030,879 in Colleton County and $6,186,909 in Dorchester County for the flood event. Total costs for each county have been divided equally to each flash flood report within that particular county for this flood event and are considered estimates only.",Law enforcement reported Point Of Pines Road impassable due to flooding.
SOUTH CAROLINA,45,2015,Flash Flood,0,0,0,0,728.55K,32.61,-80.08,"A historic flooding event affected the Carolinas from October 1-7, 2015. A stalled front offshore combined with deep tropical moisture streaming northwest into the area ahead of a strong upper level low pressure system to the west and Hurricane Joaquin well to the east. This led to historic 4-day rainfall totals with  widespread amounts of 15-20 inches and localized amounts over 25 inches, mainly in the Charleston Tri-County area.  Flash flooding was prevalent for several days and eventually led to Flash Flood Emergencies for Charleston, Berkeley, Dorchester and Colleton counties during the morning hours of October 4, 2015.  Many people had to be rescued by emergency personnel while significant damage occurred to numerous properties and roads. Tides were also historically high due to the recent perigean spring tide and persistent onshore winds, exacerbating and prolonging flooding across the area and along the coast, especially in downtown Charleston. ||The most significant flooding occurred in areas along and near smaller creeks and streams, especially those that were tributaries to larger rivers such as the Edisto, Ashley, Cooper, and Santee. In addition to impacting thousands of homes and businesses, flood waters also damaged many roads and bridges in the area, causing significant travel disruptions that lasted for multiple days. Furthermore, some roads and bridges were so badly damaged that it will likely take weeks to months to repair.||As of 12/31/15, a SCEMD report indicated an estimated total monetary damage of $4,533,337 in Berkeley County, $18,213,860 in Charleston County, $2,030,879 in Colleton County and $6,186,909 in Dorchester County for the flood event. Total costs for each county have been divided equally to each flash flood report within that particular county for this flood event and are considered estimates only.",Law enforcement reported the Kiawah Island Main Gate closed to entry traffic due to flooding.
SOUTH CAROLINA,45,2015,Flash Flood,0,0,0,0,728.55K,32.7752,-79.9271,"A historic flooding event affected the Carolinas from October 1-7, 2015. A stalled front offshore combined with deep tropical moisture streaming northwest into the area ahead of a strong upper level low pressure system to the west and Hurricane Joaquin well to the east. This led to historic 4-day rainfall totals with  widespread amounts of 15-20 inches and localized amounts over 25 inches, mainly in the Charleston Tri-County area.  Flash flooding was prevalent for several days and eventually led to Flash Flood Emergencies for Charleston, Berkeley, Dorchester and Colleton counties during the morning hours of October 4, 2015.  Many people had to be rescued by emergency personnel while significant damage occurred to numerous properties and roads. Tides were also historically high due to the recent perigean spring tide and persistent onshore winds, exacerbating and prolonging flooding across the area and along the coast, especially in downtown Charleston. ||The most significant flooding occurred in areas along and near smaller creeks and streams, especially those that were tributaries to larger rivers such as the Edisto, Ashley, Cooper, and Santee. In addition to impacting thousands of homes and businesses, flood waters also damaged many roads and bridges in the area, causing significant travel disruptions that lasted for multiple days. Furthermore, some roads and bridges were so badly damaged that it will likely take weeks to months to repair.||As of 12/31/15, a SCEMD report indicated an estimated total monetary damage of $4,533,337 in Berkeley County, $18,213,860 in Charleston County, $2,030,879 in Colleton County and $6,186,909 in Dorchester County for the flood event. Total costs for each county have been divided equally to each flash flood report within that particular county for this flood event and are considered estimates only.",A Charleston County emergency manager and law enforcement reported numerous roads closed due to flooding in downtown Charleston. Roads closed included Hasell Street between Meeting Street and Washington Street. Interstate 26 exits to Meeting Street and East Bay Street were also closed due to flooding. Water was also reported entering homes and businesses at the intersection of Tradd Street and Council Street. Swift water rescues were also being reported by broadcast media in downtown Charleston.
SOUTH CAROLINA,45,2015,Flash Flood,0,0,0,0,728.55K,32.82,-80.06,"A historic flooding event affected the Carolinas from October 1-7, 2015. A stalled front offshore combined with deep tropical moisture streaming northwest into the area ahead of a strong upper level low pressure system to the west and Hurricane Joaquin well to the east. This led to historic 4-day rainfall totals with  widespread amounts of 15-20 inches and localized amounts over 25 inches, mainly in the Charleston Tri-County area.  Flash flooding was prevalent for several days and eventually led to Flash Flood Emergencies for Charleston, Berkeley, Dorchester and Colleton counties during the morning hours of October 4, 2015.  Many people had to be rescued by emergency personnel while significant damage occurred to numerous properties and roads. Tides were also historically high due to the recent perigean spring tide and persistent onshore winds, exacerbating and prolonging flooding across the area and along the coast, especially in downtown Charleston. ||The most significant flooding occurred in areas along and near smaller creeks and streams, especially those that were tributaries to larger rivers such as the Edisto, Ashley, Cooper, and Santee. In addition to impacting thousands of homes and businesses, flood waters also damaged many roads and bridges in the area, causing significant travel disruptions that lasted for multiple days. Furthermore, some roads and bridges were so badly damaged that it will likely take weeks to months to repair.||As of 12/31/15, a SCEMD report indicated an estimated total monetary damage of $4,533,337 in Berkeley County, $18,213,860 in Charleston County, $2,030,879 in Colleton County and $6,186,909 in Dorchester County for the flood event. Total costs for each county have been divided equally to each flash flood report within that particular county for this flood event and are considered estimates only.",A social media user posted photos of at least 2 trees down at an apartment complex along Mary Ader Avenue.
SOUTH CAROLINA,45,2015,Flash Flood,0,0,0,0,507.72K,32.8257,-80.6091,"A historic flooding event affected the Carolinas from October 1-7, 2015. A stalled front offshore combined with deep tropical moisture streaming northwest into the area ahead of a strong upper level low pressure system to the west and Hurricane Joaquin well to the east. This led to historic 4-day rainfall totals with  widespread amounts of 15-20 inches and localized amounts over 25 inches, mainly in the Charleston Tri-County area.  Flash flooding was prevalent for several days and eventually led to Flash Flood Emergencies for Charleston, Berkeley, Dorchester and Colleton counties during the morning hours of October 4, 2015.  Many people had to be rescued by emergency personnel while significant damage occurred to numerous properties and roads. Tides were also historically high due to the recent perigean spring tide and persistent onshore winds, exacerbating and prolonging flooding across the area and along the coast, especially in downtown Charleston. ||The most significant flooding occurred in areas along and near smaller creeks and streams, especially those that were tributaries to larger rivers such as the Edisto, Ashley, Cooper, and Santee. In addition to impacting thousands of homes and businesses, flood waters also damaged many roads and bridges in the area, causing significant travel disruptions that lasted for multiple days. Furthermore, some roads and bridges were so badly damaged that it will likely take weeks to months to repair.||As of 12/31/15, a SCEMD report indicated an estimated total monetary damage of $4,533,337 in Berkeley County, $18,213,860 in Charleston County, $2,030,879 in Colleton County and $6,186,909 in Dorchester County for the flood event. Total costs for each county have been divided equally to each flash flood report within that particular county for this flood event and are considered estimates only.",An emergency manager and law enforcement reported a few roads closed due to flooding. Ritter Road was closed at the intersection with Cooks Hill Road and Ford Lane was washed out due to flooding.
SOUTH CAROLINA,45,2015,Flash Flood,0,0,0,0,728.55K,32.7904,-79.7786,"A historic flooding event affected the Carolinas from October 1-7, 2015. A stalled front offshore combined with deep tropical moisture streaming northwest into the area ahead of a strong upper level low pressure system to the west and Hurricane Joaquin well to the east. This led to historic 4-day rainfall totals with  widespread amounts of 15-20 inches and localized amounts over 25 inches, mainly in the Charleston Tri-County area.  Flash flooding was prevalent for several days and eventually led to Flash Flood Emergencies for Charleston, Berkeley, Dorchester and Colleton counties during the morning hours of October 4, 2015.  Many people had to be rescued by emergency personnel while significant damage occurred to numerous properties and roads. Tides were also historically high due to the recent perigean spring tide and persistent onshore winds, exacerbating and prolonging flooding across the area and along the coast, especially in downtown Charleston. ||The most significant flooding occurred in areas along and near smaller creeks and streams, especially those that were tributaries to larger rivers such as the Edisto, Ashley, Cooper, and Santee. In addition to impacting thousands of homes and businesses, flood waters also damaged many roads and bridges in the area, causing significant travel disruptions that lasted for multiple days. Furthermore, some roads and bridges were so badly damaged that it will likely take weeks to months to repair.||As of 12/31/15, a SCEMD report indicated an estimated total monetary damage of $4,533,337 in Berkeley County, $18,213,860 in Charleston County, $2,030,879 in Colleton County and $6,186,909 in Dorchester County for the flood event. Total costs for each county have been divided equally to each flash flood report within that particular county for this flood event and are considered estimates only.",Law enforcement reported Waterway Boulevard closed between 21st Avenue and 24th Avenue due to flooding.
SOUTH CAROLINA,45,2015,Flash Flood,0,0,0,0,728.55K,32.93,-80.06,"A historic flooding event affected the Carolinas from October 1-7, 2015. A stalled front offshore combined with deep tropical moisture streaming northwest into the area ahead of a strong upper level low pressure system to the west and Hurricane Joaquin well to the east. This led to historic 4-day rainfall totals with  widespread amounts of 15-20 inches and localized amounts over 25 inches, mainly in the Charleston Tri-County area.  Flash flooding was prevalent for several days and eventually led to Flash Flood Emergencies for Charleston, Berkeley, Dorchester and Colleton counties during the morning hours of October 4, 2015.  Many people had to be rescued by emergency personnel while significant damage occurred to numerous properties and roads. Tides were also historically high due to the recent perigean spring tide and persistent onshore winds, exacerbating and prolonging flooding across the area and along the coast, especially in downtown Charleston. ||The most significant flooding occurred in areas along and near smaller creeks and streams, especially those that were tributaries to larger rivers such as the Edisto, Ashley, Cooper, and Santee. In addition to impacting thousands of homes and businesses, flood waters also damaged many roads and bridges in the area, causing significant travel disruptions that lasted for multiple days. Furthermore, some roads and bridges were so badly damaged that it will likely take weeks to months to repair.||As of 12/31/15, a SCEMD report indicated an estimated total monetary damage of $4,533,337 in Berkeley County, $18,213,860 in Charleston County, $2,030,879 in Colleton County and $6,186,909 in Dorchester County for the flood event. Total costs for each county have been divided equally to each flash flood report within that particular county for this flood event and are considered estimates only.","Law enforcement reported several road closures near Ladson and Hanahan. The intersection of Highway 78, Interstate 26 and Ingleside Boulevard was closed with standing water estimated around 6 feet deep. Yeamans Hall Boulevard near Murray Avenue was also blocked off due to standing water around 2 feet deep. The 3400 block of Mountainbrook Avenue crossing Pepperdam Creek was blocked off due to standing water that was 2 feet deep and approximately 50 yards wide. Swift water rescues also started at the 7700 block of Palmetto Commerce Parkway around 1154 pm on the 3rd, then occurred throughout the Ladson area into the early overnight hours on the 4th."
SOUTH CAROLINA,45,2015,Flash Flood,0,0,0,0,647.62K,33.241,-79.8706,"A historic flooding event affected the Carolinas from October 1-7, 2015. A stalled front offshore combined with deep tropical moisture streaming northwest into the area ahead of a strong upper level low pressure system to the west and Hurricane Joaquin well to the east. This led to historic 4-day rainfall totals with  widespread amounts of 15-20 inches and localized amounts over 25 inches, mainly in the Charleston Tri-County area.  Flash flooding was prevalent for several days and eventually led to Flash Flood Emergencies for Charleston, Berkeley, Dorchester and Colleton counties during the morning hours of October 4, 2015.  Many people had to be rescued by emergency personnel while significant damage occurred to numerous properties and roads. Tides were also historically high due to the recent perigean spring tide and persistent onshore winds, exacerbating and prolonging flooding across the area and along the coast, especially in downtown Charleston. ||The most significant flooding occurred in areas along and near smaller creeks and streams, especially those that were tributaries to larger rivers such as the Edisto, Ashley, Cooper, and Santee. In addition to impacting thousands of homes and businesses, flood waters also damaged many roads and bridges in the area, causing significant travel disruptions that lasted for multiple days. Furthermore, some roads and bridges were so badly damaged that it will likely take weeks to months to repair.||As of 12/31/15, a SCEMD report indicated an estimated total monetary damage of $4,533,337 in Berkeley County, $18,213,860 in Charleston County, $2,030,879 in Colleton County and $6,186,909 in Dorchester County for the flood event. Total costs for each county have been divided equally to each flash flood report within that particular county for this flood event and are considered estimates only.",Law enforcement and social media indicated several roads and bridges closed due to flooding from St Stephen to Moncks Corner. Ongoing rescues were also being reported from homes along Whitesville Road with many surrounding roads closed due to flooding during the early morning hours of October 4th. Additional roads closed included Highway 17A near Wadboo Creek where water was overflowing the road and Highway 45 near St Stephen where the road was washed out. A bridge on Spring Grove Road was damaged due to flooding near the intersection of Potato Hill Lane. A bridge was also damaged on Gravel Hill Road due to flooding. Another bridge on Betsy Hole Road was flooded and possibly damaged. Water was also entering a home on East Church Street near Bonneau.
SOUTH CAROLINA,45,2015,Flash Flood,0,0,0,0,728.55K,32.87,-79.8,"A historic flooding event affected the Carolinas from October 1-7, 2015. A stalled front offshore combined with deep tropical moisture streaming northwest into the area ahead of a strong upper level low pressure system to the west and Hurricane Joaquin well to the east. This led to historic 4-day rainfall totals with  widespread amounts of 15-20 inches and localized amounts over 25 inches, mainly in the Charleston Tri-County area.  Flash flooding was prevalent for several days and eventually led to Flash Flood Emergencies for Charleston, Berkeley, Dorchester and Colleton counties during the morning hours of October 4, 2015.  Many people had to be rescued by emergency personnel while significant damage occurred to numerous properties and roads. Tides were also historically high due to the recent perigean spring tide and persistent onshore winds, exacerbating and prolonging flooding across the area and along the coast, especially in downtown Charleston. ||The most significant flooding occurred in areas along and near smaller creeks and streams, especially those that were tributaries to larger rivers such as the Edisto, Ashley, Cooper, and Santee. In addition to impacting thousands of homes and businesses, flood waters also damaged many roads and bridges in the area, causing significant travel disruptions that lasted for multiple days. Furthermore, some roads and bridges were so badly damaged that it will likely take weeks to months to repair.||As of 12/31/15, a SCEMD report indicated an estimated total monetary damage of $4,533,337 in Berkeley County, $18,213,860 in Charleston County, $2,030,879 in Colleton County and $6,186,909 in Dorchester County for the flood event. Total costs for each county have been divided equally to each flash flood report within that particular county for this flood event and are considered estimates only.",Law enforcement reported Highway 41 closed at Horlbeck Creek due to flooding.
SOUTH CAROLINA,45,2015,Flash Flood,0,0,0,0,728.55K,32.73,-79.94,"A historic flooding event affected the Carolinas from October 1-7, 2015. A stalled front offshore combined with deep tropical moisture streaming northwest into the area ahead of a strong upper level low pressure system to the west and Hurricane Joaquin well to the east. This led to historic 4-day rainfall totals with  widespread amounts of 15-20 inches and localized amounts over 25 inches, mainly in the Charleston Tri-County area.  Flash flooding was prevalent for several days and eventually led to Flash Flood Emergencies for Charleston, Berkeley, Dorchester and Colleton counties during the morning hours of October 4, 2015.  Many people had to be rescued by emergency personnel while significant damage occurred to numerous properties and roads. Tides were also historically high due to the recent perigean spring tide and persistent onshore winds, exacerbating and prolonging flooding across the area and along the coast, especially in downtown Charleston. ||The most significant flooding occurred in areas along and near smaller creeks and streams, especially those that were tributaries to larger rivers such as the Edisto, Ashley, Cooper, and Santee. In addition to impacting thousands of homes and businesses, flood waters also damaged many roads and bridges in the area, causing significant travel disruptions that lasted for multiple days. Furthermore, some roads and bridges were so badly damaged that it will likely take weeks to months to repair.||As of 12/31/15, a SCEMD report indicated an estimated total monetary damage of $4,533,337 in Berkeley County, $18,213,860 in Charleston County, $2,030,879 in Colleton County and $6,186,909 in Dorchester County for the flood event. Total costs for each county have been divided equally to each flash flood report within that particular county for this flood event and are considered estimates only.",Law enforcement reported Fort Johnson Road flooded and closed between Camp Road and Lighthouse Road.
SOUTH CAROLINA,45,2015,Flash Flood,0,0,0,0,728.55K,32.71,-79.96,"A historic flooding event affected the Carolinas from October 1-7, 2015. A stalled front offshore combined with deep tropical moisture streaming northwest into the area ahead of a strong upper level low pressure system to the west and Hurricane Joaquin well to the east. This led to historic 4-day rainfall totals with  widespread amounts of 15-20 inches and localized amounts over 25 inches, mainly in the Charleston Tri-County area.  Flash flooding was prevalent for several days and eventually led to Flash Flood Emergencies for Charleston, Berkeley, Dorchester and Colleton counties during the morning hours of October 4, 2015.  Many people had to be rescued by emergency personnel while significant damage occurred to numerous properties and roads. Tides were also historically high due to the recent perigean spring tide and persistent onshore winds, exacerbating and prolonging flooding across the area and along the coast, especially in downtown Charleston. ||The most significant flooding occurred in areas along and near smaller creeks and streams, especially those that were tributaries to larger rivers such as the Edisto, Ashley, Cooper, and Santee. In addition to impacting thousands of homes and businesses, flood waters also damaged many roads and bridges in the area, causing significant travel disruptions that lasted for multiple days. Furthermore, some roads and bridges were so badly damaged that it will likely take weeks to months to repair.||As of 12/31/15, a SCEMD report indicated an estimated total monetary damage of $4,533,337 in Berkeley County, $18,213,860 in Charleston County, $2,030,879 in Colleton County and $6,186,909 in Dorchester County for the flood event. Total costs for each county have been divided equally to each flash flood report within that particular county for this flood event and are considered estimates only.",The public reported 1.5 feet of water flowing across the 1600 block of Rainbow Road.
SOUTH CAROLINA,45,2015,Flash Flood,0,0,0,0,647.62K,33.1143,-79.8418,"A historic flooding event affected the Carolinas from October 1-7, 2015. A stalled front offshore combined with deep tropical moisture streaming northwest into the area ahead of a strong upper level low pressure system to the west and Hurricane Joaquin well to the east. This led to historic 4-day rainfall totals with  widespread amounts of 15-20 inches and localized amounts over 25 inches, mainly in the Charleston Tri-County area.  Flash flooding was prevalent for several days and eventually led to Flash Flood Emergencies for Charleston, Berkeley, Dorchester and Colleton counties during the morning hours of October 4, 2015.  Many people had to be rescued by emergency personnel while significant damage occurred to numerous properties and roads. Tides were also historically high due to the recent perigean spring tide and persistent onshore winds, exacerbating and prolonging flooding across the area and along the coast, especially in downtown Charleston. ||The most significant flooding occurred in areas along and near smaller creeks and streams, especially those that were tributaries to larger rivers such as the Edisto, Ashley, Cooper, and Santee. In addition to impacting thousands of homes and businesses, flood waters also damaged many roads and bridges in the area, causing significant travel disruptions that lasted for multiple days. Furthermore, some roads and bridges were so badly damaged that it will likely take weeks to months to repair.||As of 12/31/15, a SCEMD report indicated an estimated total monetary damage of $4,533,337 in Berkeley County, $18,213,860 in Charleston County, $2,030,879 in Colleton County and $6,186,909 in Dorchester County for the flood event. Total costs for each county have been divided equally to each flash flood report within that particular county for this flood event and are considered estimates only.","An emergency manager, law enforcement and the Coast Guard reported several roads closed and swift water rescues being made due to flooding between Huger, SC and Cainhoy, SC. Swift water rescues were underway in the Cainhoy area where cars were also reported floating in high water during early morning hours of October 4th. The Coast Guard released a video of an aerial rescue of a woman and infant child from a flooded house in Huger during the late morning hours of October 4th. The video also depicted widespread flooding of structures in the surrounding area. The intersection of Highway 41 and Highway 402 was also reported closed due to flooding."
SOUTH CAROLINA,45,2015,Flash Flood,0,0,0,0,728.55K,33.0795,-79.6873,"A historic flooding event affected the Carolinas from October 1-7, 2015. A stalled front offshore combined with deep tropical moisture streaming northwest into the area ahead of a strong upper level low pressure system to the west and Hurricane Joaquin well to the east. This led to historic 4-day rainfall totals with  widespread amounts of 15-20 inches and localized amounts over 25 inches, mainly in the Charleston Tri-County area.  Flash flooding was prevalent for several days and eventually led to Flash Flood Emergencies for Charleston, Berkeley, Dorchester and Colleton counties during the morning hours of October 4, 2015.  Many people had to be rescued by emergency personnel while significant damage occurred to numerous properties and roads. Tides were also historically high due to the recent perigean spring tide and persistent onshore winds, exacerbating and prolonging flooding across the area and along the coast, especially in downtown Charleston. ||The most significant flooding occurred in areas along and near smaller creeks and streams, especially those that were tributaries to larger rivers such as the Edisto, Ashley, Cooper, and Santee. In addition to impacting thousands of homes and businesses, flood waters also damaged many roads and bridges in the area, causing significant travel disruptions that lasted for multiple days. Furthermore, some roads and bridges were so badly damaged that it will likely take weeks to months to repair.||As of 12/31/15, a SCEMD report indicated an estimated total monetary damage of $4,533,337 in Berkeley County, $18,213,860 in Charleston County, $2,030,879 in Colleton County and $6,186,909 in Dorchester County for the flood event. Total costs for each county have been divided equally to each flash flood report within that particular county for this flood event and are considered estimates only.",An emergency manager reported swift water rescues underway in the Awendaw area.
SOUTH CAROLINA,45,2015,Flash Flood,0,0,0,0,728.55K,32.8416,-79.9496,"A historic flooding event affected the Carolinas from October 1-7, 2015. A stalled front offshore combined with deep tropical moisture streaming northwest into the area ahead of a strong upper level low pressure system to the west and Hurricane Joaquin well to the east. This led to historic 4-day rainfall totals with  widespread amounts of 15-20 inches and localized amounts over 25 inches, mainly in the Charleston Tri-County area.  Flash flooding was prevalent for several days and eventually led to Flash Flood Emergencies for Charleston, Berkeley, Dorchester and Colleton counties during the morning hours of October 4, 2015.  Many people had to be rescued by emergency personnel while significant damage occurred to numerous properties and roads. Tides were also historically high due to the recent perigean spring tide and persistent onshore winds, exacerbating and prolonging flooding across the area and along the coast, especially in downtown Charleston. ||The most significant flooding occurred in areas along and near smaller creeks and streams, especially those that were tributaries to larger rivers such as the Edisto, Ashley, Cooper, and Santee. In addition to impacting thousands of homes and businesses, flood waters also damaged many roads and bridges in the area, causing significant travel disruptions that lasted for multiple days. Furthermore, some roads and bridges were so badly damaged that it will likely take weeks to months to repair.||As of 12/31/15, a SCEMD report indicated an estimated total monetary damage of $4,533,337 in Berkeley County, $18,213,860 in Charleston County, $2,030,879 in Colleton County and $6,186,909 in Dorchester County for the flood event. Total costs for each county have been divided equally to each flash flood report within that particular county for this flood event and are considered estimates only.",An emergency manager reported swift water rescues underway in the North Charleston area.
SOUTH CAROLINA,45,2015,Flash Flood,0,0,0,0,507.72K,32.91,-80.67,"A historic flooding event affected the Carolinas from October 1-7, 2015. A stalled front offshore combined with deep tropical moisture streaming northwest into the area ahead of a strong upper level low pressure system to the west and Hurricane Joaquin well to the east. This led to historic 4-day rainfall totals with  widespread amounts of 15-20 inches and localized amounts over 25 inches, mainly in the Charleston Tri-County area.  Flash flooding was prevalent for several days and eventually led to Flash Flood Emergencies for Charleston, Berkeley, Dorchester and Colleton counties during the morning hours of October 4, 2015.  Many people had to be rescued by emergency personnel while significant damage occurred to numerous properties and roads. Tides were also historically high due to the recent perigean spring tide and persistent onshore winds, exacerbating and prolonging flooding across the area and along the coast, especially in downtown Charleston. ||The most significant flooding occurred in areas along and near smaller creeks and streams, especially those that were tributaries to larger rivers such as the Edisto, Ashley, Cooper, and Santee. In addition to impacting thousands of homes and businesses, flood waters also damaged many roads and bridges in the area, causing significant travel disruptions that lasted for multiple days. Furthermore, some roads and bridges were so badly damaged that it will likely take weeks to months to repair.||As of 12/31/15, a SCEMD report indicated an estimated total monetary damage of $4,533,337 in Berkeley County, $18,213,860 in Charleston County, $2,030,879 in Colleton County and $6,186,909 in Dorchester County for the flood event. Total costs for each county have been divided equally to each flash flood report within that particular county for this flood event and are considered estimates only.",Law enforcement reported Ivanhoe Road closed between Forest Hill Road and West Washington Street due to flooding.
SOUTH CAROLINA,45,2015,Flash Flood,0,0,0,0,647.62K,33.1042,-80.0996,"A historic flooding event affected the Carolinas from October 1-7, 2015. A stalled front offshore combined with deep tropical moisture streaming northwest into the area ahead of a strong upper level low pressure system to the west and Hurricane Joaquin well to the east. This led to historic 4-day rainfall totals with  widespread amounts of 15-20 inches and localized amounts over 25 inches, mainly in the Charleston Tri-County area.  Flash flooding was prevalent for several days and eventually led to Flash Flood Emergencies for Charleston, Berkeley, Dorchester and Colleton counties during the morning hours of October 4, 2015.  Many people had to be rescued by emergency personnel while significant damage occurred to numerous properties and roads. Tides were also historically high due to the recent perigean spring tide and persistent onshore winds, exacerbating and prolonging flooding across the area and along the coast, especially in downtown Charleston. ||The most significant flooding occurred in areas along and near smaller creeks and streams, especially those that were tributaries to larger rivers such as the Edisto, Ashley, Cooper, and Santee. In addition to impacting thousands of homes and businesses, flood waters also damaged many roads and bridges in the area, causing significant travel disruptions that lasted for multiple days. Furthermore, some roads and bridges were so badly damaged that it will likely take weeks to months to repair.||As of 12/31/15, a SCEMD report indicated an estimated total monetary damage of $4,533,337 in Berkeley County, $18,213,860 in Charleston County, $2,030,879 in Colleton County and $6,186,909 in Dorchester County for the flood event. Total costs for each county have been divided equally to each flash flood report within that particular county for this flood event and are considered estimates only.",Social media users posted photos and videos of Gross Avenue washed out with water overrunning the remaining road surface between Farrell Street and Hickory Hill Drive.
SOUTH CAROLINA,45,2015,Flash Flood,0,0,0,0,647.62K,33.0738,-79.9667,"A historic flooding event affected the Carolinas from October 1-7, 2015. A stalled front offshore combined with deep tropical moisture streaming northwest into the area ahead of a strong upper level low pressure system to the west and Hurricane Joaquin well to the east. This led to historic 4-day rainfall totals with  widespread amounts of 15-20 inches and localized amounts over 25 inches, mainly in the Charleston Tri-County area.  Flash flooding was prevalent for several days and eventually led to Flash Flood Emergencies for Charleston, Berkeley, Dorchester and Colleton counties during the morning hours of October 4, 2015.  Many people had to be rescued by emergency personnel while significant damage occurred to numerous properties and roads. Tides were also historically high due to the recent perigean spring tide and persistent onshore winds, exacerbating and prolonging flooding across the area and along the coast, especially in downtown Charleston. ||The most significant flooding occurred in areas along and near smaller creeks and streams, especially those that were tributaries to larger rivers such as the Edisto, Ashley, Cooper, and Santee. In addition to impacting thousands of homes and businesses, flood waters also damaged many roads and bridges in the area, causing significant travel disruptions that lasted for multiple days. Furthermore, some roads and bridges were so badly damaged that it will likely take weeks to months to repair.||As of 12/31/15, a SCEMD report indicated an estimated total monetary damage of $4,533,337 in Berkeley County, $18,213,860 in Charleston County, $2,030,879 in Colleton County and $6,186,909 in Dorchester County for the flood event. Total costs for each county have been divided equally to each flash flood report within that particular county for this flood event and are considered estimates only.","Law enforcement reported several roads closed due to flooding. Roads closed included Jedburg Road at a bridge between Riley Lane and Ernies Way, Old Whitesville Road and Cypress Gardens road from Old Highway 52 to the boat landing. Rising water was also reported on the Interstate 26 on and off ramps at College Park Road. A tree was also reported down across Old Highway 52 near the Berkeley Country Club."
SOUTH CAROLINA,45,2015,Flood,0,0,0,0,0.00K,32.9251,-80.3853,"A historic flooding event affected the Carolinas from October 1-7, 2015. A stalled front offshore combined with deep tropical moisture streaming northwest into the area ahead of a strong upper level low pressure system to the west and Hurricane Joaquin well to the east. This led to historic 4-day rainfall totals with widespread amounts of 15-20 inches and localized amounts over 25 inches, mainly in the Charleston Tri-County area. Flash flooding was prevalent for several days and eventually led to Flash Flood Emergencies for Charleston, Berkeley, Dorchester and Colleton counties during the morning hours of October 4, 2015. Many people had to be rescued by emergency personnel while significant damage occurred to numerous properties and roads. Tides were also historically high due to the recent perigean spring tide and persistent onshore winds, exacerbating and prolonging flooding across the area and along the coast, especially in downtown Charleston.||The most significant flooding occurred in areas along and near smaller creeks and streams, especially those that were tributaries to larger rivers such as the Edisto, Ashley, Cooper, and Santee. In addition to impacting thousands of homes and businesses, flood waters also damaged many roads and bridges in the area, causing significant travel disruptions that lasted for multiple days. Furthermore, some roads and bridges were so badly damaged that it will likely take weeks to months to repair.||As of 12/31/15, a SCEMD report indicated an estimated total monetary damage of $4,533,337 in Berkeley County, $18,213,860 in Charleston County, $2,030,879 in Colleton County and $6,186,909 in Dorchester County from the flood event.  Total costs for each county have been divided equally to each flash flood report within that particular county for this flood event and are considered estimates only.","An emergency manager reported several roads closed due to rising river levels on the Edisto River. Roads closed included Long Creek Landing Road, Good Hope Landing Lane, Ladolce Lane, Pierce Road and the end of Lakeview Lane."
SOUTH CAROLINA,45,2015,Flood,0,0,0,0,0.00K,32.56,-80.46,"A historic flooding event affected the Carolinas from October 1-7, 2015. A stalled front offshore combined with deep tropical moisture streaming northwest into the area ahead of a strong upper level low pressure system to the west and Hurricane Joaquin well to the east. This led to historic 4-day rainfall totals with widespread amounts of 15-20 inches and localized amounts over 25 inches, mainly in the Charleston Tri-County area. Flash flooding was prevalent for several days and eventually led to Flash Flood Emergencies for Charleston, Berkeley, Dorchester and Colleton counties during the morning hours of October 4, 2015. Many people had to be rescued by emergency personnel while significant damage occurred to numerous properties and roads. Tides were also historically high due to the recent perigean spring tide and persistent onshore winds, exacerbating and prolonging flooding across the area and along the coast, especially in downtown Charleston.||The most significant flooding occurred in areas along and near smaller creeks and streams, especially those that were tributaries to larger rivers such as the Edisto, Ashley, Cooper, and Santee. In addition to impacting thousands of homes and businesses, flood waters also damaged many roads and bridges in the area, causing significant travel disruptions that lasted for multiple days. Furthermore, some roads and bridges were so badly damaged that it will likely take weeks to months to repair.||As of 12/31/15, a SCEMD report indicated an estimated total monetary damage of $4,533,337 in Berkeley County, $18,213,860 in Charleston County, $2,030,879 in Colleton County and $6,186,909 in Dorchester County from the flood event.  Total costs for each county have been divided equally to each flash flood report within that particular county for this flood event and are considered estimates only.",An emergency manager reported Island Flats Lane and a bridge on Baldwin Lane impassable due to rising water levels on the Ashepoo River and Mosquito Creek.
SOUTH CAROLINA,45,2015,Flood,0,0,0,0,0.00K,32.7032,-80.8149,"A historic flooding event affected the Carolinas from October 1-7, 2015. A stalled front offshore combined with deep tropical moisture streaming northwest into the area ahead of a strong upper level low pressure system to the west and Hurricane Joaquin well to the east. This led to historic 4-day rainfall totals with widespread amounts of 15-20 inches and localized amounts over 25 inches, mainly in the Charleston Tri-County area. Flash flooding was prevalent for several days and eventually led to Flash Flood Emergencies for Charleston, Berkeley, Dorchester and Colleton counties during the morning hours of October 4, 2015. Many people had to be rescued by emergency personnel while significant damage occurred to numerous properties and roads. Tides were also historically high due to the recent perigean spring tide and persistent onshore winds, exacerbating and prolonging flooding across the area and along the coast, especially in downtown Charleston.||The most significant flooding occurred in areas along and near smaller creeks and streams, especially those that were tributaries to larger rivers such as the Edisto, Ashley, Cooper, and Santee. In addition to impacting thousands of homes and businesses, flood waters also damaged many roads and bridges in the area, causing significant travel disruptions that lasted for multiple days. Furthermore, some roads and bridges were so badly damaged that it will likely take weeks to months to repair.||As of 12/31/15, a SCEMD report indicated an estimated total monetary damage of $4,533,337 in Berkeley County, $18,213,860 in Charleston County, $2,030,879 in Colleton County and $6,186,909 in Dorchester County from the flood event.  Total costs for each county have been divided equally to each flash flood report within that particular county for this flood event and are considered estimates only.",An emergency manager reported Pub Landing Lane impassable past the 500 block due to rising river levels.
SOUTH CAROLINA,45,2015,Flood,0,0,0,0,0.00K,32.7629,-80.4562,"A historic flooding event affected the Carolinas from October 1-7, 2015. A stalled front offshore combined with deep tropical moisture streaming northwest into the area ahead of a strong upper level low pressure system to the west and Hurricane Joaquin well to the east. This led to historic 4-day rainfall totals with widespread amounts of 15-20 inches and localized amounts over 25 inches, mainly in the Charleston Tri-County area. Flash flooding was prevalent for several days and eventually led to Flash Flood Emergencies for Charleston, Berkeley, Dorchester and Colleton counties during the morning hours of October 4, 2015. Many people had to be rescued by emergency personnel while significant damage occurred to numerous properties and roads. Tides were also historically high due to the recent perigean spring tide and persistent onshore winds, exacerbating and prolonging flooding across the area and along the coast, especially in downtown Charleston.||The most significant flooding occurred in areas along and near smaller creeks and streams, especially those that were tributaries to larger rivers such as the Edisto, Ashley, Cooper, and Santee. In addition to impacting thousands of homes and businesses, flood waters also damaged many roads and bridges in the area, causing significant travel disruptions that lasted for multiple days. Furthermore, some roads and bridges were so badly damaged that it will likely take weeks to months to repair.||As of 12/31/15, a SCEMD report indicated an estimated total monetary damage of $4,533,337 in Berkeley County, $18,213,860 in Charleston County, $2,030,879 in Colleton County and $6,186,909 in Dorchester County from the flood event.  Total costs for each county have been divided equally to each flash flood report within that particular county for this flood event and are considered estimates only.",An emergency manager reported Adeline Lane off Hope Plantation Lane impassible due to rising river levels on the Edisto River.
SOUTH CAROLINA,45,2015,Flood,0,0,0,0,0.00K,32.9752,-80.196,"A historic flooding event affected the Carolinas from October 1-7, 2015. A stalled front offshore combined with deep tropical moisture streaming northwest into the area ahead of a strong upper level low pressure system to the west and Hurricane Joaquin well to the east. This led to historic 4-day rainfall totals with widespread amounts of 15-20 inches and localized amounts over 25 inches, mainly in the Charleston Tri-County area. Flash flooding was prevalent for several days and eventually led to Flash Flood Emergencies for Charleston, Berkeley, Dorchester and Colleton counties during the morning hours of October 4, 2015. Many people had to be rescued by emergency personnel while significant damage occurred to numerous properties and roads. Tides were also historically high due to the recent perigean spring tide and persistent onshore winds, exacerbating and prolonging flooding across the area and along the coast, especially in downtown Charleston.||The most significant flooding occurred in areas along and near smaller creeks and streams, especially those that were tributaries to larger rivers such as the Edisto, Ashley, Cooper, and Santee. In addition to impacting thousands of homes and businesses, flood waters also damaged many roads and bridges in the area, causing significant travel disruptions that lasted for multiple days. Furthermore, some roads and bridges were so badly damaged that it will likely take weeks to months to repair.||As of 12/31/15, a SCEMD report indicated an estimated total monetary damage of $4,533,337 in Berkeley County, $18,213,860 in Charleston County, $2,030,879 in Colleton County and $6,186,909 in Dorchester County from the flood event.  Total costs for each county have been divided equally to each flash flood report within that particular county for this flood event and are considered estimates only.","A NWS Storm Survey indicated bridges along Highway 17A, Bacons Bridge Road and Highway 61 over the Ashley River were closed due to rising river levels."
SOUTH CAROLINA,45,2015,Thunderstorm Wind,0,0,0,0,3.00K,34.156,-79.7479,"The atmosphere was highly unstable with high mixed layer CAPE values and steep lapse rates. The environment was also characterized by high precipitable water values. Developing thunderstorms were able to utilize these ingredients, resulting in pulse severe thunderstorms.",A few large trees were reported down along Pamplico Highway causing traffic disruptions. The time was estimated based on radar data.
SOUTH CAROLINA,45,2015,Thunderstorm Wind,0,0,0,0,20.00K,34.1877,-79.7308,"The atmosphere was highly unstable with high mixed layer CAPE values and steep lapse rates. The environment was also characterized by high precipitable water values. Developing thunderstorms were able to utilize these ingredients, resulting in pulse severe thunderstorms.",The ASOS at the Florence Regional Airport measured a 64 mph wind gust. Some of the windows at the airport were reportedly blown out. The terminal was evacuated. Trees were reported down on airport property.
SOUTH CAROLINA,45,2015,Thunderstorm Wind,0,0,0,0,5.00K,34.23,-79.73,"The atmosphere was highly unstable with high mixed layer CAPE values and steep lapse rates. The environment was also characterized by high precipitable water values. Developing thunderstorms were able to utilize these ingredients, resulting in pulse severe thunderstorms.",Several trees were reported down.
SOUTH CAROLINA,45,2015,Hail,0,0,0,0,NA,35.17,-82.2,A couple of thunderstorms moved out of North Carolina during the late afternoon and produced a brief severe weather across portions of Spartanburg and Cherokee Counties.,Public reported quarter size hail near Landrum.
SOUTH CAROLINA,45,2015,Thunderstorm Wind,0,0,0,0,0.00K,35.07,-81.63,A couple of thunderstorms moved out of North Carolina during the late afternoon and produced a brief severe weather across portions of Spartanburg and Cherokee Counties.,"Newspaper reported multiple trees blown down in Gaffney, including along Thompson St and E Jefferies St."
SOUTH CAROLINA,45,2015,Thunderstorm Wind,0,0,0,0,0.00K,34.29,-82.25,"Scattered thunderstorms developed across Upstate South Carolina during the afternoon. While most of the severe weather occurred in North Carolina, brief severe storms  affected portions of the Piedmont.",Spotter reported multiple large tree limbs blown down on Emerson St.
SOUTH CAROLINA,45,2015,Thunderstorm Wind,0,0,0,0,50.00K,34.1959,-79.7474,"The atmosphere was highly unstable with high mixed layer CAPE values and steep lapse rates. The environment was also characterized by high precipitable water values. Developing thunderstorms were able to utilize these ingredients, resulting in pulse severe thunderstorms.",Numerous trees and power lines were either reported down or snapped along E Palmetto Street. Some trees fell onto homes and cars causing some damage. There were numerous people without power. There was reportedly minor damage to small sheds as well. The time was estimated based on radar data.
SOUTH CAROLINA,45,2015,Thunderstorm Wind,0,0,0,0,0.00K,35.15,-81.58,"Scattered thunderstorms developed across Upstate South Carolina during the afternoon. While most of the severe weather occurred in North Carolina, brief severe storms  affected portions of the Piedmont.",Newspaper reported multiple trees blown down along Shelby Highway and one metal sign blown over on I-85.
SOUTH CAROLINA,45,2015,Thunderstorm Wind,0,0,0,0,0.00K,35.15,-81.43,Isolated thunderstorms developed during the evening across the extreme northern South Carolina Piedmont. One storm produced brief damaging winds across Cherokee County.,Public reported at least one tree blown down at the I-85 South Carolina Welcome Center. FD reported a tree blown down on Antioch Rd and another tree down on Elm Rd.
SOUTH CAROLINA,45,2015,Thunderstorm Wind,0,0,0,0,1.00K,33.9202,-78.9687,Thunderstorms developed along a stationary front and sea breeze boundary. The environment was very unstable. A shortwave lifting northeast from the Gulf Coast and increasing diffluence aloft helped to produce a couple severe thunderstorms.,A tree was reported down on Johnson Shelly Road.
SOUTH CAROLINA,45,2015,Thunderstorm Wind,0,0,0,0,7.00K,33.8091,-79.1443,Thunderstorms developed along a stationary front and sea breeze boundary. The environment was very unstable. A shortwave lifting northeast from the Gulf Coast and increasing diffluence aloft helped to produce a couple severe thunderstorms.,Trees were reportedly down. Two barns were also reported destroyed. The damage occurred on Highway 134 near Pee Dee Elementary School.
SOUTH CAROLINA,45,2015,Hail,0,0,0,0,0.50K,33.69,-79.01,Thunderstorms developed along a stationary front and sea breeze boundary. The environment was very unstable. A shortwave lifting northeast from the Gulf Coast and increasing diffluence aloft helped to produce a couple severe thunderstorms.,Hail to the size of quarters was reported.
SOUTH CAROLINA,45,2015,Tornado,0,0,0,0,NA,34.0192,-81.3603,"Supercell thunderstorms produced four tornadoes in SC.  One occurred in Edgefield county, one in Aiken County, one in Lexington County, and one in Calhoun County. Therre were two injuries in Calhoun county when a mobile home was destroyed. Numerous trees and homes were damaged in and around the town of Aiken.","NWS storm survey found an EF1 tornado took down numerous trees and damaged several homes on the south side of Lake Murray.  The tornado continued across the lake and touched down on Shadowood Road taking down a few trees, some on homes, and also lifted a pontoon boat out of the water dropping it down on a dock on its side."
SOUTH CAROLINA,45,2015,Thunderstorm Wind,0,0,0,0,NA,32.79,-80.78,A strong line of thunderstorms developed across central Georgia in the mid afternoon hours and pushed eastward through southeast South Carolina in the evening. The storms developed within a inland trough of low pressure with a upper shortwave trough helping to force the line. A highly unstable airmass with plentiful mid-level dry air created an environment supportive damaging wind gusts across the region.,South Carolina Highway Patrol reported a tree down on Interstate 95 northbound at mile marker 46.
SOUTH CAROLINA,45,2015,Thunderstorm Wind,0,0,0,0,0.00K,34.63,-82.98,"Widely scattered thunderstorms developed across the mountains and foothills during the late afternoon and early evening. A couple of storms produced localized large hail and damaging winds across Oconee and Anderson Counties. Some of the storms moved into the lower Piedmont late in the evening, producing urban and small stream flash flooding in the Greenwood area.",Law enforcement reported multiple trees blown down along Tokeena Rd between Seneca and Fair Play.
SOUTH CAROLINA,45,2015,Thunderstorm Wind,0,0,0,0,1.00K,34.293,-79.7047,Thunderstorms moved into the area during the evening along and ahead of a pre-frontal trough. The clusters of thunderstorms were moving into an environment characterized by significant shear in the low and mid levels.,A tree was reportedly in the roadway at the intersection of Georgetown Road and Wachovia Hills Road. The time was estimated based on radar data.
SOUTH CAROLINA,45,2015,Hail,0,0,0,0,NA,34.6,-82.75,"A cluster of thunderstorms moved into Upstate South Carolina from northeast Georgia during the afternoon and produced localized severe weather in the form of damaging winds and large hail, mainly over Anderson County.",Public reported penny size hail near Sandy Springs.
SOUTH CAROLINA,45,2015,Thunderstorm Wind,0,0,0,0,12.00K,34.11,-81.64,Scattered thunderstorms produced wind damage that took down trees and powerlines causing some power outages.,Sheriff reported trees and powerlines down with outages north and northeast of Saluda to the Newberry county line.
SOUTH CAROLINA,45,2015,Hail,0,0,0,0,NA,34.21,-80.97,A line of severe thunderstorms moved through the Midlands of SC and produced some large hail and wind damage...mainly trees taken down.,Public reported hail as large as golf ball size in Blythewood along with high winds and torrential rain.
SOUTH CAROLINA,45,2015,Tornado,0,0,0,0,NA,33.481,-81.7618,"Supercell thunderstorms produced four tornadoes in SC.  One occurred in Edgefield county, one in Aiken County, one in Lexington County, and one in Calhoun County. Therre were two injuries in Calhoun county when a mobile home was destroyed. Numerous trees and homes were damaged in and around the town of Aiken.","NWS storm survey found an EF2 tornado touched down near Glenwood Drive and continued across south and southeast Aiken to I-20. Numerous trees and many homes, vehicles, and other structures were damaged on the south side of Aiken."
SOUTH CAROLINA,45,2015,Thunderstorm Wind,0,0,0,0,0.00K,34.47,-81.88,Scattered thunderstorms developed across the mountains and foothills during the early afternoon and moved southeast into the Piedmont during mid-to-late afternoon. A few of the storms produced brief severe weather in the form of damaging winds.,"Spotter reported a large tree blown down on the campus of Presbyterian College in Clinton. County comms reported another tree blown down on I-26 near Clinton, and another tree down near the intersection of Highways 56 and 66 near Joanna."
SOUTH CAROLINA,45,2015,Thunderstorm Wind,0,0,0,0,3.00K,33.92,-82.22,Scattered thunderstorms produced wind damage that took down trees and powerlines causing some power outages.,Dispatch reported trees down on Hwy 378 about 4 miles east of McCormick.
SOUTH CAROLINA,45,2015,Thunderstorm Wind,0,0,0,0,10.00K,34.77,-82.4,"A line of strong to severe thunderstorms pushes into Upstate South Carolina from north Georgia during the evening. The line of storms gradually weakened as it moved east, but not before producing localized wind damage across western portions of the area.","Highway Patrol, media, and public reported multiple trees and some power lines blown down across western Greenville County, from the Golden Grove area, through West Greenville, to Berea, to Travelers Rest. A tree fell on a home in the Berea area and some siding was stripped from a home in the Judson community."
SOUTH CAROLINA,45,2015,Hail,0,0,0,0,NA,34.88,-81.97,"Scattered thunderstorms developed during the evening across the eastern half of Upstate South Carolina. Some of the storms produced brief severe weather, mainly in the form of marginally large hail.",Public reported quarter size hail in the Roebuck area.
SOUTH CAROLINA,45,2015,Thunderstorm Wind,0,0,0,0,2.00K,34.84,-80.84,Scattered thunderstorms produced wind damage around the Midlands and Pee Dee regions taking down trees and powerlines.,Highway Patrol reported trees down on Hwy 5 at Bon Rea Drive.
SOUTH CAROLINA,45,2015,Thunderstorm Wind,0,0,0,0,NA,32.43,-80.75,A strong line of thunderstorms developed across central Georgia in the mid afternoon hours and pushed eastward through southeast South Carolina in the evening. The storms developed within a inland trough of low pressure with a upper shortwave trough helping to force the line. A highly unstable airmass with plentiful mid-level dry air created an environment supportive damaging wind gusts across the region.,Several trees were blown down in the Burton area and one of the trees fell on a house. Damage to the home was unknown.
SOUTH CAROLINA,45,2015,Thunderstorm Wind,0,0,0,0,NA,32.56,-80.33,"Scattered thunderstorms developed in the early to mid afternoon hours and produced damaging wind gusts as they moved toward the coast. The thunderstorms developed within an inland surface trough, in a very unstable environment due to dew points near 80 and temperatures in the upper 90's. Outflow boundary interactions also helped provide enhancements to thunderstorm strength.","A coop observer on Edisto Island reported a large tree blown down along Chisolm Plantation Road. Also, a pine tree, approximately 10 inches in diamter, was snapped off halfway up off Lottie Pope Road on Edisto Island."
SOUTH CAROLINA,45,2015,Thunderstorm Wind,0,0,0,0,NA,32.9,-80.03,Scattered to numerous thunderstorms developed starting in the early afternoon hours and produced damaging wind gusts across southeast South Carolina before pushing off the coast. The storms developed within northwest flow aloft with local enhancements provided by mesoscale boundary interactions. Several of the storms became severe and  produced damaging wind gusts.,A large oak tree split in half along South Aviation Avenue between Aviation Avenue and Remount Road.
SOUTH CAROLINA,45,2015,Thunderstorm Wind,0,0,0,0,NA,32.9,-80.64,Numerous showers and thunderstorms developed after midnight following an afternoon where the atmosphere was sufficiently capped. Thunderstorms developed along mesoscale boundaries and produced damaging wind gusts and even some hail.,Colleton County Emergency Management reported a tree blown down across both lanes at the intersection of Poplar and Hayden Streets.
SOUTH CAROLINA,45,2015,Hail,0,0,0,0,0.25K,34.15,-79.78,"The atmosphere was highly unstable with high mixed layer CAPE values and steep lapse rates. The environment was also characterized by high precipitable water values. Developing thunderstorms were able to utilize these ingredients, resulting in pulse severe thunderstorms.",Hail to the size of nickels was reported.
SOUTH CAROLINA,45,2015,Thunderstorm Wind,0,0,0,0,NA,32.86,-81.25,A very strong line of thunderstorms rapidly developed in the early afternoon hours within a inland surface trough. The line of thunderstorms quickly moved to the southeast and produced numerous damaging wind gusts across much of southeast South Carolina all the way to the coast.,South Carolina Highway Patrol reported that a tree was blown down onto Murdaugh Street at the Walters Place intersection.
SOUTH CAROLINA,45,2015,Thunderstorm Wind,0,0,0,0,8.00K,33.76,-81.01,A squall line of thunderstorms moved south through the Midlands and produced wind damage taking down trees and powerlines.,Dispatch reported trees and powerlines down on Calvary Church Road.
SOUTH CAROLINA,45,2015,Flash Flood,0,0,0,0,2.00K,33.99,-81.03,"Scattered thunderstorms moved though the Midlands and produced some large hail, wind damage, and very intense rains that produced flash flooding.",USGS cameras showed the intersection of Main and Whaley flooded and impassable. The Rocky Branch Creek peaked at 9.81 feet.
SOUTH CAROLINA,45,2015,Flash Flood,0,0,0,0,2.00K,34.0712,-81.1335,"Scattered thunderstorms moved though the Midlands and produced some large hail, wind damage, and very intense rains that produced flash flooding.",Sheriff reported 3 to 4 feet of water covering the 5300 block of Broad River Road near  Youth Services Drive.
SOUTH CAROLINA,45,2015,Flash Flood,0,0,0,0,2.00K,34.1,-81.18,"Scattered thunderstorms moved though the Midlands and produced some large hail, wind damage, and very intense rains that produced flash flooding.",Sheriff reported significant road flooding at Broad River Road and Royal Tower Drive.
SOUTH CAROLINA,45,2015,Flash Flood,0,0,0,0,8.00K,34.06,-81.19,"Scattered thunderstorms moved though the Midlands and produced some large hail, wind damage, and very intense rains that produced flash flooding.",Social Media report via Facebook showed a home with a flooded basement.
SOUTH CAROLINA,45,2015,Flash Flood,0,0,0,0,14.00K,34.07,-81.15,"Scattered thunderstorms moved though the Midlands and produced some large hail, wind damage, and very intense rains that produced flash flooding.",Sheriff reported flooding at the Country Walk Apartments at 408 Fox Fire Drive near Bower Parkway and Piney Grove Road. Road was impassable with one stranded vehicle.
SOUTH CAROLINA,45,2015,Hail,0,0,0,0,4.00K,34.36,-81.7,"Scattered thunderstorms moved though the Midlands and produced some large hail, wind damage, and very intense rains that produced flash flooding.",Public reported nickel to quarter size hail with a few pieces up to half dollar size near Jalapa off of US 76.
SOUTH CAROLINA,45,2015,Hail,0,0,0,0,0.00K,34.15,-80.44,"Scattered thunderstorms moved though the Midlands and produced some large hail, wind damage, and very intense rains that produced flash flooding.","Public, via Social Media, reported quarter size hail in Spring Hill."
SOUTH CAROLINA,45,2015,Heavy Rain,0,0,0,0,4.00K,34.05,-81.22,"Scattered thunderstorms moved though the Midlands and produced some large hail, wind damage, and very intense rains that produced flash flooding.",RCWINDS Lake Murray site received 3.39 inches of rain between 12:50am and 1:50am...1.85 inches fell in a 15 minute period ending at 1:20am.
SOUTH CAROLINA,45,2015,Heavy Rain,0,0,0,0,0.00K,33.94,-81.12,"Scattered thunderstorms moved though the Midlands and produced some large hail, wind damage, and very intense rains that produced flash flooding.",Heavy rain of 1.91 inches fell in a 37 minute period at the Columbia Metro Airport.
SOUTH CAROLINA,45,2015,Heavy Rain,0,0,0,0,0.00K,34.05,-81.11,"Scattered thunderstorms moved though the Midlands and produced some large hail, wind damage, and very intense rains that produced flash flooding.",RCWINDS mesonet site near Broad River and St. Andrews received 2.36 inches of rain...around 2 inches fell within a one hour period.
SOUTH CAROLINA,45,2015,Thunderstorm Wind,0,0,0,0,6.00K,34.14,-80.88,"Scattered thunderstorms moved though the Midlands and produced some large hail, wind damage, and very intense rains that produced flash flooding.",Highway Patrol reported trees down at Summit Parkway and Clemson Road.
SOUTH CAROLINA,45,2015,Thunderstorm Wind,0,0,0,0,4.00K,34.35,-81.69,"Scattered thunderstorms moved though the Midlands and produced some large hail, wind damage, and very intense rains that produced flash flooding.",Highway Patrol reported trees down at 262 Jalapa Road.
SOUTH CAROLINA,45,2015,Thunderstorm Wind,0,0,0,0,12.00K,34.29,-81.62,"Scattered thunderstorms moved though the Midlands and produced some large hail, wind damage, and very intense rains that produced flash flooding.",Sheriff reported multiple trees and powerlines down around Newberry College.
SOUTH CAROLINA,45,2015,Thunderstorm Wind,0,0,0,0,3.00K,34.44,-81.21,"Scattered thunderstorms moved though the Midlands and produced some large hail, wind damage, and very intense rains that produced flash flooding.",Dispatch reported trees down on Old Douglass Road.
SOUTH CAROLINA,45,2015,Thunderstorm Wind,0,0,0,0,2.00K,34.44,-81.14,"Scattered thunderstorms moved though the Midlands and produced some large hail, wind damage, and very intense rains that produced flash flooding.",Highway Patrol reported trees down on Old Airport Road.
SOUTH CAROLINA,45,2015,Thunderstorm Wind,0,0,0,0,0.50K,34.08,-80.09,"Scattered thunderstorms moved though the Midlands and produced some large hail, wind damage, and very intense rains that produced flash flooding.",Dispatch reported a tree down on Lynchburg Highway.
SOUTH CAROLINA,45,2015,Thunderstorm Wind,0,0,0,0,4.00K,34.05,-80.34,"Scattered thunderstorms moved though the Midlands and produced some large hail, wind damage, and very intense rains that produced flash flooding.",Highway Patrol reported trees down at Westbury Mill Road at Dubose Siding Road.
SOUTH CAROLINA,45,2015,Tornado,0,0,0,0,1.54M,32.7192,-80.0552,"A large mid and upper level low helped to draw deep moisture into southeast South Carolina while a low pressure system at the surface became centered off the southeast coast. The low tracked slowly west-northwest and aided in backing the low level wind field along the South Carolina coast. Overnight, coastal front lifted northward and allowed for surface based instability to spread inland from the adjacent coastal waters. Scattered to numerous thunderstorms developed over the coastal waters late in the evening and a few of these exhibited supercell characteristics including strong low level rotation. One thunderstorm in particular quickly strengthened as it moved onshore at Kiawah Island near the coastal front. The storm deepened and rapidly developed strengthening low and mid-level rotation. The thunderstorm soon showed numerous radar characteristics suggestive of a ongoing tornado. Ultimately the thunderstorm spawned a tornado that created a 7 mile path of damage.","A National Weather Service storm survey team confirmed a tornado on Johns Island. The tornado touched down near Cane Slash Road where one home had a portion of its roof ripped off. The tornado then tracked to the north-northwest and crossed Maybank Highway and Brownswood Road, causing minor damage to a few homes and extensive damage to trees. The tornado then tracked further north-northwest and caused the most significant damage along its path on Sonny Boy Lane, where damage to two homes was consistent with a high end EF-2 tornado. At one home, only a small portion of the roof was left intact as the rest of the roof and most of the exterior walls of the well built brick home were knocked down. A large portion of this roof and a ground level air condition unit were hurled about 150 yards. At another well built home across the street, the entire back portion of the two story house was ripped off.  From there, the tornado continued its north-northwest track crossing River Road, the Stono River, Main Road, and eventually Highway 17 where it dissipated. Along this portion of the path the tornado produced widespread destruction to numerous acres of trees and damage to the roofs of two businesses near Highway 17. According to a damage assessment performed by the Charleston County Building Services Department, 51 total structures were damaged including 33 with moderate or worse damage and 18 with only minor damage.  The total damage estimate resulting solely from structures was $1,539,000. Thousands and thousands of trees were uprooted or snapped off with many falling onto structures, vehicles, and roadways. The tree damage was so extensive and widespread that several roads along the path were impassable for a few days following the event."
SOUTH CAROLINA,45,2015,Thunderstorm Wind,0,0,0,0,100.00K,34.87,-82.38,"Widely scattered thunderstorms developed across the foothills and eastern Piedmont of South Carolina during the evening, and moved south/southwest. A few of the storms produced brief severe weather, mainly in the form of damaging winds.","Newspaper reported multiple trees blown down throughout the city of Greenville. One tree fell on a home on Webster Ave, causing significant damage. Another tree fell across I-385 near Stone Ave, blocking traffic for some time. A wind gust of 59 mph (51 knots) was also measured by the ASOS at the Greenville Downtown airport."
SOUTH CAROLINA,45,2015,Thunderstorm Wind,0,0,0,0,0.00K,35.13,-81.19,"Widely scattered thunderstorms developed across the foothills and eastern Piedmont of South Carolina during the evening, and moved south/southwest. A few of the storms produced brief severe weather, mainly in the form of damaging winds.","County comms reported multiple trees and power lines blown down across northern York County, particularly across the town of Clover."
SOUTH CAROLINA,45,2015,Thunderstorm Wind,0,0,0,0,5.00K,34.38,-81.95,"Widely scattered thunderstorms developed across the foothills and eastern Piedmont of South Carolina during the evening, and moved south/southwest. A few of the storms produced brief severe weather, mainly in the form of damaging winds.","County comms reported a couple of trees blown down, with one tree down across a front porch."
SOUTH CAROLINA,45,2015,Hail,0,0,0,0,NA,34.85,-82.4,"Widely scattered thunderstorms developed across the foothills and eastern Piedmont of South Carolina during the evening, and moved south/southwest. A few of the storms produced brief severe weather, mainly in the form of damaging winds.",Public reported quarter size hail in Downtown Greenville.
SOUTH CAROLINA,45,2015,Flash Flood,0,0,0,0,1.00K,33.99,-82.104,"Widespread moderate to heavy rain developed across the South Carolina Piedmont along and north of a stationary front. A localized flash flood event developed during the early morning hours across rural areas of Greenwood County, after 2 to 3 inches of rain fell in just a few hours.",Public reported Cuffytown Creek overflowed its banks in the Kirksey/Callison area after 2 to 3 inches of rain fell in just a few hours. Several rural roads were flooded.
SOUTH CAROLINA,45,2015,Hail,0,0,0,0,NA,34.34,-81.99,An isolated afternoon thunderstorm developing over the southern South Carolina Piedmont produced brief large hail over Laurens County.,Public reported dime to quarter size hail near Mountville.
SOUTH CAROLINA,45,2015,Thunderstorm Wind,0,0,0,0,4.00K,33.5934,-79.8732,A long-lived cluster of strong to severe thunderstorms moved across the area during the evening. A meso-low developed which allowed the convection to persist well into the late night hours. This was all ahead of a slow moving cold front across the central Carolinas.,Power poles and power lines were reported down along U.S. 521.
SOUTH CAROLINA,45,2015,Thunderstorm Wind,0,0,0,0,1.00K,33.385,-79.4136,A long-lived cluster of strong to severe thunderstorms moved across the area during the evening. A meso-low developed which allowed the convection to persist well into the late night hours. This was all ahead of a slow moving cold front across the central Carolinas.,A tree was reported down on U.S. 521. The time was estimated based on radar data.
SOUTH CAROLINA,45,2015,Flash Flood,0,0,0,0,32.00K,33.9629,-81.0226,Rainfall amounts of 1 to 3 inches over central Richland County produced areas of flash flooding in Columbia closing several streets and stranding some vehicles.,USGS camera at Main and Whaley showed flash flooding with water levels rising 3 to 4 feet above the road stranding several vehicles. Flooding on Hwy 1 near I-26 closed that intersection as well where water levels were 1 to 2 feet deep.
SOUTH CAROLINA,45,2015,Thunderstorm Wind,0,0,0,0,NA,32.54,-81.01,"Scattered to numerous thunderstorms developed in the afternoon hours in a summer-like airmass across southeast South Carolina. A few of these storms interacted with the sea breeze and became severe, producing damaging wind gusts.",South Carolina Highway Patrol reported a tree down at the intersection of Highway 278 and Calf Pen Bay Road.
SOUTH CAROLINA,45,2015,Thunderstorm Wind,0,0,0,0,NA,32.53,-80.75,"Scattered to numerous thunderstorms developed in the afternoon hours in a summer-like airmass across southeast South Carolina. A few of these storms interacted with the sea breeze and became severe, producing damaging wind gusts.",Beaufort County Emergency Management conducted a storm survey and found that a thunderstorm downburst occurred along Seabook Road near Highway 21. Ten large water oaks were blown over or snapped off on Seabrook Road. Another tree was blown down on Highway 21 near Stuart Point Road. The magnitude and extent of the damage was consistent with straight line winds estimated to be around 70 miles per hour.
SOUTH CAROLINA,45,2015,Thunderstorm Wind,0,0,0,0,NA,32.67,-81.02,"Scattered to numerous thunderstorms developed in the afternoon hours in a summer-like airmass across southeast South Carolina. A few of these storms interacted with the sea breeze and became severe, producing damaging wind gusts.",Jasper County law enforcement reported several trees down on Heritage Road.
SOUTH CAROLINA,45,2015,Thunderstorm Wind,0,0,0,0,NA,32.53,-81.15,"Scattered to numerous thunderstorms developed in the afternoon hours in a summer-like airmass across southeast South Carolina. A few of these storms interacted with the sea breeze and became severe, producing damaging wind gusts.",South Carolina Highway Patrol reported a tree down at Highway 321 and Tarboro Road.
SOUTH CAROLINA,45,2015,Thunderstorm Wind,0,0,0,0,NA,32.6,-80.99,"Scattered to numerous thunderstorms developed in the afternoon hours in a summer-like airmass across southeast South Carolina. A few of these storms interacted with the sea breeze and became severe, producing damaging wind gusts.",South Carolina Highway Patrol reported several trees down on Morgandollar Road.
SOUTH CAROLINA,45,2015,Thunderstorm Wind,0,0,0,0,NA,32.5,-81.02,"Scattered to numerous thunderstorms developed in the afternoon hours in a summer-like airmass across southeast South Carolina. A few of these storms interacted with the sea breeze and became severe, producing damaging wind gusts.",South Carolina Highway Patrol reported a tree down near Tarboro Road and Malphrus Road.
SOUTH CAROLINA,45,2015,Thunderstorm Wind,0,0,0,0,1.00K,33.5302,-79.7694,A long-lived cluster of strong to severe thunderstorms moved across the area during the evening. A meso-low developed which allowed the convection to persist well into the late night hours. This was all ahead of a slow moving cold front across the central Carolinas.,A tree was reported in the roadway at the intersection of Taft Road and Mabel Lane. The time was estimated based on radar data.
SOUTH CAROLINA,45,2015,Thunderstorm Wind,0,0,0,0,NA,32.85,-80.69,"Thunderstorms developed well inland in the late afternoon hours and tracked to the east. As these thunderstorms got closer to the coast, they interacted with the residual sea breeze boundary and quickly strengthened. The storms produced strong damaging wind gusts all the way to the southeast South Carolina coast.",South Carolina Highway Patrol reported a tree down at Dantzler Lane and Hendersonville Highway.
SOUTH CAROLINA,45,2015,Thunderstorm Wind,0,0,0,0,NA,33.28,-80.24,"Thunderstorms developed well inland in the late afternoon hours and tracked to the east. As these thunderstorms got closer to the coast, they interacted with the residual sea breeze boundary and quickly strengthened. The storms produced strong damaging wind gusts all the way to the southeast South Carolina coast.",Berkeley County Emergency Management reported trees down on power lines along Highway 311.
SOUTH CAROLINA,45,2015,Thunderstorm Wind,0,0,0,0,NA,32.94,-80.56,"Thunderstorms developed well inland in the late afternoon hours and tracked to the east. As these thunderstorms got closer to the coast, they interacted with the residual sea breeze boundary and quickly strengthened. The storms produced strong damaging wind gusts all the way to the southeast South Carolina coast.",South Carolina Highway Patrol reported a tree down at the intersection of Merrick Drive and Cottageville Highway.
SOUTH CAROLINA,45,2015,Thunderstorm Wind,0,0,0,0,NA,33.4,-79.97,"Thunderstorms developed well inland in the late afternoon hours and tracked to the east. As these thunderstorms got closer to the coast, they interacted with the residual sea breeze boundary and quickly strengthened. The storms produced strong damaging wind gusts all the way to the southeast South Carolina coast.",Berkeley County Emergency Management reported trees down at the intersection of Russellville Road and Highway 35.
SOUTH CAROLINA,45,2015,Thunderstorm Wind,0,0,0,0,NA,33.01,-80.04,"Thunderstorms developed well inland in the late afternoon hours and tracked to the east. As these thunderstorms got closer to the coast, they interacted with the residual sea breeze boundary and quickly strengthened. The storms produced strong damaging wind gusts all the way to the southeast South Carolina coast.","A trained spotter reported a tree, 10 inches in diameter, snapped off near St. James Avenue and Central Avenue."
SOUTH CAROLINA,45,2015,Thunderstorm Wind,0,0,0,0,NA,32.94,-80.04,"Thunderstorms developed well inland in the late afternoon hours and tracked to the east. As these thunderstorms got closer to the coast, they interacted with the residual sea breeze boundary and quickly strengthened. The storms produced strong damaging wind gusts all the way to the southeast South Carolina coast.",A former National Weather Service employee reported winds gusting to 60 mph with several large tree limbs broken.
SOUTH CAROLINA,45,2015,Thunderstorm Wind,0,0,0,0,NA,33.21,-80.01,"Thunderstorms developed well inland in the late afternoon hours and tracked to the east. As these thunderstorms got closer to the coast, they interacted with the residual sea breeze boundary and quickly strengthened. The storms produced strong damaging wind gusts all the way to the southeast South Carolina coast.",South Carolina Highway Patrol reported a tree down near the intersection of Sandy Drive and Hill Street.
SOUTH CAROLINA,45,2015,Thunderstorm Wind,0,0,0,0,NA,33.21,-79.92,"Thunderstorms developed well inland in the late afternoon hours and tracked to the east. As these thunderstorms got closer to the coast, they interacted with the residual sea breeze boundary and quickly strengthened. The storms produced strong damaging wind gusts all the way to the southeast South Carolina coast.",South Carolina Highway Patrol reported a tree down near the intersection of Cane Gulley Road and Bullhead Road.
SOUTH CAROLINA,45,2015,Thunderstorm Wind,0,0,0,0,NA,32.8,-79.9,"Thunderstorms developed well inland in the late afternoon hours and tracked to the east. As these thunderstorms got closer to the coast, they interacted with the residual sea breeze boundary and quickly strengthened. The storms produced strong damaging wind gusts all the way to the southeast South Carolina coast.",The Mount Pleasant Fire Department reported that a large tent was blown over and destroyed at Waterfront Park. The tent was estimated to weight 400-500 pounds.
SOUTH CAROLINA,45,2015,Thunderstorm Wind,0,0,0,0,NA,32.79,-79.86,"Thunderstorms developed well inland in the late afternoon hours and tracked to the east. As these thunderstorms got closer to the coast, they interacted with the residual sea breeze boundary and quickly strengthened. The storms produced strong damaging wind gusts all the way to the southeast South Carolina coast.",The Mount Pleasant Police Department reported a tree down on a power line at King Street and Lonnie Circle.
SOUTH CAROLINA,45,2015,Flash Flood,0,0,0,0,4.00K,33.9979,-80.2342,Locally heavy rainfall amounts of 2-4 inches in a 2 hour period produced flash flooding in portions of Sumter and Lee Counties. Several roads were closed.,"Sumter County Dispatch reported flooding on Lafayette Street, Calhoun Road, and Broad Street.  Several rural roads in the area were also flooded and temporarily closed."
SOUTH CAROLINA,45,2015,Hail,0,0,0,0,NA,35.16,-81.86,Scattered thunderstorms developed during the late afternoon and evening along a stationary front near the North Carolina/South Carolina border. One severe storm produced brief severe weather over Cherokee County.,Media reported hail slightly larger than quarter size just north of Chesnee.
SOUTH CAROLINA,45,2015,Flash Flood,0,0,0,0,0.00K,32.4531,-80.9011,"A mid level shortwave trough passed just north and west of the region throughout the day. Forcing associated with this feature interacted with a deep plume of moisture, helping produce widespread rain along and east of Interstate 95.  Training of showers and thunderstorms led to precipitation rates as high as 3 to 4 inches per hour and resulted in several areas of flash flooding particularly in the Charleston Tri-County region during the morning rush hour.  Many locations reported 4 to 8 inches of rain and an elevated morning high tide exacerbated flooding in coastal locations, including downtown Charleston.",Law enforcement reported the intersection of Lowcountry Drive and Chippa Willow Road closed due to high water.
SOUTH CAROLINA,45,2015,Flash Flood,0,0,0,0,0.00K,32.9021,-79.9913,"A mid level shortwave trough passed just north and west of the region throughout the day. Forcing associated with this feature interacted with a deep plume of moisture, helping produce widespread rain along and east of Interstate 95.  Training of showers and thunderstorms led to precipitation rates as high as 3 to 4 inches per hour and resulted in several areas of flash flooding particularly in the Charleston Tri-County region during the morning rush hour.  Many locations reported 4 to 8 inches of rain and an elevated morning high tide exacerbated flooding in coastal locations, including downtown Charleston.",The Charleston County 911 Call Center reported water entering homes at the intersection of Remount Road and Chatham Avenue.
SOUTH CAROLINA,45,2015,Thunderstorm Wind,0,0,0,0,NA,32.43,-80.48,"A warm and moist airmass developed over southeast South Carolina well ahead of an approaching cold front. A few severe thunderstorms developed within the airmass, producing strong and damaging winds.",The Beaufort County 911 Call Center reported a tree down near the intersection of Janette Drive and Coffin Point Road.
SOUTH CAROLINA,45,2015,Thunderstorm Wind,0,0,0,0,35.00K,33.9467,-78.8702,An upper level disturbance moved across a very moist and unstable air mass. Multiple boundary interactions enhanced the risk for severe thunderstorms.,"A house and shed were destroyed on Highway 366. A tree fell onto another house located on the property and crushed the porch. Other trees were uprooted. Based on video and photos, the National Weather Service concluded the damage was the result of a microburst with winds up to 75 mph."
SOUTH CAROLINA,45,2015,Thunderstorm Wind,0,0,0,0,1.00K,33.4114,-79.1329,A weak front moved into a highly unstable air mass and produced wind damage.,Power lines were reportedly toppled in Pawleys Island.
SOUTH CAROLINA,45,2015,Flash Flood,0,0,0,0,0.00K,32.9227,-80.0325,"A mid level shortwave trough passed just north and west of the region throughout the day. Forcing associated with this feature interacted with a deep plume of moisture, helping produce widespread rain along and east of Interstate 95.  Training of showers and thunderstorms led to precipitation rates as high as 3 to 4 inches per hour and resulted in several areas of flash flooding particularly in the Charleston Tri-County region during the morning rush hour.  Many locations reported 4 to 8 inches of rain and an elevated morning high tide exacerbated flooding in coastal locations, including downtown Charleston.",The Charleston County 911 Call Center reported Rivers Avenue closed between Eagle Drive and Midland Park Road due to flooding.
SOUTH CAROLINA,45,2015,Flash Flood,0,0,0,0,0.00K,32.8489,-79.9402,"A mid level shortwave trough passed just north and west of the region throughout the day. Forcing associated with this feature interacted with a deep plume of moisture, helping produce widespread rain along and east of Interstate 95.  Training of showers and thunderstorms led to precipitation rates as high as 3 to 4 inches per hour and resulted in several areas of flash flooding particularly in the Charleston Tri-County region during the morning rush hour.  Many locations reported 4 to 8 inches of rain and an elevated morning high tide exacerbated flooding in coastal locations, including downtown Charleston.",An electrical substation on the Navy base was flooded with 2 to 3 feet of water.
SOUTH CAROLINA,45,2015,Flash Flood,0,0,0,0,0.00K,32.9092,-80.0222,"A mid level shortwave trough passed just north and west of the region throughout the day. Forcing associated with this feature interacted with a deep plume of moisture, helping produce widespread rain along and east of Interstate 95.  Training of showers and thunderstorms led to precipitation rates as high as 3 to 4 inches per hour and resulted in several areas of flash flooding particularly in the Charleston Tri-County region during the morning rush hour.  Many locations reported 4 to 8 inches of rain and an elevated morning high tide exacerbated flooding in coastal locations, including downtown Charleston.",A NWS employee reported water entering businesses at the intersection of Benderson Drive and Rivers Avenue. Water depth was estimated around 2.5 feet.
SOUTH CAROLINA,45,2015,Thunderstorm Wind,0,0,0,0,NA,32.95,-80.22,A very strong line of thunderstorms rapidly developed in the early afternoon hours within a inland surface trough. The line of thunderstorms quickly moved to the southeast and produced numerous damaging wind gusts across much of southeast South Carolina all the way to the coast.,A trained spotter witnessed two trees being blown down by a wind gust estimated to be 60 mph.
SOUTH CAROLINA,45,2015,Flash Flood,0,0,0,0,0.00K,32.8301,-79.9518,A warm and very moist airmass developed within Atlantic high pressure over southeast South Carolina. Deep moisture convergence and several mesoscale boundary interactions helped produce a few thunderstorms with heavy rain.,The media reported Highway 52 near 4 Mile Lane impassable due to flooding.
SOUTH CAROLINA,45,2015,Flash Flood,0,0,0,0,0.00K,32.792,-79.8731,A warm and very moist airmass developed within Atlantic high pressure over southeast South Carolina. Deep moisture convergence and several mesoscale boundary interactions helped produce a few thunderstorms with heavy rain.,The Mount Pleasant Police Department reported Coleman Boulevard closed due to flooding in front of Moultrie Middle School.
SOUTH CAROLINA,45,2015,Flash Flood,0,0,0,0,0.00K,32.8,-79.95,"A mid level shortwave trough passed just north and west of the region throughout the day. Forcing associated with this feature interacted with a deep plume of moisture, helping produce widespread rain along and east of Interstate 95.  Training of showers and thunderstorms led to precipitation rates as high as 3 to 4 inches per hour and resulted in several areas of flash flooding particularly in the Charleston Tri-County region during the morning rush hour.  Many locations reported 4 to 8 inches of rain and an elevated morning high tide exacerbated flooding in coastal locations, including downtown Charleston.",The Charleston Police Department reported the intersection of King Street and Huger Street closed due to flooding.
SOUTH CAROLINA,45,2015,Thunderstorm Wind,0,0,0,0,NA,32.42,-80.73,A warm and moist airmass developed within Atlantic high pressure over the southeastern United States. Deep moisture convergence and broad upper level difluence helped produce a few thunderstorms with damaging wind gusts.,The Beaufort County 911 Call Center reported a large tree down on a house near the intersection of Taft Street and Old Jericho Road.
SOUTH CAROLINA,45,2015,Thunderstorm Wind,0,0,0,0,NA,33.07,-81.17,"A mid level shortwave along with a stationary front and seabreeze worked in conjunction to initiate convection in southern areas, which then consolidated as it pushed through parts of southeast South Carolina.",A tree was reported down near the intersection of Ulmer Road and Long Pond Road.
SOUTH CAROLINA,45,2015,Thunderstorm Wind,0,0,0,0,1.00K,34.318,-79.9042,Convection developed upstream and organized into a line. A significant cold pool generated gust front moved into the Pee Dee of South Carolina. There were numerous  reports of wind damage.,A tree was reported down in the 600 block of Gilchrist Road. The time was estimated based on radar data.
SOUTH CAROLINA,45,2015,Thunderstorm Wind,0,0,0,0,1.00K,34.3062,-79.8208,Convection developed upstream and organized into a line. A significant cold pool generated gust front moved into the Pee Dee of South Carolina. There were numerous  reports of wind damage.,A tree was reportedly down in the roadway at the intersection of Pocket Road and Oxford Drive. The time was estimated based on radar data.
SOUTH CAROLINA,45,2015,Thunderstorm Wind,0,0,0,0,1.00K,34.2957,-79.8849,Convection developed upstream and organized into a line. A significant cold pool generated gust front moved into the Pee Dee of South Carolina. There were numerous  reports of wind damage.,A tree was reportedly down on North Main Street near Citi Trends. The time was estimated based on radar data.
SOUTH CAROLINA,45,2015,Thunderstorm Wind,0,0,0,0,1.00K,34.2671,-79.8139,Convection developed upstream and organized into a line. A significant cold pool generated gust front moved into the Pee Dee of South Carolina. There were numerous  reports of wind damage.,A tree was reported down on E Mclver Road near the intersection with Wellman Road. The time was estimated based on radar data.
SOUTH CAROLINA,45,2015,Thunderstorm Wind,0,0,0,0,1.00K,34.3197,-79.9081,Convection developed upstream and organized into a line. A significant cold pool generated gust front moved into the Pee Dee of South Carolina. There were numerous  reports of wind damage.,A tree was reportedly down on Gilchrist Road near the intersection with Wire Road. The time was estimated based on radar data.
SOUTH CAROLINA,45,2015,Thunderstorm Wind,0,0,0,0,NA,34.1145,-81.3978,Isolated strong to severe thunderstorms moved across the central Midlands during the afternoon. One storm exhibited enough rotation that a Tornado Warning was issued.,Highway Patrol reported power lines down across Crystal Lake Drive.
SOUTH CAROLINA,45,2015,Thunderstorm Wind,0,0,0,0,NA,33.8691,-81.411,Isolated strong to severe thunderstorms moved across the central Midlands during the afternoon. One storm exhibited enough rotation that a Tornado Warning was issued.,Trees down on power lines near exit 44 along I-20 south of Summit.
SOUTH CAROLINA,45,2015,Thunderstorm Wind,0,0,0,0,NA,32.97,-80.14,A very strong line of thunderstorms rapidly developed in the early afternoon hours within a inland surface trough. The line of thunderstorms quickly moved to the southeast and produced numerous damaging wind gusts across much of southeast South Carolina all the way to the coast.,A trained spotter estimates 60 mph winds and also has one large tree limb down. The limb is 4 to 5 inches in diamter and is about 15 feet long.
SOUTH CAROLINA,45,2015,Thunderstorm Wind,0,0,0,0,NA,32.45,-80.76,A very strong line of thunderstorms rapidly developed in the early afternoon hours within a inland surface trough. The line of thunderstorms quickly moved to the southeast and produced numerous damaging wind gusts across much of southeast South Carolina all the way to the coast.,Beaufort County Emergency Management reported a tree blown down at the intersection of Laurel Bay Road and Stanley Road.
SOUTH CAROLINA,45,2015,Thunderstorm Wind,0,0,0,0,1.00K,34.2918,-79.7745,Convection developed upstream and organized into a line. A significant cold pool generated gust front moved into the Pee Dee of South Carolina. There were numerous  reports of wind damage.,A tree was reported down at the intersection of Pocket Road and S Charleston Road. The time was estimated based on radar data.
SOUTH CAROLINA,45,2015,Thunderstorm Wind,0,0,0,0,1.00K,34.2203,-79.6347,Convection developed upstream and organized into a line. A significant cold pool generated gust front moved into the Pee Dee of South Carolina. There were numerous  reports of wind damage.,Power lines were reportedly down at the intersection of E Old Marion Highway and Weatherford Ln. The time was estimated based on radar data.
SOUTH CAROLINA,45,2015,Flood,0,0,0,0,0.00K,34.1459,-81.2845,Heavy rainfall across the area produced flash flooding and flooding along area creeks and roadways.,Highway Patrol reported roadway flooding at Three Dog Road and Highway 76.
SOUTH CAROLINA,45,2015,Flood,0,0,0,0,0.00K,34.1387,-81.3069,Heavy rainfall across the area produced flash flooding and flooding along area creeks and roadways.,Highway Patrol reported roadway flooding at Old Hilton Road and Dutch Fork Road Highway 76.
SOUTH CAROLINA,45,2015,Thunderstorm Wind,0,0,0,0,NA,32.7613,-79.8402,"Scattered thunderstorms developed in the early to mid afternoon hours and produced damaging wind gusts as they moved toward the coast. The thunderstorms developed within an inland surface trough, in a very unstable environment due to dew points near 80 and temperatures in the upper 90's. Outflow boundary interactions also helped provide enhancements to thunderstorm strength.",A 53 knot wind gust was measured at the Sullivan's Island Fire Department with a passing thunderstorm.
SOUTH CAROLINA,45,2015,Flash Flood,0,0,0,0,5.00K,34.7174,-80.7975,Strong to Severe Thunderstorms produced wind damage along with heavy rainfall as cells trained over the same area.,County EM reported a water rescue from a vehicle on Plantation Road.
SOUTH CAROLINA,45,2015,Flood,0,0,0,0,2.00K,34.0146,-81.2248,Strong to Severe Thunderstorms produced wind damage along with heavy rainfall as cells trained over the same area.,Highway Patrol reported roadway flooding along North Lake Drive and Ashton Lane.
SOUTH CAROLINA,45,2015,Thunderstorm Wind,0,0,0,0,NA,33.06,-80.4,"Scattered thunderstorms first developed in the early morning hours and produced damaging wind gusts across portions of southeast South Carolina. Then in the afternoon, clusters of thunderstorms developed in a unstable airmass across central Georgia and pushed into southeast South Carolina in the mid to late afternoon hours. These storms produced additional damaging wind gusts.",South Carolina Highway Patrol reported a tree down and in the roadway on Ridge Road near Givhans Ferry Road.
SOUTH CAROLINA,45,2015,Flash Flood,0,0,0,0,100.00K,32.8013,-80.0327,"A mid level shortwave trough passed just north and west of the region throughout the day. Forcing associated with this feature interacted with a deep plume of moisture, helping produce widespread rain along and east of Interstate 95.  Training of showers and thunderstorms led to precipitation rates as high as 3 to 4 inches per hour and resulted in several areas of flash flooding particularly in the Charleston Tri-County region during the morning rush hour.  Many locations reported 4 to 8 inches of rain and an elevated morning high tide exacerbated flooding in coastal locations, including downtown Charleston.","Broadcast media, social media as well as the Charleston County 911 Call Center and public reported numerous locations of flooding due to heavy rainfall. Highway 61 was flooded and closed at the intersection of Muirfield Parkway and Greenridge Road. Part of an embankment collapsed near the intersection of Interstate 526 and Dorchester Road. Water was reported entering homes along Shadowmoss Parkway and the Charleston County Swiftwater Rescue Team was deployed to Shadowmoss to evacuate a residence. Severe flooding was reported within the Charlestowne Village Mobile Home Park.  Approximately 1 to 2 feet of water was in the first floor of Dorchester Gardens Apartments and 2 to 3 feet of water was in the first floor of The Reserve At Ashley River Apartments off Dorchester Road. Approximately 2 feet of water was also reported in a furnishings business off Dorchester Road with significant monetary damage."
SOUTH CAROLINA,45,2015,Hail,0,0,0,0,NA,35.05,-81.98,"Scattered thunderstorms developed during the evening across the eastern half of Upstate South Carolina. Some of the storms produced brief severe weather, mainly in the form of marginally large hail.",Public reported quarter size hail in the Boiling Springs area.
SOUTH CAROLINA,45,2015,Thunderstorm Wind,0,0,0,0,NA,32.75,-80.94,"A mid level shortwave along with a stationary front and seabreeze worked in conjunction to initiate convection in southern areas, which then consolidated as it pushed through parts of southeast South Carolina.",Law enforcement reported a tree down near the intersection of Highway 68 and Bob Gifford Boulevard.
SOUTH CAROLINA,45,2015,Thunderstorm Wind,0,0,0,0,NA,32.91,-80.99,"A mid level shortwave along with a stationary front and seabreeze worked in conjunction to initiate convection in southern areas, which then consolidated as it pushed through parts of southeast South Carolina.",Law enforcement reported a tree down near the intersection of Highway 63 and Tobys Bluff Lane.
SOUTH CAROLINA,45,2015,Thunderstorm Wind,0,0,0,0,NA,32.6,-80.77,"A mid level shortwave along with a stationary front and seabreeze worked in conjunction to initiate convection in southern areas, which then consolidated as it pushed through parts of southeast South Carolina.",Law enforcement reported a tree down near the intersection of Highway 17 and Old Sheldon Church Road.
SOUTH CAROLINA,45,2015,Thunderstorm Wind,0,0,0,0,NA,33.16,-80.18,"Scattered thunderstorms first developed in the early morning hours and produced damaging wind gusts across portions of southeast South Carolina. Then in the afternoon, clusters of thunderstorms developed in a unstable airmass across central Georgia and pushed into southeast South Carolina in the mid to late afternoon hours. These storms produced additional damaging wind gusts.",South Carolina Highway Patrol reported two trees down. One tree was on Calamus Pond Road near the intersection with Highway 176. The other tree was down on State Road near the Wassamassaw Bridge.
SOUTH CAROLINA,45,2015,Thunderstorm Wind,0,0,0,0,NA,32.23,-80.94,"A mid level shortwave along with a stationary front and seabreeze worked in conjunction to initiate convection in southern areas, which then consolidated as it pushed through parts of southeast South Carolina.",Trees and power lines were reported down on Palmetto Bluff Road.
SOUTH CAROLINA,45,2015,Thunderstorm Wind,0,0,0,0,NA,32.33,-80.6,"A mid level shortwave along with a stationary front and seabreeze worked in conjunction to initiate convection in southern areas, which then consolidated as it pushed through parts of southeast South Carolina.",A tree was reported down at the intersection of Seaside Road and Cuffy Road on Saint Helena Island.
SOUTH CAROLINA,45,2015,Thunderstorm Wind,0,0,0,0,NA,33.09,-80.08,"Scattered thunderstorms first developed in the early morning hours and produced damaging wind gusts across portions of southeast South Carolina. Then in the afternoon, clusters of thunderstorms developed in a unstable airmass across central Georgia and pushed into southeast South Carolina in the mid to late afternoon hours. These storms produced additional damaging wind gusts.",Several trees were reported down as well as some signs at the intersection of Highwway 17-A and Cypress Gardens Road.
SOUTH CAROLINA,45,2015,Thunderstorm Wind,0,0,0,0,NA,32.99,-80.04,"Scattered thunderstorms first developed in the early morning hours and produced damaging wind gusts across portions of southeast South Carolina. Then in the afternoon, clusters of thunderstorms developed in a unstable airmass across central Georgia and pushed into southeast South Carolina in the mid to late afternoon hours. These storms produced additional damaging wind gusts.",One tree was reported down at the Oaks Golf and Country Club.
SOUTH CAROLINA,45,2015,Thunderstorm Wind,0,0,0,0,NA,32.25,-80.86,"Scattered thunderstorms first developed in the early morning hours and produced damaging wind gusts across portions of southeast South Carolina. Then in the afternoon, clusters of thunderstorms developed in a unstable airmass across central Georgia and pushed into southeast South Carolina in the mid to late afternoon hours. These storms produced additional damaging wind gusts.",Beaufort County dispatch reported a tree down on Red Cedar Street near the intersection with Bluffton Parkway.
SOUTH CAROLINA,45,2015,Thunderstorm Wind,0,0,0,0,NA,32.24,-80.96,"Scattered thunderstorms first developed in the early morning hours and produced damaging wind gusts across portions of southeast South Carolina. Then in the afternoon, clusters of thunderstorms developed in a unstable airmass across central Georgia and pushed into southeast South Carolina in the mid to late afternoon hours. These storms produced additional damaging wind gusts.",The public reported a dozen 12 inch diameter limbs down near the intersection of Highway 46 and Gibbet Road.
SOUTH CAROLINA,45,2015,Hail,0,0,0,0,NA,32.24,-80.83,An unstable airmass developed over southeast South Carolina before a series of upper level disturbances shifted over the area and resulted in a few thunderstorms capable of producing hail and damaging winds.,A trained spotter reported penny size hail at the intersection of Highway 278 and Malphrus Road.
SOUTH CAROLINA,45,2015,Thunderstorm Wind,0,0,0,0,NA,33.6712,-82.1194,Line of strong to severe thunderstorms moved across the CSRA and Midlands.,Sheriff Dispatch reported trees down on Garrett Road in Edgefield County.
SOUTH CAROLINA,45,2015,Thunderstorm Wind,0,0,0,0,NA,33.7909,-81.4188,Line of strong to severe thunderstorms moved across the CSRA and Midlands.,Highway Patrol reported trees down in roadway at Fairview Road and Truex Road.
SOUTH CAROLINA,45,2015,Thunderstorm Wind,0,0,0,0,NA,33.7717,-81.9369,Line of strong to severe thunderstorms moved across the CSRA and Midlands.,Sheriff Dispatch reported trees down on Sweetwater Road.
SOUTH CAROLINA,45,2015,Flash Flood,0,0,0,0,5.00K,34.771,-80.6342,Strong to Severe Thunderstorms produced wind damage along with heavy rainfall as cells trained over the same area.,Flash flooding occurred county wide. Severe ponding on roads with creeks and streams overflowing their banks.
SOUTH CAROLINA,45,2015,Thunderstorm Wind,0,0,0,0,NA,32.75,-80.16,An inland trough of low pressure and a destabilizing atmosphere in wake of earlier convection led to additional showers and thunderstorms that shifted into parts of southeast South Carolina. Several of these thunderstorms became strong to severe with damaging winds.,The media reported a tree down along Marshwood Drive in the Stono Ferry Area.
SOUTH CAROLINA,45,2015,Flash Flood,0,0,0,0,0.00K,32.78,-79.95,"Deep moisture levels along with the continuation of moisture convergence, helped support training of thunderstorms over downtown Charleston for a few hours during mid to late afternoon.  Despite an approaching low tide, extensive flash flooding occurred as 2.50 to 3.75 inches of rain fell within a couple hours.","The Charleston Police Department and the City of Charleston Emergency Manager reported numerous roads flooded and closed in downtown Charleston. Streets closed included parts of Fishburne, King, Carolina, Line, Sumter, Beaufain, Barre, Calhoun, Ogier, Pitt, Moultrie, President, America, South, Bogard, Huger, Smith, Morris, Ashley Avenue and the Crosstown. Many cars were flooded or stalled. Many homes and businesses were surrounded by water. The Market was also reported flooded and under water."
SOUTH CAROLINA,45,2015,Thunderstorm Wind,0,0,0,0,NA,32.28,-80.87,An unstable airmass developed over southeast South Carolina before a series of upper level disturbances shifted over the area and resulted in a few thunderstorms capable of producing hail and damaging winds.,A tree and several large branches were reported down along Buck Island Road.
SOUTH CAROLINA,45,2015,Flash Flood,0,0,0,0,0.00K,32.95,-80.05,"A mid level shortwave trough passed just north and west of the region throughout the day. Forcing associated with this feature interacted with a deep plume of moisture, helping produce widespread rain along and east of Interstate 95.  Training of showers and thunderstorms led to precipitation rates as high as 3 to 4 inches per hour and resulted in several areas of flash flooding particularly in the Charleston Tri-County region during the morning rush hour.  Many locations reported 4 to 8 inches of rain and an elevated morning high tide exacerbated flooding in coastal locations, including downtown Charleston.",Broadcast media reported the intersection of Greenridge Road and Crossroads Drive closed due to flooding.
SOUTH CAROLINA,45,2015,Flash Flood,0,0,0,0,0.00K,32.866,-79.9703,"A mid level shortwave trough passed just north and west of the region throughout the day. Forcing associated with this feature interacted with a deep plume of moisture, helping produce widespread rain along and east of Interstate 95.  Training of showers and thunderstorms led to precipitation rates as high as 3 to 4 inches per hour and resulted in several areas of flash flooding particularly in the Charleston Tri-County region during the morning rush hour.  Many locations reported 4 to 8 inches of rain and an elevated morning high tide exacerbated flooding in coastal locations, including downtown Charleston.",Broadcast media reported that Charleston County Rescue was dispatched for water rescue in North Charleston.
SOUTH CAROLINA,45,2015,Thunderstorm Wind,0,0,0,0,NA,32.8,-79.96,An inland trough of low pressure and a destabilizing atmosphere in wake of earlier convection led to additional showers and thunderstorms that shifted into parts of southeast South Carolina. Several of these thunderstorms became strong to severe with damaging winds.,A spotter reported a tree down near the intersection of Mary Murry Drive and 10th Avenue.
SOUTH CAROLINA,45,2015,Thunderstorm Wind,0,0,0,0,NA,32.81,-79.89,An inland trough of low pressure and a destabilizing atmosphere in wake of earlier convection led to additional showers and thunderstorms that shifted into parts of southeast South Carolina. Several of these thunderstorms became strong to severe with damaging winds.,A tree was reported down near the intersection of Walt Miller Street and Johnnie Dodds Boulevard.
SOUTH CAROLINA,45,2015,Thunderstorm Wind,0,0,0,0,NA,32.8,-79.95,An inland trough of low pressure and a destabilizing atmosphere in wake of earlier convection led to additional showers and thunderstorms that shifted into parts of southeast South Carolina. Several of these thunderstorms became strong to severe with damaging winds.,A tree was reported down near the intersection of Mary Murray Drive and Cleveland Street.
SOUTH CAROLINA,45,2015,Thunderstorm Wind,0,0,0,0,NA,32.62,-80.15,An inland trough of low pressure and a destabilizing atmosphere in wake of earlier convection led to additional showers and thunderstorms that shifted into parts of southeast South Carolina. Several of these thunderstorms became strong to severe with damaging winds.,A trained spotter reported a tree down about 2 miles from the intersection of Bohicket Road and River Road.
SOUTH CAROLINA,45,2015,Thunderstorm Wind,0,0,0,0,NA,32.71,-81.03,An inland trough of low pressure and a destabilizing atmosphere in wake of earlier convection led to additional showers and thunderstorms that shifted into parts of southeast South Carolina. Several of these thunderstorms became strong to severe with damaging winds.,The South Carolina Highway Patrol reported 2 trees down along Grays Highway. One tree was down near the intersection of Heritage Road and the other was down near the intersection with Cat Branch Road.
SOUTH CAROLINA,45,2015,Thunderstorm Wind,0,0,0,0,NA,32.78,-80.21,"A mid and upper level low was positioned well inland, allowing deep moisture to shift over parts of southeast South Carolina. Forcing associated with a low and upper level jet helped produce showers and thunderstorms capable of damaging wind gusts.",The public reported through local media that a small utility shed was destroyed. The shed was moved approximately 10 feet from a cinderblock foundation and collapsed.
SOUTH CAROLINA,45,2015,Thunderstorm Wind,0,0,0,0,NA,32.93,-80.66,"A mid level shortwave trough passed just north and west of the region throughout the day. Forcing associated with this feature interacted with a deep plume of moisture, helping produce widespread rain along and east of Interstate 95.  Training of showers and thunderstorms led to precipitation rates as high as 3 to 4 inches per hour and resulted in several areas of flash flooding particularly in the Charleston Tri-County region during the morning rush hour.  Many locations reported 4 to 8 inches of rain and an elevated morning high tide exacerbated flooding in coastal locations, including downtown Charleston.",The South Carolina State Highway Patrol reported a tree down on Jefferies Highway.
SOUTH CAROLINA,45,2015,Thunderstorm Wind,0,0,0,0,NA,33.02,-80.39,An inland trough of low pressure and a destabilizing atmosphere in wake of earlier convection led to additional showers and thunderstorms that shifted into parts of southeast South Carolina. Several of these thunderstorms became strong to severe with damaging winds.,The South Carolina Highway Patrol reported 2 trees down near Givhans Ferry State Park. One tree was down near the intersection of Shad Lane and Old Beech Hill Road and the other tree was down near the intersection of Givhans Ferry State Park Road and South Carolina Highway 61.
SOUTH CAROLINA,45,2015,Thunderstorm Wind,0,0,0,0,NA,33.21,-80.65,An inland trough of low pressure and a destabilizing atmosphere in wake of earlier convection led to additional showers and thunderstorms that shifted into parts of southeast South Carolina. Several of these thunderstorms became strong to severe with damaging winds.,The South Carolina Highway Patrol reported a tree down near the intersection of Reevesville Road and Highway 78.
SOUTH CAROLINA,45,2015,Thunderstorm Wind,0,0,0,0,NA,33.38,-79.92,An inland trough of low pressure and a destabilizing atmosphere in wake of earlier convection led to additional showers and thunderstorms that shifted into parts of southeast South Carolina. Several of these thunderstorms became strong to severe with damaging winds.,The South Carolina Highway Patrol reported a tree down near the intersection of Mendel Rivers Road and Tobacco Road.
SOUTH CAROLINA,45,2015,Flash Flood,0,0,0,0,0.00K,32.29,-80.94,"A mid level shortwave trough passed just north and west of the region throughout the day. Forcing associated with this feature interacted with a deep plume of moisture, helping produce widespread rain along and east of Interstate 95.  Training of showers and thunderstorms led to precipitation rates as high as 3 to 4 inches per hour and resulted in several areas of flash flooding particularly in the Charleston Tri-County region during the morning rush hour.  Many locations reported 4 to 8 inches of rain and an elevated morning high tide exacerbated flooding in coastal locations, including downtown Charleston.",The Highway Patrol reported a road closed due to flooding at the intersection of Okatie Highway and Fording Island Road.
SOUTH CAROLINA,45,2015,Flash Flood,0,0,0,0,2.00K,33.9879,-81.0397,Heavy rains produced flash flooding in Columbia closing several intersections.  Water at Main and Whaley rose to 7 feet.,USGS cameras showed water covering the intersection of Main and Whaley below the USC soccer stadium. The USGS gage reached 7.87 feet at that site. Flood stage is 7.2 feet.
SOUTH CAROLINA,45,2015,Thunderstorm Wind,0,0,0,0,0.00K,32.94,-80.52,An inland trough of low pressure and a destabilizing atmosphere in wake of earlier convection led to additional showers and thunderstorms that shifted into parts of southeast South Carolina. Several of these thunderstorms became strong to severe with damaging winds.,A Colleton County Emergency Manager reported three trees down near Round O and Cottageville. One tree was down at the 2700 Block of Wesley Grove Road. Another tree was down at the 600 block of Griffith Acres Drive. The third tree was down near the intersection of Cottageville Highway and Burr Hill Road.
SOUTH CAROLINA,45,2015,Thunderstorm Wind,0,0,0,0,NA,32.78,-80.66,An inland trough of low pressure and a destabilizing atmosphere in wake of earlier convection led to additional showers and thunderstorms that shifted into parts of southeast South Carolina. Several of these thunderstorms became strong to severe with damaging winds.,A Colleton County Emergency Manager reported a tree down at the 3000 Block of Ritter Road.
SOUTH CAROLINA,45,2015,Thunderstorm Wind,0,0,0,0,NA,32.72,-80.59,An inland trough of low pressure and a destabilizing atmosphere in wake of earlier convection led to additional showers and thunderstorms that shifted into parts of southeast South Carolina. Several of these thunderstorms became strong to severe with damaging winds.,A Colleton County Emergency Manager reported a tree down at the 200 Block of Gobbler Circle.
SOUTH CAROLINA,45,2015,Flood,0,0,0,0,1.00K,35.011,-81.077,"Rain redeveloped across northern South Carolina on the 23rd, resulting in the second round of flooding across York County in less than 36 hours.","After the flooding that developed on the 22nd, another round of heavy rain moved into York County on the 23rd, resulting in flooding of the same streams and locations that were affected on the 22nd. Stream gauges on Big Dutchman Creek and Wildcat Creek overflowed established flood stages near Rock Hill. Big Dutchman likely flooded part of W Oak Dr, as well as the back yards of some homes on Mt Gallant Rd. Wildcat Creek flooded part of McConnells Highway and Saluda Rd near Highway 324."
SOUTH CAROLINA,45,2015,Flood,0,0,0,0,0.50K,34.841,-82.392,"Rain redeveloped across northern South Carolina on the 23rd, resulting in the second round of flooding across York County in less than 36 hours.","After around 2 inches of rain fell in the Greenville area in about 24 hours, minor flooding developed along the Reedy River near downtown. A stream gauge on the river at Westfield St exceeded established flood stage, indicating flooding of Cleveland Park."
SOUTH CAROLINA,45,2015,Flood,0,0,0,0,1.00K,34.846,-82.402,"Low pressure developing along the Gulf Coast spread very moist air and rain into Upstate South Carolina early on the 1st, and continuing through much of the 2nd and the early part of the 3rd. Three-day rainfall totals of 3.5 to 5.5 inches resulted in some flooding across mainly the southern half of the Upstate.","After more than 3 inches of rain fell in about 36 hours, with much of that falling on the morning of the 2nd, county comms reported Boiling Springs Rd and Sugar Creek Rd were closed, possibly due to flooding along Brushy Creek. Also, two stream gauges on the Reedy River in downtown Greenville rose above the established flood stage, indicating flooding of Cleveland Park."
SOUTH CAROLINA,45,2015,Flood,0,0,0,0,0.50K,34.303,-82.534,"Low pressure developing along the Gulf Coast spread very moist air and rain into Upstate South Carolina early on the 1st, and continuing through much of the 2nd and the early part of the 3rd. Three-day rainfall totals of 3.5 to 5.5 inches resulted in some flooding across mainly the southern half of the Upstate.","County comms reported flooding developed across the northern part of the county after more than 4 inches of rain fell in about a 36 hour period, with much of that falling on the morning of the 2nd. John Grey Rd was closed in the Antreville area, possibly due to flooding of Spur Creek. Sharp Rd south of Due West was also closed due to high water."
SOUTH CAROLINA,45,2015,Flood,0,0,0,0,0.00K,34.2097,-79.2558,A stationary front continued to produce heavy rain with flooding and flash flooding.,Numerous roads were flooded in Mullins.  Church Street was completely flooded.
SOUTH CAROLINA,45,2015,Flood,0,0,0,0,0.00K,34.2278,-79.1855,A stationary front continued to produce heavy rain with flooding and flash flooding.,Highway patrol reported flooding on Pee Dee Island Road.
SOUTH CAROLINA,45,2015,Flash Flood,0,0,0,0,0.00K,34.2137,-79.2062,A stationary front continued to produce heavy rain with flooding and flash flooding.,There was a report of two to three feet of standing water on Front Street in Mullins. Several roads in Mullins and Nichols were closed due to standing water. A bridge on Old Mullins Highway was washed out due to flooding.
SOUTH CAROLINA,45,2015,Flood,0,0,0,0,5.00K,34.617,-82.132,"Low pressure developing along the Gulf Coast spread very moist air and rain into Upstate South Carolina early on the 1st, and continuing through much of the 2nd and the early part of the 3rd. Three-day rainfall totals of 3.5 to 5.5 inches resulted in some flooding across mainly the southern half of the Upstate.","After more than 4 inches of rain fell in about 36 hours, with much of that falling on the morning of the 2nd, county comms reported flooding developed across much of Laurens County. Multiple roads were closed, especially in the Gray Court, Waterloo, and Clinton areas."
SOUTH CAROLINA,45,2015,Flood,0,0,0,0,5.00K,34.933,-81.059,"Low pressure developing along the Gulf Coast spread very moist air and rain into Upstate South Carolina early on the 1st, and continuing through much of the 2nd and the early part of the 3rd. Three-day rainfall totals of 3.5 to 5.5 inches resulted in some flooding across mainly the southern half of the Upstate.","A stream gauge reported flooding developed along Wildcat Creek and Fishing Creek, after more than 3 inches of rain fell in a 36 hour period, with much of that falling on the morning of the 2nd. McConnells Highway and Highway 72 were flooded at the bridges over these creeks. In addition, flooding developed along Bullock Creek near Hickory Grove, where a water rescue of a motorist on Wilson Chapel Rd occurred."
SOUTH CAROLINA,45,2015,Flood,0,0,0,0,1.00K,34.934,-81.06,"Low pressure developing along a front across the Southeast coast spread moisture and rain into northern South Carolina throughout the 9th. The rain was moderate to heavy at times, with as much as two inches accumulating by the evening. With stream levels already running high due to recent wet weather, minor flooding developed across portions of York County.","County comms reported flooding developed across portions of southern York County after about 2 inches of rain fell in less than 24 hours. Closed roads included Wilson Chapel in Sharon, Gunsmoke Rd in McConnells (possibly due to an overflowing tributary of Conrad Creek, and Stallcup Rd (possibly due to overflowing Stony Fork). Additionally, a stream gauge on Wildcat Creek exceeded established flood stage, indicating flooding of McConnells Highway and of the Highway 324/72 intersection."
SOUTH CAROLINA,45,2015,Flood,0,0,0,0,1.00K,34.051,-82.217,"Moderate to heavy rain developed late on the 21st across portions of the South Carolina Upstate and eastern Piedmont. By the morning of the 22nd, 2-3 inches of rainfall, with locally higher amounts resulted in localized flooding.","The EM and public reported flooding developed across southern Greenwood County after more than 3 inches of rain fell in over 12 hours. Flooded roads included Hamilton Rd and Mt Carmel Rd in Callison. Dendy Bridge Rd in Bradley was flooded, possibly due to overflowing Coleman Branch. Scotch Cross Rd was also flooded due to an overflowing Henley Creek."
SOUTH CAROLINA,45,2015,Flood,0,0,0,0,1.00K,35.011,-81.077,"Moderate to heavy rain developed late on the 21st across portions of the South Carolina Upstate and eastern Piedmont. By the morning of the 22nd, 2-3 inches of rainfall, with locally higher amounts resulted in localized flooding.","After around 2 inches of rain fell in about a 12-hour period, stream gauges on Big Dutchman Creek and Wildcat Creek overflowed established flood stages near Rock Hill. Big Dutchman likely flooded part of W Oak Dr, as well as the back yards of some homes on Mt Gallant Rd. Wildcat Creek flooded part of McConnells Highway and Saluda Rd near Highway 324."
SOUTH CAROLINA,45,2015,Flood,0,0,0,0,1.00K,34.195,-82.235,"Low pressure developing along the Gulf Coast spread very moist air and rain into Upstate South Carolina early on the 1st, and continuing through much of the 2nd and the early part of the 3rd. Three-day rainfall totals of 3.5 to 5.5 inches resulted in some flooding across mainly the southern half of the Upstate.","After more than 4 inches of rain fell in about a 36-hour period, with much of that falling on the morning of the 2nd, county comms reported multiple roads closed across western Greenwood County due to poor drainage problems, and perhaps due to stream flooding. Closed roads included Ross Rd in Hodges, WE Smith Rd, Dendy Bridge Rd in Bradley, and Watson St in Greenwood."
SOUTH CAROLINA,45,2015,Flood,0,0,0,0,0.50K,34.446,-82.643,"Low pressure developing along the Gulf Coast spread very moist air and rain into Upstate South Carolina early on the 1st, and continuing through much of the 2nd and the early part of the 3rd. Three-day rainfall totals of 3.5 to 5.5 inches resulted in some flooding across mainly the southern half of the Upstate.","County comms reported some flooding developed across the southern part of the county after more than 3 inches of rain fell in around 36 hours, with much of that falling on the morning of the 2nd. Clinkscales Rd was impassable due to high water near Airline Rd south of Anderson. Sexton Gin Rd was also flooded near Sullivan Rd in Iva, possibly due to water from Wilson Creek."
SOUTH CAROLINA,45,2015,Flash Flood,0,0,0,0,7.00K,34.7151,-79.895,Strong to Severe Thunderstorms produced wind damage along with heavy rainfall as cells trained over the same area.,County EM reported a few roads closed due to flash flooding including the U.S. 52 bypass in Cheraw.
SOUTH CAROLINA,45,2015,Tornado,0,0,0,0,18.00K,33.154,-80.0254,A series of shortwaves rounding the southern periphery of a longwave trough along with upper jet divergence helped spawn thunderstorms within an unseasonably warm and moist airmass over southeast South Carolina.,"The National Weather Service office in Charleston, South Carolina examined photographs provided by Berkeley County Emergency Management and drone footage provided by Skyview Aerial Solutions LLC to determine an EF0 tornado with estimated maximum wind speeds around 70 mph occurred for one minute at Carolina Nurseries, about 3 miles south southwest of Moncks Corner, South Carolina. The tornado initially formed at or near Emerald Isle Drive. Straight-line wind damage just south of this road included numerous wooden pallets that were tossed toward the northeast. A telephone pole was blown over and a two by six piece of wood pierced the east side of a building just north of Emerald Isle Drive. Roofing material was also missing from a building situated just north of Emerald Isle Drive. Emergency management personnel reported a 200 square foot shed destroyed with its roof found 300 feet from the original location. Multiple carts weighing 150 pounds each were also tossed away from the shed sight.  Vegetation revealed a swirling, convergent damage signature produced by a weak tornadic circulation farther north-northeast along the tornado path."
SOUTH CAROLINA,45,2015,Flash Flood,0,0,0,0,5.00K,33.9983,-81.0199,Heavy rainfall across the area produced flash flooding and flooding along area creeks and roadways.,Local media reported flooding in the Five Points area along Blossom Street.
SOUTH CAROLINA,45,2015,Flash Flood,0,0,0,0,1.00K,34.0054,-81.0218,Heavy rainfall across the area produced flash flooding and flooding along area creeks and roadways.,Public report of portions of Gervais Street at the underpass near Gregg Street was flooded.
SOUTH CAROLINA,45,2015,Thunderstorm Wind,0,0,0,0,NA,34.1354,-81.352,Isolated strong to severe thunderstorms moved across the central Midlands during the afternoon. One storm exhibited enough rotation that a Tornado Warning was issued.,Highway Patrol reported trees down across Murray Lindler Road.
SOUTH CAROLINA,45,2015,Thunderstorm Wind,0,0,0,0,NA,34.7347,-80.774,Strong to Severe Thunderstorms produced wind damage along with heavy rainfall as cells trained over the same area.,Trees down in roadway at the intersection of Hwy. 9 and Hwy. 200.
SOUTH CAROLINA,45,2015,Heavy Rain,0,0,0,0,NA,33.9896,-81.2652,Strong to Severe Thunderstorms produced wind damage along with heavy rainfall as cells trained over the same area.,Heavy rainfall in excess of 1.5 inches in the last hour. Total rainfall during the past 24 hours 2.17 inches.
SOUTH CAROLINA,45,2015,Flash Flood,0,0,0,0,1.00K,34.389,-82.549,"After a couple of days of occasional moderate to heavy rain acted to elevate stream flows and soil moisture levels, heavy rain showers and thunderstorms developing along and ahead of a cold front produced 2-3 inches of rain in just a few hours across portions of the Piedmont, resulting in areas of flash flooding.","After more than 2 inches of rain fell in just a couple of hours, Emergency Manager, spotters, and law enforcement reported flash flooding developed along several streams. Impacted streams included Jones Creek, which was flooding Shackleburg Rd northeast of Anderson, Middle Branch Brushy Creek, which was flooding Mill Pond Rd in Powdersville, and Bear Creek, which was flooding Drake Rd."
SOUTH CAROLINA,45,2015,Flash Flood,0,0,0,0,10.00K,34.08,-82.597,"After a couple of days of occasional moderate to heavy rain acted to elevate stream flows and soil moisture levels, heavy rain showers and thunderstorms developing along and ahead of a cold front produced 2-3 inches of rain in just a few hours across portions of the Piedmont, resulting in areas of flash flooding.","County comms reported flash flooding developed across much of Abbeville County after 2-3 inches of rain fell, with much of that falling in just a couple of hours. Multiple roads were closed due to stream flooding and especially drainage problems in the cities of Calhoun Falls and Abbeville. Closed roads in Calhoun Falls included Anderson St, Kathryn St, Lee St, Savannah St, and Edgewood St and in Abbeville Long Branch St, Whitehall St, and Maple St."
SOUTH CAROLINA,45,2015,Flash Flood,0,0,0,0,150.00K,34.259,-82.247,"After a couple of days of occasional moderate to heavy rain acted to elevate stream flows and soil moisture levels, heavy rain showers and thunderstorms developing along and ahead of a cold front produced 2-3 inches of rain in just a few hours across portions of the Piedmont, resulting in areas of flash flooding.","Emergency Manager reported flash flooding developed after 2-3 inches of rain fell across the county in just a few hours. Numerous roads, as much as a couple of dozen were closed in the central part of the county due to a combination of stream flooding and drainage problems. This included portions of Highway 25 and the Bypass in the city of Greenwood. Several homes were flooded along Parkland Place Rd near Emerald Rd, likely due to Stockman Branch overflowing its banks."
SOUTH CAROLINA,45,2015,Flash Flood,0,0,0,0,1.00K,34.734,-82.365,"After a couple of days of occasional moderate to heavy rain acted to elevate stream flows and soil moisture levels, heavy rain showers and thunderstorms developing along and ahead of a cold front produced 2-3 inches of rain in just a few hours across portions of the Piedmont, resulting in areas of flash flooding.","Public reported minor flash flooding developed across central Greenville County after around 2 inches of rain fell in just a few hours. Antioch Rd was covered with water in the Conestee area, possibly due to flooding of Huff Creek. Poor drainage caused severe road flooding at E Butler Rd and Holland Rd in Mauldin, and Brushy Creek flooded the bridge on Boiling Springs Rd on Greenville's eastside."
SOUTH CAROLINA,45,2015,Flood,0,0,0,0,0.50K,34.389,-82.549,"After a couple of days of occasional moderate to heavy rain acted to elevate stream flows and soil moisture levels, heavy rain showers and thunderstorms developing along and ahead of a cold front produced 2-3 inches of rain in just a few hours across portions of the Piedmont, resulting in areas of flash flooding.","While heavy rain tapered off during the afternoon across eastern Anderson County, runoff from the earlier heavy rain, along with an occasional moderate to heavy shower, resulted in slow retreat of flood waters into early evening."
SOUTH CAROLINA,45,2015,Flash Flood,0,0,0,0,2.00K,34.929,-81.386,"After a couple of days of occasional moderate to heavy rain acted to elevate stream flows and soil moisture levels, heavy rain showers and thunderstorms developing along and ahead of a cold front produced 2-3 inches of rain in just a few hours across portions of the Piedmont, resulting in areas of flash flooding.","County comms and an automated stream gauge indicated minor flash flooding developed across southern York County after as much as 2 inches of rain fell in a couple of hours. Wilson Chapel Rd was flooded, possibly due to Mitchell Branch overflowing its banks. Gunsmoke Rd was also flooded, possibly due to a tributary to Conrad Creek, and Stallcup Rd was flooded due to a tributary to Stony Fork. Additionally, a stream gauge on Wildcat Creek near Rock Hill exceeded established flood stage, indicating flooding of portions of McConnells Highway and Saluda Rd."
SOUTH CAROLINA,45,2015,Flood,0,0,0,0,0.50K,34.858,-81.082,"After a couple of days of occasional moderate to heavy rain acted to elevate stream flows and soil moisture levels, heavy rain showers and thunderstorms developing along and ahead of a cold front produced 2-3 inches of rain in just a few hours across portions of the Piedmont, resulting in areas of flash flooding.","Although heavy rain ended across York County during the afternoon of the 30th, flooding continued along the Wildcat Creek basin well into the evening."
SOUTH CAROLINA,45,2015,Flash Flood,0,0,0,0,0.00K,34.57,-80.05,Heavy rain in the Midlands...Pee Dee produced flash flooding in across the area. Numerous dams were breached along with numerous bridge and roadways flooded and damaged.,Sheriff reported several roads flooded in southeastern Chesterfield county from heavy rains.
SOUTH CAROLINA,45,2015,Flash Flood,0,0,0,0,1.00M,34.0625,-81.1128,Heavy rain in the Midlands...Pee Dee produced flash flooding in across the area. Numerous dams were breached along with numerous bridge and roadways flooded and damaged.,NWS employee reports Piney Woods Road flooded.
SOUTH CAROLINA,45,2015,Flash Flood,0,0,0,0,500.00K,34.419,-81.2738,Heavy rain in the Midlands...Pee Dee produced flash flooding in across the area. Numerous dams were breached along with numerous bridge and roadways flooded and damaged.,SC Highway Patrol reports SC34 at Hopewell Church Road closed due to flooding.
SOUTH CAROLINA,45,2015,Flash Flood,0,0,0,0,500.00K,33.9681,-81.1249,Heavy rain in the Midlands...Pee Dee produced flash flooding in across the area. Numerous dams were breached along with numerous bridge and roadways flooded and damaged.,SC Highway Patrol reports Westgate Drive at Wilton Road closed due to flooding.
SOUTH CAROLINA,45,2015,Flash Flood,0,0,0,0,1.00M,34.0413,-80.9929,Heavy rain in the Midlands...Pee Dee produced flash flooding in across the area. Numerous dams were breached along with numerous bridge and roadways flooded and damaged.,SC Highway Patrol reports Pine Belt Road at Carter Street closed due to flooding.
SOUTH CAROLINA,45,2015,Flash Flood,0,0,0,0,2.00M,34.0856,-80.9399,Heavy rain in the Midlands...Pee Dee produced flash flooding in across the area. Numerous dams were breached along with numerous bridge and roadways flooded and damaged.,SC Highway Patrol reports Grampian Hills Road at Two Notch Road closed due to flooding.
SOUTH CAROLINA,45,2015,Flash Flood,0,0,0,0,5.00M,33.9936,-80.954,Heavy rain in the Midlands...Pee Dee produced flash flooding in across the area. Numerous dams were breached along with numerous bridge and roadways flooded and damaged.,SC Highway Patrol reports Kilbourne Road at Ft.Jackson Blvd closed due to flooding.
SOUTH CAROLINA,45,2015,Flash Flood,0,0,0,0,1.00M,34.04,-80.9326,Heavy rain in the Midlands...Pee Dee produced flash flooding in across the area. Numerous dams were breached along with numerous bridge and roadways flooded and damaged.,SC Highway Patrol reports Percival Road at I-77 closed due to flooding.
SOUTH CAROLINA,45,2015,Flash Flood,0,0,0,0,500.00K,33.9455,-80.6984,Heavy rain in the Midlands...Pee Dee produced flash flooding in across the area. Numerous dams were breached along with numerous bridge and roadways flooded and damaged.,SC Highway Patrol reports US 601 at US 378 closed due to flooding.
SOUTH CAROLINA,45,2015,Flash Flood,0,0,0,0,2.00M,34.1027,-80.9188,Heavy rain in the Midlands...Pee Dee produced flash flooding in across the area. Numerous dams were breached along with numerous bridge and roadways flooded and damaged.,SC Highway Patrol reports Spring Valley Road at Two Notch Road closed due to flooding.
SOUTH CAROLINA,45,2015,Flash Flood,0,0,0,0,250.00K,34.04,-80.94,Heavy rain in the Midlands...Pee Dee produced flash flooding in across the area. Numerous dams were breached along with numerous bridge and roadways flooded and damaged.,SC Highway Patrol reports roadway flooding on I-77 at mile marker 13.
SOUTH CAROLINA,45,2015,Flash Flood,0,0,0,0,500.00K,33.8127,-81.0037,Heavy rain in the Midlands...Pee Dee produced flash flooding in across the area. Numerous dams were breached along with numerous bridge and roadways flooded and damaged.,SC Highway Patrol reports roadway flooding on I-26 eastbound at mile marker 124.
SOUTH CAROLINA,45,2015,Flash Flood,0,0,0,0,1.00M,34.06,-81.05,Heavy rain in the Midlands...Pee Dee produced flash flooding in across the area. Numerous dams were breached along with numerous bridge and roadways flooded and damaged.,SC Highway Patrol reports Peeples Street at Monticello Road closed due to flooding.
SOUTH CAROLINA,45,2015,Flash Flood,0,0,0,0,500.00K,33.9771,-81.1188,Heavy rain in the Midlands...Pee Dee produced flash flooding in across the area. Numerous dams were breached along with numerous bridge and roadways flooded and damaged.,SC Highway Patrol reports Methodist Park Road at US 1 closed due to flooding.
SOUTH CAROLINA,45,2015,Flash Flood,0,0,0,0,800.00K,33.77,-80.17,Heavy rain in the Midlands...Pee Dee produced flash flooding in across the area. Numerous dams were breached along with numerous bridge and roadways flooded and damaged.,SC Highway Patrol reports I-95 closed at mile marker 124 due to flooding.
SOUTH CAROLINA,45,2015,Flash Flood,0,0,0,0,500.00K,34.01,-81.22,Heavy rain in the Midlands...Pee Dee produced flash flooding in across the area. Numerous dams were breached along with numerous bridge and roadways flooded and damaged.,NWS employee reports flooding at Silverstone road and Whiteford Way.
SOUTH CAROLINA,45,2015,Flash Flood,0,0,0,0,500.00K,34.1087,-80.909,Heavy rain in the Midlands...Pee Dee produced flash flooding in across the area. Numerous dams were breached along with numerous bridge and roadways flooded and damaged.,SC Highway Patrol reports roadway flooded at Two Notch Road and Polo Road.
SOUTH CAROLINA,45,2015,Flash Flood,0,0,0,0,100.00K,33.75,-80.19,Heavy rain in the Midlands...Pee Dee produced flash flooding in across the area. Numerous dams were breached along with numerous bridge and roadways flooded and damaged.,Plowdenmill Road near I-95 and Hwy 521 closed due to impassible water covering the roadway. Reported by the Emergency Operations Center.
SOUTH CAROLINA,45,2015,Flash Flood,0,0,0,0,100.00K,33.46,-80.52,Heavy rain in the Midlands...Pee Dee produced flash flooding in across the area. Numerous dams were breached along with numerous bridge and roadways flooded and damaged.,SCHP reported road flooding with road closure at US HWY 301 and SC 267.
SOUTH CAROLINA,45,2015,Flash Flood,0,0,0,0,20.00M,33.4062,-80.3502,Heavy rain in the Midlands...Pee Dee produced flash flooding in across the area. Numerous dams were breached along with numerous bridge and roadways flooded and damaged.,In the Holly Hill and Eutawville vicinity several roads closed due to flooding. Several homes and businesses flooded and water rescues in progress. Shelters being opened for residents. Reported by Orangeburg Co. EM.
SOUTH CAROLINA,45,2015,Flash Flood,0,0,0,0,20.00K,33.9286,-81.1126,Heavy rain in the Midlands...Pee Dee produced flash flooding in across the area. Numerous dams were breached along with numerous bridge and roadways flooded and damaged.,SC Highway Patrol reports a roadway washed out at Old Dunbar Road and Edmund Hwy.
SOUTH CAROLINA,45,2015,Flash Flood,0,0,0,0,800.00K,34.1023,-81.1963,Heavy rain in the Midlands...Pee Dee produced flash flooding in across the area. Numerous dams were breached along with numerous bridge and roadways flooded and damaged.,SC Highway Patrol reports Chadford Road at N Royal Tower Drive closed due to flooding.
SOUTH CAROLINA,45,2015,Flash Flood,0,0,0,0,1.00M,33.96,-80.7,Heavy rain in the Midlands...Pee Dee produced flash flooding in across the area. Numerous dams were breached along with numerous bridge and roadways flooded and damaged.,SC Highway Patrol reports McCords Ferry Road Willie Kelly Road closed due to flooding.
SOUTH CAROLINA,45,2015,Flash Flood,0,0,0,0,15.00K,34.0589,-80.9589,Heavy rain in the Midlands...Pee Dee produced flash flooding in across the area. Numerous dams were breached along with numerous bridge and roadways flooded and damaged.,SC Highway Patrol reports Two Notch Road at Decker Blvd closed due to roadway flooding.
SOUTH CAROLINA,45,2015,Flash Flood,0,0,0,0,300.00K,33.99,-81.18,Heavy rain in the Midlands...Pee Dee produced flash flooding in across the area. Numerous dams were breached along with numerous bridge and roadways flooded and damaged.,NWS employee reports Laurel Road at Mineral Springs Road flooded and impassable.
SOUTH CAROLINA,45,2015,Flash Flood,0,0,0,0,5.00M,33.6769,-80.7773,Heavy rain in the Midlands...Pee Dee produced flash flooding in across the area. Numerous dams were breached along with numerous bridge and roadways flooded and damaged.,Several roads closed due to flooding including portions of HWY 6 between St.Matthews and Elloree.
SOUTH CAROLINA,45,2015,Flash Flood,0,0,0,0,500.00K,33.5445,-80.5748,Heavy rain in the Midlands...Pee Dee produced flash flooding in across the area. Numerous dams were breached along with numerous bridge and roadways flooded and damaged.,Roadway washed out at Warrior Drive and Browing Road.
SOUTH CAROLINA,45,2015,Flash Flood,0,0,0,0,5.00M,33.9313,-81.0242,Heavy rain in the Midlands...Pee Dee produced flash flooding in across the area. Numerous dams were breached along with numerous bridge and roadways flooded and damaged.,"SC Highway Patrol reports flooding on I-77 Southbound at I-26, road closed."
SOUTH CAROLINA,45,2015,Flash Flood,0,0,0,0,8.00M,33.7163,-80.2181,Heavy rain in the Midlands...Pee Dee produced flash flooding in across the area. Numerous dams were breached along with numerous bridge and roadways flooded and damaged.,Several streets flooded in town. Meadowfield Apartments in Summerton also experiencing flooding.
SOUTH CAROLINA,45,2015,Flash Flood,0,0,0,0,300.00K,33.9896,-81.0343,Heavy rain in the Midlands...Pee Dee produced flash flooding in across the area. Numerous dams were breached along with numerous bridge and roadways flooded and damaged.,Flash flooding downtown Columbia. Rocky Branch Creek at Whaley and Main Street over the banks and water covering the roadway.
SOUTH CAROLINA,45,2015,Heavy Rain,0,0,0,0,NA,33.88,-80.69,Heavy rain in the Midlands...Pee Dee produced flash flooding in across the area. Numerous dams were breached along with numerous bridge and roadways flooded and damaged.,RCWINDS Station in Eastover measured 3.58 inches of rain since midnight with a 2 day total of 7.36 inches.
SOUTH CAROLINA,45,2015,Flash Flood,0,0,0,0,5.00M,34.0094,-81.4018,Heavy rain falling onto already saturated grounds led to flash flooding. Many roads that had reopened after the previous event were closed again.,"Lexington County dispatch reports flooding across much of north-central Lexington County. Numerous roads flooded, with too many to name at this time. Some small dams being breached at this time."
SOUTH CAROLINA,45,2015,Flash Flood,0,0,0,0,50.00K,33.8392,-81.3092,Heavy rain falling onto already saturated grounds led to flash flooding. Many roads that had reopened after the previous event were closed again.,SC Highway Patrol reports road washout at Platt Springs and Calks Ferry Road.
SOUTH CAROLINA,45,2015,Flash Flood,0,0,0,0,3.00M,34.0812,-81.197,Heavy rain in the Midlands...Pee Dee produced flash flooding in across the area. Numerous dams were breached along with numerous bridge and roadways flooded and damaged.,Law enforcement rescued over 60 people from 55 homes in the Coldstream neighborhood between 7:30 AM and 10:30 AM.
SOUTH CAROLINA,45,2015,Flash Flood,0,0,0,0,100.00K,33.9777,-81.2321,Heavy rain in the Midlands...Pee Dee produced flash flooding in across the area. Numerous dams were breached along with numerous bridge and roadways flooded and damaged.,Old Mill Pond Dam failed along Twelve Mile Creek. Damaged businesses downstream along with roadway at highway 1 and a family had to be rescued from their home.
SOUTH CAROLINA,45,2015,Flash Flood,0,0,0,0,75.00K,33.9698,-81.2472,Heavy rain in the Midlands...Pee Dee produced flash flooding in across the area. Numerous dams were breached along with numerous bridge and roadways flooded and damaged.,Gibson Pond Park Dam Failed along Twelve Mile Creek in Lexington.
SOUTH CAROLINA,45,2015,Flash Flood,0,0,0,0,250.00K,34.2786,-81.4354,Heavy rain in the Midlands...Pee Dee produced flash flooding in across the area. Numerous dams were breached along with numerous bridge and roadways flooded and damaged.,Highway 176 bridge across Cannons Creek damaged and partially collapsed due to flood waters.
SOUTH CAROLINA,45,2015,Flash Flood,0,0,0,0,5.00K,33.9875,-81.029,Heavy rain in the Midlands...Pee Dee produced flash flooding in across the area. Numerous dams were breached along with numerous bridge and roadways flooded and damaged.,Downtown Columbia Rocky Branch Creek at Whaley Street and Main Street Flooded. The creek crested at 12.28 feet. Flood Stage is 7.2 feet. The stream crested above flood stage twice during the period. This is the second highest crest since the gage was installed in 2007.
SOUTH CAROLINA,45,2015,Flood,0,0,0,0,5.00K,33.9609,-81.1916,Heavy rain in the Midlands...Pee Dee produced flash flooding in across the area. Numerous dams were breached along with numerous bridge and roadways flooded and damaged.,Ponding of water on Emanuel Church Road at Foxhill Place.
SOUTH CAROLINA,45,2015,Heavy Rain,0,0,0,0,NA,33.56,-80.44,Heavy rain in the Midlands...Pee Dee produced flash flooding in across the area. Numerous dams were breached along with numerous bridge and roadways flooded and damaged.,Raws Station at Santee NWR has measured 9.81 inches of rain in the previous 24 hours with an event total so far of 11.10 inches.
SOUTH CAROLINA,45,2015,Heavy Rain,0,0,0,0,NA,33.81,-80.78,Heavy rain in the Midlands...Pee Dee produced flash flooding in across the area. Numerous dams were breached along with numerous bridge and roadways flooded and damaged.,"Mesonet Station 6 SW Eastover, GDNS1, reportged 6.70 inches of rain in the past 24 hours. Event total so far 7.36 inches."
SOUTH CAROLINA,45,2015,Heavy Rain,0,0,0,0,NA,33.81,-80.64,Heavy rain in the Midlands...Pee Dee produced flash flooding in across the area. Numerous dams were breached along with numerous bridge and roadways flooded and damaged.,RCWINDS Station at Wateree measured 4.49 inches of rain since midnight with a 2 day total of 8.51 inches.
SOUTH CAROLINA,45,2015,Heavy Rain,0,0,0,0,NA,33.94,-81.12,Heavy rain in the Midlands...Pee Dee produced flash flooding in across the area. Numerous dams were breached along with numerous bridge and roadways flooded and damaged.,Columbia Metro Airport ASOS measured 2.74 inches of rain in the past 2 hours. The event total so far is 6.77 inches.
SOUTH CAROLINA,45,2015,Flash Flood,1,0,1,0,20.00K,34.0302,-81.0495,Heavy rain in the Midlands...Pee Dee produced flash flooding in across the area. Numerous dams were breached along with numerous bridge and roadways flooded and damaged.,One person drowned in their vehicle when it stalled in flood waters along Sunset Drive near the stream Smith Branch. The person drowned at approximately 654 am EDT. The stream gage just upstream from the fatality crested at 18.93 feet at 0607 am EDT. Flood stage is 9.0 feet.
SOUTH CAROLINA,45,2015,Flash Flood,1,0,1,0,20.00K,33.9647,-80.9109,Heavy rain in the Midlands...Pee Dee produced flash flooding in across the area. Numerous dams were breached along with numerous bridge and roadways flooded and damaged.,Heavy rainfall caused Sun View Lake to spill over Caughman Road into Mill Creek. One person drowned when their vehicle stalled in the floodwaters.
SOUTH CAROLINA,45,2015,Flash Flood,1,0,1,0,100.00K,33.945,-80.7579,Heavy rain in the Midlands...Pee Dee produced flash flooding in across the area. Numerous dams were breached along with numerous bridge and roadways flooded and damaged.,South Carolina DOT worker drowned in his work truck when it was swept off the road and overturned into Toms Creek. The worker was en route to assist another SCDOT group with a tree down across a roadway.
SOUTH CAROLINA,45,2015,Flash Flood,20,0,2,0,10.00M,33.9837,-80.9793,Heavy rain in the Midlands...Pee Dee produced flash flooding in across the area. Numerous dams were breached along with numerous bridge and roadways flooded and damaged.,Widespread flooding along Gills Creek through Devine Street...Fort Jackson Blvd...Wildcat Road and Garners Ferry Road area. Numerous water rescues and buildings flooded. One building partially collapsed. The stream gage along Gills Creek was destroyed. Peak stage along Gills Creek determined by USGS from high water marks to be 19.6 feet. Flood Stage is 6.7 feet. 2 Fatalities occurred in this area. One fatality occurred at Gills Creek and Devine Street. The second fatality occurred at Kilbourne Road and Gills Creek. The roadway was flooded due to upstream dam failures and heavy rainfall.
SOUTH CAROLINA,45,2015,Flash Flood,5,0,2,0,100.00K,33.9136,-80.8206,Heavy rain in the Midlands...Pee Dee produced flash flooding in across the area. Numerous dams were breached along with numerous bridge and roadways flooded and damaged.,Five railroad repair workers driving along Congaree Road plunged into the water of Cabin Creek because the roadway had been washed out. Sheriffs spokesman said that the barricade was in the wrong lane. The accident occurred at 145 AM EDT on the 7th.
SOUTH CAROLINA,45,2015,Flash Flood,1,0,1,0,800.00K,34.0677,-81.0484,Heavy rain in the Midlands...Pee Dee produced flash flooding in across the area. Numerous dams were breached along with numerous bridge and roadways flooded and damaged.,SC Highway Patrol reports Monticello Road at I-20 closed due to flooding. Male driver drowned in his vehicle on Peeples Street near Crane Creek. The victim was found at 1100 PM EDT on the 5th.
SOUTH CAROLINA,45,2015,Flash Flood,0,0,0,0,14.00K,33.32,-80.42,Heavy rain in the Midlands...Pee Dee produced flash flooding in across the area. Numerous dams were breached along with numerous bridge and roadways flooded and damaged.,"EM reported roads in Holly Hill covered with water, some impassible. There were also several rural roads flooded and one washout."
SOUTH CAROLINA,45,2015,Flash Flood,0,0,0,0,500.00K,33.32,-80.41,Heavy rain in the Midlands...Pee Dee produced flash flooding in across the area. Numerous dams were breached along with numerous bridge and roadways flooded and damaged.,Orangeburg County EM reports street flooding in multiple locations in Holly Hill and Santee. One road is washed out.
SOUTH CAROLINA,45,2015,Flash Flood,2,0,1,0,20.00K,34.2477,-80.7155,Heavy rain in the Midlands...Pee Dee produced flash flooding in across the area. Numerous dams were breached along with numerous bridge and roadways flooded and damaged.,Two people were swept off of Pine Grove Road by flood waters. The incident occurred along Twenty Five Mile Creek. The was barricaded. It is suspected they drove around the barricade. Their car stalled in flood waters and was swept down the creek. The male driver of the vehicle drowned.
SOUTH CAROLINA,45,2015,Flash Flood,1,0,1,0,15.00K,34.0514,-80.9595,Heavy rain in the Midlands...Pee Dee produced flash flooding in across the area. Numerous dams were breached along with numerous bridge and roadways flooded and damaged.,Male driving down driver N. Trenholm Road found the next morning in Carys Lake just off Trenholm Road.
SOUTH CAROLINA,45,2015,Flash Flood,0,0,0,0,0.00K,33.9872,-81.0233,Heavy rain falling onto already saturated grounds led to flash flooding. Many roads that had reopened after the previous event were closed again.,USGS gauge at Main and Whaley Street rose above flood stage at 8:25 AM and crested at 10.3 feet at 9 AM and fell below flood stage again at 9:10 AM.
SOUTH CAROLINA,45,2015,Flash Flood,0,0,0,0,100.00K,34.0455,-80.9552,Heavy rain falling onto already saturated grounds led to flash flooding. Many roads that had reopened after the previous event were closed again.,Richland County dispatch reported Goldbranch Road and Northshore Road impassable due to water flowing over the roadway from a creek out of its banks. Barricades have been set up.
SOUTH CAROLINA,45,2015,Flash Flood,0,0,0,0,1.00M,33.71,-80.27,Heavy rain falling onto already saturated grounds led to flash flooding. Many roads that had reopened after the previous event were closed again.,Clarendon County dispatch and SC Highway Patrol reported roadway flooding in numerous area including HWY 261 at Sandy Ridge Rd. between Paxville and Manning and also Gibbons St in Manning.
SOUTH CAROLINA,45,2015,Flash Flood,0,0,0,0,500.00K,33.9,-81.28,Heavy rain falling onto already saturated grounds led to flash flooding. Many roads that had reopened after the previous event were closed again.,SC Highway Patrol reports roadway washed out at Nazareth Road and Lewis Pond Court.
SOUTH CAROLINA,45,2015,Flash Flood,0,0,0,0,100.00K,33.8525,-81.4055,Heavy rain falling onto already saturated grounds led to flash flooding. Many roads that had reopened after the previous event were closed again.,SC Highway Patrol reports road washout at Elzie Hallman Road and Pond Branch Road.
SOUTH CAROLINA,45,2015,Flash Flood,0,0,0,0,100.00K,33.92,-81.3,Heavy rain falling onto already saturated grounds led to flash flooding. Many roads that had reopened after the previous event were closed again.,SC Highway Patrol reports roadway washout at Roscoe Road and Holm Oak Road.
SOUTH CAROLINA,45,2015,Flash Flood,0,0,0,0,100.00K,33.944,-81.3967,Heavy rain falling onto already saturated grounds led to flash flooding. Many roads that had reopened after the previous event were closed again.,SC Highway Patrol reports roadway washout at Warner Road and Peach Festival Road near Gilbert.
SOUTH CAROLINA,45,2015,Flash Flood,0,0,0,0,10.00K,33.7,-80.21,Heavy rain in the Midlands...Pee Dee produced flash flooding in across the area. Numerous dams were breached along with numerous bridge and roadways flooded and damaged.,North Church Street in Manning has been closed due to impassible water covering the roadway. Reported by the Emergency Operations Center.
SOUTH CAROLINA,45,2015,Flash Flood,0,0,0,0,100.00K,33.94,-81.37,Heavy rain falling onto already saturated grounds led to flash flooding. Many roads that had reopened after the previous event were closed again.,SC Highway Patrol reports roadway washout at Hayes Crossing Road and Windy Road.
SOUTH CAROLINA,45,2015,Flash Flood,0,0,0,0,500.00K,33.746,-80.2689,Heavy rain falling onto already saturated grounds led to flash flooding. Many roads that had reopened after the previous event were closed again.,Clarendon County dispatch reported I-95 has been closed again both northbound and southbound between mile markers 98 and 135 due to flooding.
SOUTH CAROLINA,45,2015,Flash Flood,0,0,0,0,100.00K,33.72,-81.19,Heavy rain falling onto already saturated grounds led to flash flooding. Many roads that had reopened after the previous event were closed again.,Sandy Ridge Road and Swansea Road washed out south of Pelion and west of Swansea.
SOUTH CAROLINA,45,2015,Flash Flood,0,0,0,0,50.00K,33.73,-81.18,Heavy rain falling onto already saturated grounds led to flash flooding. Many roads that had reopened after the previous event were closed again.,Forts Pond Road and Swansea Road washed out west of Swansea.
SOUTH CAROLINA,45,2015,Flash Flood,0,0,0,0,50.00K,33.9,-81.29,Heavy rain falling onto already saturated grounds led to flash flooding. Many roads that had reopened after the previous event were closed again.,"SC Highway Patrol reports road washout at Nazareth Road and Cedar Green Drive, Turkey Creek Basin."
SOUTH CAROLINA,45,2015,Flash Flood,0,0,0,0,500.00K,33.7558,-80.2503,Heavy rain falling onto already saturated grounds led to flash flooding. Many roads that had reopened after the previous event were closed again.,Clarendon County dispatch reports that several roads that had flooded in the previous rain event and reopened had to be closed again this evening due to recent rain and runoff in the Manning and Alcolu areas.
SOUTH CAROLINA,45,2015,Flash Flood,0,0,0,0,100.00K,33.6938,-80.2038,Heavy rain falling onto already saturated grounds led to flash flooding. Many roads that had reopened after the previous event were closed again.,Clarendon County Sheriff's Office reported passed along a public report of roadway flooding on Greeleyville HWY between the county jail and Bloomville Road.
SOUTH CAROLINA,45,2015,Flash Flood,0,0,0,0,500.00K,33.9749,-81.2009,Heavy rain in the Midlands...Pee Dee produced flash flooding in across the area. Numerous dams were breached along with numerous bridge and roadways flooded and damaged.,NWS employee reports US 1 about 1 mile west of I-20 flooded and impassable.
SOUTH CAROLINA,45,2015,Thunderstorm Wind,0,0,0,0,3.00K,33.19,-81.03,Thunderstorms produce large hail and damaging winds across portions of the Midlands.  One storm severely damaged a few barns at a turkey farm in Fairfield County.,Dispatch reported trees down in the area of Clear Pond Road and Hwy 601.
SOUTH CAROLINA,45,2015,Flash Flood,0,0,0,0,2.00K,34.25,-81.78,Heavy rains produced around 2 to 5 inches of rain over portions of the Midlands causing flash flooding that closed many roads and washouts on several country roads.,Dispatch reported flash flooding closing the intersection of Island Ford Road and Sandy Creek Road.  Several streams were out of their banks flooding areas along side several other roads.
SOUTH CAROLINA,45,2015,Flash Flood,0,0,0,0,2.00K,34.03,-81.89,Heavy rains produced around 2 to 5 inches of rain over portions of the Midlands causing flash flooding that closed many roads and washouts on several country roads.,Dispatch reported flash flooding on Fruithill Road near Hwy 178 and along other rural roads in that area.
SOUTH CAROLINA,45,2015,Flash Flood,0,0,0,0,2.00K,33.99,-81.03,Heavy rains produced around 2 to 5 inches of rain over portions of the Midlands causing flash flooding that closed many roads and washouts on several country roads.,USGS Webcam showed flash flooding at Main and Whaley streets with about 1 to 2 feet of water closing the area.
SOUTH CAROLINA,45,2015,Flash Flood,0,0,0,0,2.00K,33.92,-81.39,Heavy rains produced around 2 to 5 inches of rain over portions of the Midlands causing flash flooding that closed many roads and washouts on several country roads.,Dispatch reported flash flooding around Gilbert closing several roads.
SOUTH CAROLINA,45,2015,Flash Flood,0,0,0,0,2.00K,33.95,-81.33,Heavy rains produced around 2 to 5 inches of rain over portions of the Midlands causing flash flooding that closed many roads and washouts on several country roads.,Highway Patrol reported flash flooding at the intersectionn of Calks Ferry and Fox Branch road closing the intersection.  Other roads in the area were also flooded.
SOUTH CAROLINA,45,2015,Flash Flood,0,0,0,0,2.00K,33.96,-81.2,Heavy rains produced around 2 to 5 inches of rain over portions of the Midlands causing flash flooding that closed many roads and washouts on several country roads.,Highway Patrol reported flash flooding at the intersection of Emanuel Church Road and Two Notch Road closing the area.  Other roads were also flooded.
SOUTH CAROLINA,45,2015,Flash Flood,0,0,0,0,3.00K,34,-81.03,Heavy rains produced around 2 to 5 inches of rain over portions of the Midlands causing flash flooding that closed many roads and washouts on several country roads.,Highway Patrol reported flooding at the John C. Calhoun building near the State House with water getting in through the doors.
SOUTH CAROLINA,45,2015,Flash Flood,0,0,0,0,2.00K,34,-81.03,Heavy rains produced around 2 to 5 inches of rain over portions of the Midlands causing flash flooding that closed many roads and washouts on several country roads.,Broadcast media reported several roads flooded and closed in downtown Columbia.
SOUTH CAROLINA,45,2015,Flash Flood,0,0,0,0,2.00K,33.96,-81.11,Heavy rains produced around 2 to 5 inches of rain over portions of the Midlands causing flash flooding that closed many roads and washouts on several country roads.,Highway Patrol reported multiple roads flooded and impassible in Springdale.
SOUTH CAROLINA,45,2015,Flash Flood,0,0,0,0,2.00K,33.96,-81.08,Heavy rains produced around 2 to 5 inches of rain over portions of the Midlands causing flash flooding that closed many roads and washouts on several country roads.,Highway Patrol reported flash flooding along Charleston Highway in Cayce.
SOUTH CAROLINA,45,2015,Hail,0,0,0,0,0.00K,33.59,-81.83,Thunderstorms over the CSRA and Pee Dee regions produced strong winds that took down trees and powerlines and also some large hail.,Public reported quarter size hail via social media.
SOUTH CAROLINA,45,2015,Lightning,0,0,0,0,78.00K,33.38,-81.85,Thunderstorms over the CSRA and Pee Dee regions produced strong winds that took down trees and powerlines and also some large hail.,Aiken County Sheriff reoprted a home on Virginia Hill Court caught fire due to a lightning strike.
SOUTH CAROLINA,45,2015,Hail,0,0,0,0,0.00K,34.5,-80.09,Thunderstorms over the CSRA and Pee Dee regions produced strong winds that took down trees and powerlines and also some large hail.,Public reported quarter size hail near Hawkins Road.
SOUTH CAROLINA,45,2015,Thunderstorm Wind,0,0,0,0,8.00K,33.82,-80.04,An isolated severe thunderstorms took down some trees in Clarendon County.,Dispatch reported trees and powerlines down on Walker Gamber Road near Laurel Drive.
SOUTH CAROLINA,45,2015,Hail,0,0,0,0,0.00K,34.27,-81.08,Scattered thunderstorms developed over the Midlands and some produced large hail and wind damage to trees.,Public reported nickel to quarter size hail from Little Cedar Creek Road to Cowhorn Road.
SOUTH CAROLINA,45,2015,Hail,0,0,0,0,0.00K,34.58,-80.85,Scattered thunderstorms developed over the Midlands and some produced large hail and wind damage to trees.,Public reported quarter size hail along Cedar Creek Road.
SOUTH CAROLINA,45,2015,Thunderstorm Wind,0,0,0,0,2.00K,33.97,-81.16,Scattered thunderstorms developed over the Midlands and some produced large hail and wind damage to trees.,SC Highway Patrol reported several trees down on Bradley Drive south of US 1.
SOUTH CAROLINA,45,2015,Thunderstorm Wind,0,0,0,0,0.00K,34.2,-80.69,Scattered thunderstorms developed over the Midlands and some produced large hail and wind damage to trees.,Public reported large limbs down and nickel size hail covering the ground near Lugoff.
SOUTH CAROLINA,45,2015,Thunderstorm Wind,2,0,0,0,0.00K,34.53,-80.96,Scattered thunderstorms developed over the Midlands and some produced large hail and wind damage to trees.,DOT reported several trees down in Mitford along Hwy 200.
SOUTH CAROLINA,45,2015,Thunderstorm Wind,0,0,0,0,2.00K,33.4753,-80.9006,"An isolated severe thunderstorms took down some trees in Edisto Park in Orangeburg.  Meanwhile, heavy rains produced flash flooding in downtown Columbia.",EM reported several trees down in Edisto from thunderstorm winds.
SOUTH CAROLINA,45,2015,Flash Flood,0,0,0,0,1.00K,34,-81.02,"An isolated severe thunderstorms took down some trees in Edisto Park in Orangeburg.  Meanwhile, heavy rains produced flash flooding in downtown Columbia.",City police reported flash flooding at Main and Whaley streets.  Water levels rose to 1-2 feet above the road.
SOUTH CAROLINA,45,2015,Hail,0,0,0,0,18.00K,35.03,-80.87,Thunderstorms produce large hail and damaging winds across portions of the Midlands.  One storm severely damaged a few barns at a turkey farm in Fairfield County.,Police Officer reported golf ball size hail with trees and powerlines down on Harrisburg Road.
SOUTH CAROLINA,45,2015,Hail,0,0,0,0,NA,34.53,-80.95,Thunderstorms produce large hail and damaging winds across portions of the Midlands.  One storm severely damaged a few barns at a turkey farm in Fairfield County.,Gas station attendant near SR 200 and US 21 said a customer reported golf ball size hail near Mitford.
SOUTH CAROLINA,45,2015,Thunderstorm Wind,0,0,0,0,3.00K,33.61,-81.09,Thunderstorms produce large hail and damaging winds across portions of the Midlands.  One storm severely damaged a few barns at a turkey farm in Fairfield County.,SKYWARN spotter reported trees down in north and had a measured wind gust of 55mph.
SOUTH CAROLINA,45,2015,Thunderstorm Wind,0,0,0,0,4.00K,33.57,-81.82,Thunderstorms produce large hail and damaging winds across portions of the Midlands.  One storm severely damaged a few barns at a turkey farm in Fairfield County.,Sheriff reported powerlines down on Ascauga Lake Road in Graniteville.
SOUTH CAROLINA,45,2015,Thunderstorm Wind,0,0,0,0,4.00K,33.9,-81.51,Thunderstorms produce large hail and damaging winds across portions of the Midlands.  One storm severely damaged a few barns at a turkey farm in Fairfield County.,Batesburg-Leesville police reported trees down on Sussex Road and Lee Street.
SOUTH CAROLINA,45,2015,Thunderstorm Wind,0,0,0,0,4.00K,34.3,-81.22,Thunderstorms produce large hail and damaging winds across portions of the Midlands.  One storm severely damaged a few barns at a turkey farm in Fairfield County.,Sheriff reported trees down on Landis and Kennedy Roads.
SOUTH CAROLINA,45,2015,Thunderstorm Wind,0,0,0,0,8.00K,33.8,-80.17,Severe storms took down trees and powerlines across the lower and eastern Midlands.  Some areas also received 1 inch hail. Damage occurred to a few out buildings between Cameron and Elloree.,Sheriff reported trees and powerlines down just Northeast of Alcolu.
SOUTH CAROLINA,45,2015,Thunderstorm Wind,0,0,0,0,2.00K,34.18,-80.25,Severe storms took down trees and powerlines across the lower and eastern Midlands.  Some areas also received 1 inch hail. Damage occurred to a few out buildings between Cameron and Elloree.,Sheriff reported a couple of trees and powerlines down on St. Charles Road South of Bishopville.
SOUTH CAROLINA,45,2015,Thunderstorm Wind,0,0,0,0,12.00K,33.53,-80.58,Severe storms took down trees and powerlines across the lower and eastern Midlands.  Some areas also received 1 inch hail. Damage occurred to a few out buildings between Cameron and Elloree.,Dispatch reported many trees down in the Elloree area including Hampton Road.
SOUTH CAROLINA,45,2015,Thunderstorm Wind,0,0,0,0,3.00K,33.97,-81.65,A couple of severe storms took down trees in areas of Saluda County and western Lexington County.,Highway Patrol reported trees down on U.S. 178 near Sardis Road.
SOUTH CAROLINA,45,2015,Thunderstorm Wind,0,0,0,0,2.00K,34,-81.6,A couple of severe storms took down trees in areas of Saluda County and western Lexington County.,Dispatch reported trees down on Spann Road.
SOUTH CAROLINA,45,2015,Thunderstorm Wind,0,0,0,0,3.00K,33.97,-81.56,A couple of severe storms took down trees in areas of Saluda County and western Lexington County.,Dispatch reported trees down on West Creek Road.
SOUTH CAROLINA,45,2015,Thunderstorm Wind,0,0,0,0,4.00K,34.05,-81.09,An isolated severe thunderstorm in northeast Lexington and northern Richland counties produced large hail and wind damage.,Sheriff reported trees down along Nunmaker Drive between Kathleen Drive and Chandler Avenue.
SOUTH CAROLINA,45,2015,Hail,0,0,0,0,0.00K,33.51,-81.36,Severe storms took down trees and powerlines across the lower and eastern Midlands.  Some areas also received 1 inch hail. Damage occurred to a few out buildings between Cameron and Elloree.,Pbulic reported quarter size hail on Hwy 4 west of Springfield.
SOUTH CAROLINA,45,2015,Hail,0,0,0,0,0.00K,33.51,-81.36,Severe storms took down trees and powerlines across the lower and eastern Midlands.  Some areas also received 1 inch hail. Damage occurred to a few out buildings between Cameron and Elloree.,Public reported quarter size hail on Hwy 4 west of Springfield.
SOUTH CAROLINA,45,2015,Hail,0,0,0,0,0.00K,34.57,-79.88,Severe storms took down trees and powerlines across the lower and eastern Midlands.  Some areas also received 1 inch hail. Damage occurred to a few out buildings between Cameron and Elloree.,Public reported nickel to quarter size hail on Camp Coker Road near Hwy 52.
SOUTH CAROLINA,45,2015,Thunderstorm Wind,0,0,0,0,8.00K,34.5,-80.25,Severe storms took down trees and powerlines across the lower and eastern Midlands.  Some areas also received 1 inch hail. Damage occurred to a few out buildings between Cameron and Elloree.,Public reported a metal roof blown off a green house along with some structural damage.
SOUTH CAROLINA,45,2015,Thunderstorm Wind,0,0,0,0,24.00K,33.5626,-80.7166,Severe storms took down trees and powerlines across the lower and eastern Midlands.  Some areas also received 1 inch hail. Damage occurred to a few out buildings between Cameron and Elloree.,EM's reported many trees down along with powerlines between Cameron and Elloree. Structural damage also occurred to several out buildings.
SOUTH CAROLINA,45,2015,Thunderstorm Wind,0,0,0,0,6.00K,33.57,-80.69,Severe storms took down trees and powerlines across the lower and eastern Midlands.  Some areas also received 1 inch hail. Damage occurred to a few out buildings between Cameron and Elloree.,Highway Patrol reported trees down on Winding Brook Drive.
SOUTH CAROLINA,45,2015,Thunderstorm Wind,0,0,0,0,0.50K,34.09,-80.57,Severe storms took down trees and powerlines across the lower and eastern Midlands.  Some areas also received 1 inch hail. Damage occurred to a few out buildings between Cameron and Elloree.,Highway Patrol reported a tree down on SC 261 near the Wateree Prison.
SOUTH CAROLINA,45,2015,Thunderstorm Wind,0,0,0,0,2.00K,33.97,-80.36,Severe storms took down trees and powerlines across the lower and eastern Midlands.  Some areas also received 1 inch hail. Damage occurred to a few out buildings between Cameron and Elloree.,Sheriff reported a few trees down in Cyprus Park.
SOUTH CAROLINA,45,2015,Thunderstorm Wind,0,0,0,0,3.00K,33.97,-81.03,Thunderstorms moved through the NWS Columbia forecast area taking down trees and powerlines. Some large hail also was reported.  Some trees fell on homes and vehicles.,Highway Patrol reported trees down at the intersection of Quarry Street and Granby Lane.
SOUTH CAROLINA,45,2015,Thunderstorm Wind,0,0,0,0,18.00K,33.97,-80.92,Thunderstorms moved through the NWS Columbia forecast area taking down trees and powerlines. Some large hail also was reported.  Some trees fell on homes and vehicles.,Highway Patrol reported trees and powerlinies down throughout central Richland County in the Garners Ferry Road area.
SOUTH CAROLINA,45,2015,Thunderstorm Wind,0,0,0,0,0.50K,33.55,-80.93,Thunderstorms moved through the NWS Columbia forecast area taking down trees and powerlines. Some large hail also was reported.  Some trees fell on homes and vehicles.,Public reported a tree down across North Road at the intersection of Shillings Bridge Road.
SOUTH CAROLINA,45,2015,Thunderstorm Wind,0,0,0,0,10.00K,33.88,-80.4,Thunderstorms moved through the NWS Columbia forecast area taking down trees and powerlines. Some large hail also was reported.  Some trees fell on homes and vehicles.,Highway Patrol reported trees down throughout Sumter County.
SOUTH CAROLINA,45,2015,Thunderstorm Wind,0,0,0,0,18.00K,34.26,-80.15,Thunderstorms moved through the NWS Columbia forecast area taking down trees and powerlines. Some large hail also was reported.  Some trees fell on homes and vehicles.,Dispatch reported trees and powerlines down countywide.
SOUTH CAROLINA,45,2015,Thunderstorm Wind,0,0,0,0,4.00K,34.12,-80.51,Thunderstorms moved through the NWS Columbia forecast area taking down trees and powerlines. Some large hail also was reported.  Some trees fell on homes and vehicles.,Public reported trees down on McCleod and Pisgah Roads.
SOUTH CAROLINA,45,2015,Thunderstorm Wind,0,0,0,0,2.00K,33.51,-80.41,A line of thunderstorms moved through the Midlands and produced wind damage and hail. Most of the wind damage was to trees and powerlines. One woman also died from injuries sustained from a lightning strike at Columbia Metropolitan Airport while she deplaned.,Highway Patrol reports trees down on Dingle Pond Road.
SOUTH CAROLINA,45,2015,Lightning,0,0,1,0,0.00K,33.93,-81.12,A line of thunderstorms moved through the Midlands and produced wind damage and hail. Most of the wind damage was to trees and powerlines. One woman also died from injuries sustained from a lightning strike at Columbia Metropolitan Airport while she deplaned.,Social media reported a woman was struck by lightning as she deplaned onto the tarmac to walk into the terminal at Columbia Metropolitan Airport. She eventually died from her injuries August 5.
SOUTH CAROLINA,45,2015,Flash Flood,0,0,0,0,120.00K,33.99,-81.03,Heavy rains produced around 2 to 5 inches of rain over portions of the Midlands causing flash flooding that closed many roads and washouts on several country roads.,USGS river guage at Rocky Branch Creek measured 11.3 feet with 2 to 4 feet of water flooding the area around Main and Whaley Streets and also in Five Points near the Walgreens. Water also got into several homes and apartments causing damage to the lower levels.
SOUTH CAROLINA,45,2015,Thunderstorm Wind,0,0,0,0,14.00K,33.52,-81.37,Severe storms took down trees and powerlines across the lower and eastern Midlands.  Some areas also received 1 inch hail. Damage occurred to a few out buildings between Cameron and Elloree.,Aiken Power COOP reported trees and powerlines down on Surrey Race Road with outages.
SOUTH CAROLINA,45,2015,Thunderstorm Wind,0,0,0,0,3.00K,34.55,-80.51,Severe storms took down trees and powerlines across the lower and eastern Midlands.  Some areas also received 1 inch hail. Damage occurred to a few out buildings between Cameron and Elloree.,Kershaw County DOT reported trees down on Jones Road.
SOUTH CAROLINA,45,2015,Thunderstorm Wind,0,0,0,0,12.00K,33.41,-81.44,Severe storms took down trees and powerlines across the lower and eastern Midlands.  Some areas also received 1 inch hail. Damage occurred to a few out buildings between Cameron and Elloree.,Williston City Police had multiple reports of trees and powerlines down including Janet Street.  Dime size hail also occurred.
SOUTH CAROLINA,45,2015,Thunderstorm Wind,0,0,0,0,8.00K,33.78,-80.99,Severe storms took down trees and powerlines across the lower and eastern Midlands.  Some areas also received 1 inch hail. Damage occurred to a few out buildings between Cameron and Elloree.,Sheriff reported trees down in the Sandy Run area including Valley Ridge Road.
SOUTH CAROLINA,45,2015,Thunderstorm Wind,0,0,0,0,4.00K,33.95,-80.92,Severe storms took down trees and powerlines across the lower and eastern Midlands.  Some areas also received 1 inch hail. Damage occurred to a few out buildings between Cameron and Elloree.,Highway Patrol reported trees down at Universal Drive and Garners Ferry.
SOUTH CAROLINA,45,2015,Thunderstorm Wind,0,0,0,0,2.00K,33.95,-80.62,Thunderstorms produce large hail and damaging winds across portions of the Midlands.  One storm severely damaged a few barns at a turkey farm in Fairfield County.,Highway Patrol reported trees down on US 76 near the Richland County line.
SOUTH CAROLINA,45,2015,Thunderstorm Wind,0,0,0,0,4.00K,33.04,-81.08,Thunderstorms produce large hail and damaging winds across portions of the Midlands.  One storm severely damaged a few barns at a turkey farm in Fairfield County.,The Highway Patrol reported trees down along HWY 641 and Sycamore Drive.
SOUTH CAROLINA,45,2015,Thunderstorm Wind,0,0,0,0,1.00K,34.24,-81.37,Thunderstorms produce large hail and damaging winds across portions of the Midlands.  One storm severely damaged a few barns at a turkey farm in Fairfield County.,Sheriff reported two trees down near Peak.
SOUTH CAROLINA,45,2015,Thunderstorm Wind,0,0,0,0,6.00K,33.94,-80.32,Thunderstorms produce large hail and damaging winds across portions of the Midlands.  One storm severely damaged a few barns at a turkey farm in Fairfield County.,Highway Patrol reported trees down on Oswego Highway and Pike Road at Hwy 76.
SOUTH CAROLINA,45,2015,Thunderstorm Wind,0,0,0,0,4.00K,34.24,-81.37,Thunderstorms produce large hail and damaging winds across portions of the Midlands.  One storm severely damaged a few barns at a turkey farm in Fairfield County.,Sheriff reported trees down on Hwy 213 and US 176 near Pomeria.
SOUTH CAROLINA,45,2015,Hail,0,0,0,0,0.00K,33.5599,-81.8252,Thunderstorms produce large hail and damaging winds across portions of the Midlands.  One storm severely damaged a few barns at a turkey farm in Fairfield County.,Public reported nickel size hail on Southern View Road southwest of Graniteville.
SOUTH CAROLINA,45,2015,Hail,0,0,0,0,0.00K,33.5586,-81.8249,Thunderstorms produce large hail and damaging winds across portions of the Midlands.  One storm severely damaged a few barns at a turkey farm in Fairfield County.,Public reported nickel to quarter size hail on Hwy 104 southwest of Graniteville.
SOUTH CAROLINA,45,2015,Hail,0,0,0,0,0.00K,33.6946,-81.3003,Thunderstorms produce large hail and damaging winds across portions of the Midlands.  One storm severely damaged a few barns at a turkey farm in Fairfield County.,Public reported nickel to quarter size hail on SC 664 northeast of Wagener.
SOUTH CAROLINA,45,2015,Thunderstorm Wind,0,0,0,0,3.00K,33.54,-80.58,Severe storms took down trees and powerlines across the lower and eastern Midlands.  Some areas also received 1 inch hail. Damage occurred to a few out buildings between Cameron and Elloree.,Highway Patrol reported powerlines down on Hwy 6 near Hwy 267.
SOUTH CAROLINA,45,2015,Thunderstorm Wind,0,0,0,0,14.00K,33.62,-80.62,Severe storms took down trees and powerlines across the lower and eastern Midlands.  Some areas also received 1 inch hail. Damage occurred to a few out buildings between Cameron and Elloree.,EM reported multiple trees and utility poles down in Lonestar.
SOUTH CAROLINA,45,2015,Thunderstorm Wind,0,0,0,0,14.00K,33.57,-80.72,Severe storms took down trees and powerlines across the lower and eastern Midlands.  Some areas also received 1 inch hail. Damage occurred to a few out buildings between Cameron and Elloree.,EM reported multiple trees and utility poles and lines down in Cameron.
SOUTH CAROLINA,45,2015,Thunderstorm Wind,0,0,0,0,18.00K,34.67,-80.72,Severe storms took down trees and powerlines across the lower and eastern Midlands.  Some areas also received 1 inch hail. Damage occurred to a few out buildings between Cameron and Elloree.,EM reported many trees and powerlines down from Elgin to East Doc Garris Road...3500 residents without power.
SOUTH CAROLINA,45,2015,Thunderstorm Wind,0,0,0,0,2.00K,34.5691,-80.2205,An severe thunderstorm in Chesterfield County took down some trees northeast of McBee.,Forestry service reported trees down along Refuge Visitor Drive.
SOUTH CAROLINA,45,2015,Hail,0,0,0,0,NA,33.76,-81.55,Scattered thunderstorms produced large hail and wind damage across the Midlands. Some structural damage occurred to homes and other structures.,SKYWARN spotter reported 1.5 TO 1.75 inch hail on Uncle Duck Road.
SOUTH CAROLINA,45,2015,Hail,0,0,0,0,NA,34.13,-80.35,Scattered thunderstorms produced large hail and wind damage across the Midlands. Some structural damage occurred to homes and other structures.,Public reported quarter size hail and estimated winds of 60 to 70 mph on Hwy 441.
SOUTH CAROLINA,45,2015,Thunderstorm Wind,0,0,0,0,3.00K,33.49,-80.86,Scattered thunderstorms produced large hail and wind damage across the Midlands. Some structural damage occurred to homes and other structures.,Highway Patrol reported trees down on U.S. 301 at U.S 21 in Orangeburg.
SOUTH CAROLINA,45,2015,Thunderstorm Wind,0,0,0,0,3.00K,33.62,-81.1,Scattered thunderstorms produced large hail and wind damage across the Midlands. Some structural damage occurred to homes and other structures.,SKYWARN spotter reported trees down in North and a measured wind gust of 55mph.
SOUTH CAROLINA,45,2015,Thunderstorm Wind,0,0,0,0,0.00K,34.09,-81.19,A line of thunderstorms moved through the Midlands and produced wind damage and hail. Most of the wind damage was to trees and powerlines. One woman also died from injuries sustained from a lightning strike at Columbia Metropolitan Airport while she deplaned.,NWS employee reported a tree down just north of Lake Murray Blvd along with pea size hail.
SOUTH CAROLINA,45,2015,Thunderstorm Wind,0,0,0,0,0.00K,33.7012,-81.2727,Thunderstorms produce large hail and damaging winds across portions of the Midlands.  One storm severely damaged a few barns at a turkey farm in Fairfield County.,Public reported large branches down on Charles Town Road.
SOUTH CAROLINA,45,2015,Hail,0,0,0,0,0.00K,34.4742,-81.6734,Thunderstorms produce large hail and damaging winds across portions of the Midlands.  One storm severely damaged a few barns at a turkey farm in Fairfield County.,Public reported nickel to quarter size hail on Little North Carolina Road near Hwy 66.
SOUTH CAROLINA,45,2015,Thunderstorm Wind,0,0,0,0,3.00K,34.02,-81.32,A line of thunderstorms moved through the Midlands and produced wind damage and hail. Most of the wind damage was to trees and powerlines. One woman also died from injuries sustained from a lightning strike at Columbia Metropolitan Airport while she deplaned.,Highway Patrol reported trees down near the intersection of Beechcreek Road and Cherokee Road.
SOUTH CAROLINA,45,2015,Thunderstorm Wind,0,0,0,0,0.00K,34.3551,-81.6001,Thunderstorms produce large hail and damaging winds across portions of the Midlands.  One storm severely damaged a few barns at a turkey farm in Fairfield County.,Farmer reported part of his cornfield was flatted by a microburst.
SOUTH CAROLINA,45,2015,Hail,0,0,0,0,0.00K,34.34,-80.68,A severe thunderstorm over northeast Richland and western Kershaw county produced some large hail and wind damage.,Public reported dime size hail near SC Hwy 97.
SOUTH CAROLINA,45,2015,Thunderstorm Wind,0,0,0,0,0.50K,34.35,-80.69,A severe thunderstorm over northeast Richland and western Kershaw county produced some large hail and wind damage.,DOT reported a tree down near Flint Hill Road and SR 97.
SOUTH CAROLINA,45,2015,Thunderstorm Wind,0,0,0,0,14.00K,34.37,-80.71,A severe thunderstorm over northeast Richland and western Kershaw county produced some large hail and wind damage.,"Lynches River Electric COOP reported trees and powerlines down on Lystra Road, Kiowa Trail, and Kanawha Trail."
SOUTH CAROLINA,45,2015,Hail,0,0,0,0,NA,33.104,-81.1502,A severe thunderstorm over northeast Richland and western Kershaw county produced some large hail and wind damage.,Public reported quarter to half dollar size hail and large limbs down along Rivers Bridge Road east of Hwy 301.
SOUTH CAROLINA,45,2015,Thunderstorm Wind,0,0,0,0,12.00K,34.65,-80.77,A line of thunderstorms moved through the Midlands and produced wind damage and hail. Most of the wind damage was to trees and powerlines. One woman also died from injuries sustained from a lightning strike at Columbia Metropolitan Airport while she deplaned.,Emergency Manager reported trees and powerlines down.
SOUTH CAROLINA,45,2015,Thunderstorm Wind,0,0,0,0,2.00K,34.04,-81.06,A line of thunderstorms moved through the Midlands and produced wind damage and hail. Most of the wind damage was to trees and powerlines. One woman also died from injuries sustained from a lightning strike at Columbia Metropolitan Airport while she deplaned.,Highway Patrol reported trees down near Clement Road at Mountain Drive.
SOUTH CAROLINA,45,2015,Thunderstorm Wind,0,0,0,0,2.00K,33.97,-81.11,A line of thunderstorms moved through the Midlands and produced wind damage and hail. Most of the wind damage was to trees and powerlines. One woman also died from injuries sustained from a lightning strike at Columbia Metropolitan Airport while she deplaned.,Highway Patrol reported trees down on Rainblow Drive near Wilton Road.
SOUTH CAROLINA,45,2015,Thunderstorm Wind,0,0,0,0,2.00K,33.97,-80.4,A line of thunderstorms moved through the Midlands and produced wind damage and hail. Most of the wind damage was to trees and powerlines. One woman also died from injuries sustained from a lightning strike at Columbia Metropolitan Airport while she deplaned.,Sheriff reported trees down on Hwy 521 at Mason Road.
SOUTH CAROLINA,45,2015,Thunderstorm Wind,0,0,0,0,2.00K,33.6,-80.65,A line of thunderstorms moved through the Midlands and produced wind damage and hail. Most of the wind damage was to trees and powerlines. One woman also died from injuries sustained from a lightning strike at Columbia Metropolitan Airport while she deplaned.,Highway Patrol reported trees down on Hwy 6 near Hwy 33.
SOUTH CAROLINA,45,2015,Thunderstorm Wind,0,0,0,0,48.00K,33.91,-80.32,A line of thunderstorms moved through the Midlands and produced wind damage and hail. Most of the wind damage was to trees and powerlines. One woman also died from injuries sustained from a lightning strike at Columbia Metropolitan Airport while she deplaned.,Dispatcfh reports multiple trees down on vehicles on Plowden Mill Road.
SOUTH CAROLINA,45,2015,Thunderstorm Wind,0,0,0,0,2.00K,33.65,-80.6,A line of thunderstorms moved through the Midlands and produced wind damage and hail. Most of the wind damage was to trees and powerlines. One woman also died from injuries sustained from a lightning strike at Columbia Metropolitan Airport while she deplaned.,Public reports a couple of trees down on Hwy 267 just north of Lonestar.
SOUTH CAROLINA,45,2015,Thunderstorm Wind,0,0,0,0,3.00K,33.91,-81.37,Scattered thunderstorms produced large hail and wind damage across the Midlands. Some structural damage occurred to homes and other structures.,DOT reported trees down along Juniper Spring Road near Two Notch Road. Large limbs were also down in Gilbert.
SOUTH CAROLINA,45,2015,Thunderstorm Wind,0,0,0,0,2.00K,33.63,-81.03,Scattered thunderstorms produced large hail and wind damage across the Midlands. Some structural damage occurred to homes and other structures.,Highway Patrol reported trees down on Bull Swamp Road and Ireland Drive northeast of the town of North.
SOUTH CAROLINA,45,2015,Thunderstorm Wind,0,0,0,0,3.00K,33.81,-81.12,Scattered thunderstorms produced large hail and wind damage across the Midlands. Some structural damage occurred to homes and other structures.,Sheriff reported several trees down at Blackville Road and Meadowfield Road.
SOUTH CAROLINA,45,2015,Thunderstorm Wind,0,0,0,0,2.00K,33.2,-80.79,Scattered thunderstorms produced large hail and wind damage across the Midlands. Some structural damage occurred to homes and other structures.,Public reported trees down and estimated winds of around 60mph. They also had .80 inches of rain.
SOUTH CAROLINA,45,2015,Thunderstorm Wind,0,0,0,0,0.00K,33.17,-81.61,Scattered thunderstorms produced large hail and wind damage across the Midlands. Some structural damage occurred to homes and other structures.,Savannah River Site reported a wind gust of 58mph.
SOUTH CAROLINA,45,2015,Thunderstorm Wind,0,0,0,0,30.00K,34.19,-80.38,Scattered thunderstorms produced large hail and wind damage across the Midlands. Some structural damage occurred to homes and other structures.,Public reported shingles blown off a roof and two porches with roofs blown off along Jamestown Road.
SOUTH CAROLINA,45,2015,Thunderstorm Wind,0,0,0,0,3.00K,33.6,-80.57,A line of thunderstorms moved through the Midlands and produced wind damage and hail. Most of the wind damage was to trees and powerlines. One woman also died from injuries sustained from a lightning strike at Columbia Metropolitan Airport while she deplaned.,Highway Patrol reports trees down at 3 Bridges Road and McCords Ferry Road.
SOUTH CAROLINA,45,2015,Thunderstorm Wind,0,0,0,0,4.00K,34.12,-80.35,Scattered thunderstorms produced large hail and wind damage across the Midlands. Some structural damage occurred to homes and other structures.,Public reported winds estimated from 60 to 70mph.  The strong winds blew lawn furniture and other backyard objects into the woods behind the house.
SOUTH CAROLINA,45,2015,Hail,0,0,0,0,0.00K,34.04,-81.09,An isolated severe thunderstorm in northeast Lexington and northern Richland counties produced large hail and wind damage.,Multiple reports of nickel to quarter size hail near I-20 and Broad River Road.
SOUTH CAROLINA,45,2015,Thunderstorm Wind,0,0,0,0,3.00K,34.13,-80.94,An isolated severe thunderstorm in northeast Lexington and northern Richland counties produced large hail and wind damage.,Highway Patrol reported trees down at Majestic Drive aqnd North Brickyard Road.
SOUTH CAROLINA,45,2015,Hail,0,0,0,0,0.00K,33.6,-81.84,Thunderstorms moved through the NWS Columbia forecast area taking down trees and powerlines. Some large hail also was reported.  Some trees fell on homes and vehicles.,Public reported dime to penny size hail.
SOUTH CAROLINA,45,2015,Heavy Rain,0,0,0,0,0.00K,33.53,-81.7,Thunderstorms moved through the NWS Columbia forecast area taking down trees and powerlines. Some large hail also was reported.  Some trees fell on homes and vehicles.,Trained spotter reported 2.25 inches of rain in a half hour along with wind gusts of 35 to 40mph.
SOUTH CAROLINA,45,2015,Thunderstorm Wind,0,0,0,0,4.00K,33.91,-81.15,A line of thunderstorms moved through the Midlands and produced wind damage and hail. Most of the wind damage was to trees and powerlines. One woman also died from injuries sustained from a lightning strike at Columbia Metropolitan Airport while she deplaned.,Highway Patrol reported trees down on Ramblin Road and Elnora Drive.
SOUTH CAROLINA,45,2015,Thunderstorm Wind,0,0,0,0,0.00K,33.25,-81.65,A line of thunderstorms moved through the Midlands and produced wind damage and hail. Most of the wind damage was to trees and powerlines. One woman also died from injuries sustained from a lightning strike at Columbia Metropolitan Airport while she deplaned.,Savannah River Site wind tower at N area measured a peak wind gust of 60mph in the 15 minute period ending at 6:15pm. The tower is 200 feet off the ground.
SOUTH CAROLINA,45,2015,Thunderstorm Wind,0,0,0,0,2.00K,33.99,-81.27,A line of thunderstorms moved through the Midlands and produced wind damage and hail. Most of the wind damage was to trees and powerlines. One woman also died from injuries sustained from a lightning strike at Columbia Metropolitan Airport while she deplaned.,Highway Patrol reported trees down at the intersection of US 378 and Woodvine Drive.
SOUTH CAROLINA,45,2015,Hail,0,0,0,0,0.00K,33.53,-81.24,Thunderstorms moved through the NWS Columbia forecast area taking down trees and powerlines. Some large hail also was reported.  Some trees fell on homes and vehicles.,Public reported 1 inch hail 3 miles northeast of Springfield.
SOUTH CAROLINA,45,2015,Thunderstorm Wind,0,0,0,0,2.00K,33.92,-81.29,Thunderstorms moved through the NWS Columbia forecast area taking down trees and powerlines. Some large hail also was reported.  Some trees fell on homes and vehicles.,Sheriff reported trees down along Longs Point Road at the intersection of I-20.
SOUTH CAROLINA,45,2015,Thunderstorm Wind,0,0,0,0,2.00K,33.98,-81.13,Thunderstorms moved through the NWS Columbia forecast area taking down trees and powerlines. Some large hail also was reported.  Some trees fell on homes and vehicles.,Sheriff reported trees down on Woodberry Road at the US 1 intersection.
SOUTH CAROLINA,45,2015,Thunderstorm Wind,0,0,0,0,3.00K,34.04,-80.97,Thunderstorms moved through the NWS Columbia forecast area taking down trees and powerlines. Some large hail also was reported.  Some trees fell on homes and vehicles.,Highway Patrol reported trees down along Briarfield Road.
SOUTH CAROLINA,45,2015,Thunderstorm Wind,0,0,0,0,0.50K,34.29,-81,Thunderstorms moved through the NWS Columbia forecast area taking down trees and powerlines. Some large hail also was reported.  Some trees fell on homes and vehicles.,Highway Patrol reported a tree down at the Peach Road exit ramp off of I-77 southbound.
SOUTH CAROLINA,45,2015,Thunderstorm Wind,0,0,0,0,3.00K,33.8,-80.96,A line of thunderstorms moved through the Midlands and produced wind damage and hail. Most of the wind damage was to trees and powerlines. One woman also died from injuries sustained from a lightning strike at Columbia Metropolitan Airport while she deplaned.,Dispatch reported trees down on Old State Road near Sandy Run.
SOUTH CAROLINA,45,2015,Thunderstorm Wind,0,0,0,0,0.50K,33.84,-80.72,A line of thunderstorms moved through the Midlands and produced wind damage and hail. Most of the wind damage was to trees and powerlines. One woman also died from injuries sustained from a lightning strike at Columbia Metropolitan Airport while she deplaned.,Sheriff reported a tree across the road at the intersection of Fork Church Road and Bluff Road in Gadsden.
SOUTH CAROLINA,45,2015,Thunderstorm Wind,0,0,0,0,3.00K,34.07,-81.24,A line of thunderstorms moved through the Midlands and produced wind damage and hail. Most of the wind damage was to trees and powerlines. One woman also died from injuries sustained from a lightning strike at Columbia Metropolitan Airport while she deplaned.,Highway Patrol reported trees down near Windward Point and River Road.
SOUTH CAROLINA,45,2015,Thunderstorm Wind,0,0,0,0,3.00K,33.97,-80.97,A line of thunderstorms moved through the Midlands and produced wind damage and hail. Most of the wind damage was to trees and powerlines. One woman also died from injuries sustained from a lightning strike at Columbia Metropolitan Airport while she deplaned.,Sheriff reported trees down in the road at 301 Dean Hall Lane.
SOUTH CAROLINA,45,2015,Hail,0,0,0,0,0.00K,33.42,-81.69,Thunderstorms produce large hail and damaging winds across portions of the Midlands.  One storm severely damaged a few barns at a turkey farm in Fairfield County.,Public reported quarter size hail in New Ellenton.
SOUTH CAROLINA,45,2015,Hail,0,0,0,0,0.00K,34.29,-80.74,A line of thunderstorms moved through the Midlands and produced wind damage and hail. Most of the wind damage was to trees and powerlines. One woman also died from injuries sustained from a lightning strike at Columbia Metropolitan Airport while she deplaned.,SKYWARN spotter reported penny size hail.
SOUTH CAROLINA,45,2015,Hail,0,0,0,0,0.00K,34.29,-80.77,A line of thunderstorms moved through the Midlands and produced wind damage and hail. Most of the wind damage was to trees and powerlines. One woman also died from injuries sustained from a lightning strike at Columbia Metropolitan Airport while she deplaned.,Public reported nickel size hail and 50mph winds.
SOUTH CAROLINA,45,2015,Thunderstorm Wind,0,0,0,0,120.00K,34.4878,-81.2957,Thunderstorms produce large hail and damaging winds across portions of the Midlands.  One storm severely damaged a few barns at a turkey farm in Fairfield County.,EM reported that a turkey farm on Ashford Ferry Road had 3 barns severely damaged.
SOUTH CAROLINA,45,2015,Thunderstorm Wind,0,0,0,0,0.00K,34.21,-80.69,Scattered thunderstorms developed over the Midlands and some produced large hail and wind damage to trees.,Sheriff reported a large limb blocking Medfield Road in Lugoff.
SOUTH CAROLINA,45,2015,Thunderstorm Wind,0,0,0,0,3.00K,33.95,-81.48,A couple of severe storms took down trees in areas of Saluda County and western Lexington County.,Highway Patrol reported trees down at Dog Leg Road and Tom Addy Road in Leesville.
SOUTH CAROLINA,45,2015,Thunderstorm Wind,0,0,0,0,3.00K,33.95,-81.1,Thunderstorms moved through the NWS Columbia forecast area taking down trees and powerlines. Some large hail also was reported.  Some trees fell on homes and vehicles.,Highway Patrol reported trees down at the intersection of Kitty Hawk Drive and Durham Drive. One tree fell on a home and another on a couple of vehicles.
SOUTH CAROLINA,45,2015,Hail,0,0,0,0,0.00K,33.46,-80.68,Some isolated severe storms took down trees and produced some hail along I-26 and other areas in Calhoun and Orangeburg counties.,SKYWARN spotter reported .75 inch hail.
SOUTH CAROLINA,45,2015,Hail,0,0,0,0,0.00K,33.54,-80.69,Some isolated severe storms took down trees and produced some hail along I-26 and other areas in Calhoun and Orangeburg counties.,SKYWARN spotter reported 1 inch hail.
SOUTH CAROLINA,45,2015,Thunderstorm Wind,0,0,0,0,1.00K,33.46,-80.68,Some isolated severe storms took down trees and produced some hail along I-26 and other areas in Calhoun and Orangeburg counties.,SKYWARN spotter reported a couple of trees down.
SOUTH CAROLINA,45,2015,Thunderstorm Wind,0,0,0,0,0.00K,34.16,-80.91,An isolated severe thunderstorm in northeast Lexington and northern Richland counties produced large hail and wind damage.,Public reported 60mph wind gust at Lake Carolina.
SOUTH CAROLINA,45,2015,Thunderstorm Wind,0,0,0,0,6.00K,34,-80.35,Thunderstorms produce large hail and damaging winds across portions of the Midlands.  One storm severely damaged a few barns at a turkey farm in Fairfield County.,"Highway Patrol reported trees down on Queen Chapel Road, Ferrell Road, and Brewington Road. Sumter airport measured a wind gust of 48mph."
SOUTH CAROLINA,45,2015,Thunderstorm Wind,0,0,0,0,4.00K,33.74,-80.25,Thunderstorms moved through the NWS Columbia forecast area taking down trees and powerlines. Some large hail also was reported.  Some trees fell on homes and vehicles.,Public reported trees down on Old Georgetown Road blocking traffic.
SOUTH CAROLINA,45,2015,Thunderstorm Wind,0,0,0,0,3.00K,34.5041,-79.9885,Thunderstorms over the CSRA and Pee Dee regions produced strong winds that took down trees and powerlines and also some large hail.,Highway Patrol reported several trees down on Toney Mill Road just past Little Cedar Creek Bridge.
SOUTH CAROLINA,45,2015,Hail,0,0,0,0,0.00K,33.6,-81.36,Thunderstorms over the CSRA and Pee Dee regions produced strong winds that took down trees and powerlines and also some large hail.,SKYWARN spotter reported penny size hail 3 miles northwest of Salley.
SOUTH CAROLINA,45,2015,Thunderstorm Wind,0,0,0,0,0.50K,33.58,-80.69,Some isolated severe storms took down trees and produced some hail along I-26 and other areas in Calhoun and Orangeburg counties.,Highway Patrol reported a tree down on Cameron Road.
SOUTH CAROLINA,45,2015,Thunderstorm Wind,0,0,0,0,2.00K,33.61,-80.35,A line of thunderstorms moved through the Midlands and produced wind damage and hail. Most of the wind damage was to trees and powerlines. One woman also died from injuries sustained from a lightning strike at Columbia Metropolitan Airport while she deplaned.,Sheriff reports trees down on Bingle Pond Road.
